id,name,normalized_name
1,Street,street
2,Car,car
3,Springfield Elementary School,springfield elementary school
4,Auditorium,auditorium
5,Simpson Home,simpson home
6,Kitchen,kitchen
7,Shopping Mall Parking Lot,shopping mall parking lot
8,Springfield Mall,springfield mall
9,The Happy Sailor Tattoo Parlor,the happy sailor tattoo parlor
10,Springfield Nuclear Power Plant,springfield nuclear power plant
11,Plant,plant
12,Dermatology Clinic,dermatology clinic
13,Laboratory,laboratory
14,Circus of Values,circus of values
15,Moe's Tavern,moe tavern
16,Santa School,santa school
17,Santa's Workshop,santa workshop
18,Workshop,workshop
19,Personnel Office,personnel office
20,Springfield Downs Dog Track,springfield downs dog track
21,Springfield Downs,springfield downs
22,Paddock,paddock
23,Springfield Down,springfield down
24,Springfield Downs Parking Lot,springfield downs parking lot
25,Simpson Living Room,simpson living room
26,Springfield Elementary School Playground,springfield elementary school playground
27,Classroom,classroom
28,Skinner's Office,skinner office
29,Homer's Car,homer car
30,New School,new school
31,Opera House,opera house
32,Old School,old school
33,New Classroom,new classroom
34,School Building,school building
35,Simpson Back Porch,simpson back porch
36,Bus,bus
37,Road,road
38,Conference Room,conference room
39,Coffee Room,coffee room
40,Bar,bar
41,Berger's Burgers,berger burgers
42,Refrigerator,refrigerator
43,Bart's Bedroom,bart bedroom
44,Simpson Backyard,simpson backyard
45,Simpson Neighborhood,simpson neighborhood
46,Master Bedroom,master bedroom
47,Living Room,living room
48,Springfield Town Hall,springfield town hall
49,City Council Chambers,city council chambers
50,Park,park
51,Burns's Office,burns office
52,A Bumpy Dirt Road,a bumpy dirt road
53,Burns Manor,burns manor
54,Another Part Of The Road,another part of the road
55,Burns's Back Yard,burns back yard
56,Nursery,nursery
57,Backyard,backyard
58,Dirt Road,dirt road
59,Simpson Dining Room,simpson dining room
60,Neighbor #1'S House,neighbor 1 house
61,Williams' House,williams house
62,Williams Den,williams den
63,Williams' Lawn,williams lawn
64,Another House,another house
65,Pawn Shop,pawn shop
66,Family Therapy Center,family therapy center
67,Dr. Monroe's Office,dr monroe office
68,Dr. Monroe'S Laboratory,dr monroe laboratory
69,Waiting Room,waiting room
70,Street Neighbor #2'S House,street neighbor 2 house
71,School Bus,school bus
72,Near School Entrance,near school entrance
73,Playground,playground
74,Room,room
75,Staircase,staircase
76,Springfield Elementary School Hallway,springfield elementary school hallway
77,Springfield Elementary School Cafeteria,springfield elementary school cafeteria
78,Mortuary,mortuary
79,Springfield Retirement Castle,springfield retirement castle
80,Grampa's Room at Springfield Retirement Castle,grampa room at springfield retirement castle
81,Outside Herman's Military Antiques,outside herman military antiques
82,Herman's Military Antiques,herman military antiques
83,Bart's Class In School,bart class in school
84,Bart's Treehouse,bart treehouse
85,City Park,city park
86,Another Neighborhood Street,another neighborhood street
87,Neighborhood Street,neighborhood street
88,Parading Down Elm Street,parading down elm street
89,Base Of Tree Below Bart's Treehouse,base of tree below bart treehouse
90,Springfield Library,springfield library
91,Simpson Bathroom,simpson bathroom
92,Bathroom,bathroom
93,Den,den
94,Foyer,foyer
95,Music Class,music class
96,Lunchroom,lunchroom
97,Exercise Room,exercise room
98,Lisa's Bedroom,lisa bedroom
99,Bridge,bridge
100,Simpson Master Bedroom,simpson master bedroom
101,Noiseland Arcade,noiseland arcade
102,Marge's Car,marge car
103,Springfield Elementary School Yard,springfield elementary school yard
104,Jazz Hole Nightclub,jazz hole nightclub
105,Simpson Front Yard,simpson front yard
106,Bob's RV Round-Up (Formerly RVs Я Us),bob rv round-up
107,Inside The Ultimate Behemoth,inside the ultimate behemoth
108,Inside Credit Office,inside credit office
109,Back Of The Rv Lot,back of the rv lot
110,Freeway,freeway
111,A Narrow Dirt Road,a narrow dirt road
112,Van,van
113,Overhead Shot Of Van,overhead shot of van
114,Near The Edge Of Cliff,near the edge of cliff
115,Marge and Lisa's Campsite,marge and lisa campsite
116,Deep Woods,deep woods
117,The Girls' Campsite,the girls campsite
118,The Woods,the woods
119,Base Of Waterfall,base of waterfall
120,Bear Cave,bear cave
121,Somewhere In Woods,somewhere in woods
122,Forest,forest
123,A Campground Near The Bear Cave,a campground near the bear cave
124,A Clearing In The Woods,a clearing in the woods
125,The Deep Woods,the deep woods
126,Creek,creek
127,Along The Interstate,along the interstate
128,Outside The Bear Cave,outside the bear cave
129,Science Laboratory,science laboratory
130,Streets,streets
131,First Church of Springfield,first church of springfield
132,Sunday School Classroom,sunday school classroom
133,House,house
134,Movie Theatre,movie theatre
135,Theatre,theatre
136,Kwik-E-Mart,kwik-e-mart
137,Hallway,hallway
138,Various Street Locations,various street locations
139,Old Folk's Home,old folk home
140,Simpson Kitchen,simpson kitchen
141,"Girdles 'N' Such, Fancy Lingerie",girdles n such fancy lingerie
142,The Jock Shoppe,the jock shoppe
143,The Singing Sirloin,the singing sirloin
144,Barney's Bowlarama,barney bowlarama
145,Maggie's Bedroom,maggie bedroom
146,Simpson Foyer,simpson foyer
147,Coffee Shop,coffee shop
148,Yard,yard
149,Jacques's Apartment,jacques apartment
150,Lunchroom At The Power Plant,lunchroom at the power plant
151,Simpson Car,simpson car
152,Public Mailbox,public mailbox
153,Master Bathroom,master bathroom
154,Party Room,party room
155,The Rusty Barnacle,the rusty barnacle
156,Springfield Elementary School Library,springfield elementary school library
157,Library Near Xerox Machine,library near xerox machine
158,Lewis' House,lewis house
159,Executive Office,executive office
160,Rev. Lovejoy's Study,rev lovejoy study
161,Aerobic Studio,aerobic studio
162,Quick-E-Mart,quick-e-mart
163,Kwik-E-Mart Parking Lot,kwik-e-mart parking lot
164,Intersection,intersection
165,Barney's Apartment,barney apartment
166,Florence of Arabia,florence of arabia
167,Girlesque,girlesque
168,Foxy Boxing,foxy boxing
169,Club Mud,club mud
170,Ye Olde Off-Ramp Inn,ye olde off-ramp inn
171,Sapphire Lounge,sapphire lounge
172,Upstairs Hallway,upstairs hallway
173,Downstairs Hallway,downstairs hallway
174,Boys' Bathroom,boys bathroom
175,Girls' Bathroom,girls bathroom
176,Springfield Airport,springfield airport
177,Charter Flight,charter flight
178,"Tirana, Albania Airport",tirana albania airport
179,French Countryside,french countryside
180,Chateau Maison,chateau maison
181,French Mountainside,french mountainside
182,Vineyards,vineyards
183,Plutonium Isolation Module,plutonium isolation module
184,Albanian Intelligence Headquarters,albanian intelligence headquarters
185,Winery,winery
186,Country Road,country road
187,Town,town
188,Flanders Home,flanders home
189,Sidewalk Cafe,sidewalk cafe
190,TV Studio,tv studio
191,Krusty's Apartment,krusty apartment
192,Springfield Police Station,springfield police station
193,Springfield Courthouse Steps,springfield courthouse steps
194,Courtroom,courtroom
195,Springfield High School Football Field,springfield high school football field
196,Sideshow Bob's Dressing Room,sideshow bob dressing room
197,Television Station,television station
198,Jailhouse,jailhouse
199,Radio Station,radio station
200,Howard's Flowers,howard flowers
201,Rubber Baby Buggy Bumper Babysitting Service,rubber baby buggy bumper babysitting service
202,Chez Pierre Restaurant,chez pierre restaurant
203,Restaurant,restaurant
204,Motel Room,motel room
205,Ye Olde Off-Ramp Inn Motel Room,ye olde off-ramp inn motel room
206,Public Pay Phone,public pay phone
207,Infirmary,infirmary
208,Outside Bart'S Window,outside bart window
209,Springfield County,springfield county
210,Simpson Hallway,simpson hallway
211,Neighborhood,neighborhood
212,"Continental Congress, Philadelphia",continental congress philadelphia
213,Simpson Basement,simpson basement
214,Snowy Street,snowy street
215,Winfield'S House,winfield house
216,Springfield,springfield
217,Jake's Unisex Hair Palace,jake unisex hair palace
218,Karl's Elegant Apartment,karl elegant apartment
219,"Huge Old House Like In ""The Shining""",huge old house like in the shining
220,Living Room Of House,living room of house
221,Spacecraft,spacecraft
222,Space Ship,space ship
223,Spaceship Galley,spaceship galley
224,Chamber,chamber
225,Marge & Homer's Room,marge homer room
226,Sunny Sky,sunny sky
227,Security Clearance Booth At Power Plant,security clearance booth at power plant
228,Cooling Tower,cooling tower
229,Other Part of Nuclear Plant,other part of nuclear plant
230,Rolls Royce,rolls royce
231,Studio,studio
232,Stadium,stadium
233,Ball Park,ball park
234,Press Box,press box
235,Parking Lot,parking lot
236,Ballpark,ballpark
237,Owner'S Office,owner office
238,Highway,highway
239,Capital City,capital city
240,Hotel Room,hotel room
241,Capital City Cap Dome,capital city cap dome
242,Cap City Dome,cap city dome
243,Locker Room,locker room
244,Cap Dome,cap dome
245,Lovejoy Bedroom,lovejoy bedroom
246,Family Fun Center,family fun center
247,Miniature Golf Course,miniature golf course
248,Library,library
249,Library Stacks,library stacks
250,Lake Springfield,lake springfield
251,Top Of Mount Springfield,top of mount springfield
252,Miniature Golf,miniature golf
253,Simpson And Flanders Houses,simpson and flanders houses
254,Rich Neighborhood,rich neighborhood
255,Skid Row,skid row
256,Springfield Plasma Center,springfield plasma center
257,Plasma Center,plasma center
258,Rescue Mission,rescue mission
259,Mission,mission
260,Dining Room,dining room
261,Springfield Speedway,springfield speedway
262,Speedway,speedway
263,Speedway Stands,speedway stands
264,Springfield General Hospital,springfield general hospital
265,Emergency Waiting Area,emergency waiting area
266,Hospital Corridor,hospital corridor
267,Hospital Ward,hospital ward
268,Martin Prince'S Back Yard,martin prince back yard
269,Sidewalk,sidewalk
270,Springfield Street,springfield street
271,Springfield Gorge,springfield gorge
272,Springfield Hospital Hallway,springfield hospital hallway
273,Garage,garage
274,Springfield Elementary School Grounds,springfield elementary school grounds
275,Van Houten Home,van houten home
276,Janey'S House,janey house
277,Itchy & Scratchy International,itchy scratchy international
278,I & S International,i s international
279,Chairman I & S International'S Office,chairman i s international office
280,Art Museum,art museum
281,Various,various
282,Springfield Museum,springfield museum
283,A Busy Downtown Street,a busy downtown street
284,Same Scene,same scene
947,Arab City,arab city
285,The Office Of Lionel Hutz,the office of lionel hutz
286,The Law Office of Lionel Hutz,the law office of lionel hutz
287,Waiting Room Of Dr. Nick Riviera's Office,waiting room of dr nick riviera office
288,Dreamlike Suburban Springfield Street,dreamlike suburban springfield street
289,Burns's Car,burns car
290,Large Public Park,large public park
291,"Glass-Enclosed Consultation Room (Like In ""L.A. Law"")",glass-enclosed consultation room
292,Glass Booth,glass booth
293,Burns's Living Room,burns living room
294,The Happy Sumo,the happy sumo
295,The Happy Sumo Corridor,the happy sumo corridor
296,Tatami Room,tatami room
297,Hospital,hospital
298,Bedroom,bedroom
299,Flanders Door,flanders door
300,Side Of The Highway,side of the highway
301,Jail Cellblock,jail cellblock
302,Jail,jail
303,View Out Barney's Window,view out barney window
304,Barney's Car,barney car
305,Police Captain's Office,police captain office
306,Dr. Hibbert's Office,dr hibbert office
307,Springfield High School,springfield high school
308,Boy's Bathroom,boy bathroom
309,Detention Hall,detention hall
310,Homer'S House,homer house
311,Guidance Counselor'S Office,guidance counselor office
312,Shelbyville High School,shelbyville high school
313,Marge's Bedroom,marge bedroom
314,Marge'S House,marge house
315,Limo,limo
316,Springfield High School Gym,springfield high school gym
317,Inspiration Point,inspiration point
318,Foot Mount Sinai,foot mount sinai
319,Sunday School,sunday school
320,Grocery Store,grocery store
321,Quickie Mart,quickie mart
322,Dept. Of Motor Vehicles,dept of motor vehicles
323,Selma's Car,selma car
324,Football Field,football field
325,Patty and Selma's Apartment,patty and selma apartment
326,Hallway Outside Selma And Patty's Apt.,hallway outside selma and patty apt
327,Springfield Revolving Restaurant,springfield revolving restaurant
328,Movie Theater,movie theater
329,Apartment,apartment
330,Springfield Jewelry Store,springfield jewelry store
331,Corporate Headquarters,corporate headquarters
332,Aztec Theater,aztec theater
333,Carnival Grounds,carnival grounds
334,Hospital Room,hospital room
335,Shelbyville Orphanage,shelbyville orphanage
336,Powell Estate,powell estate
337,Michigan Highway,michigan highway
338,Mansion,mansion
339,Estate Grounds,estate grounds
340,Powell Motors Corporate Headquarters,powell motors corporate headquarters
341,Powell Showroom Theatre,powell showroom theatre
342,Showroom Theatre,showroom theatre
343,Canine College,canine college
344,Simply Shoes,simply shoes
345,Simpy Shoes,simpy shoes
346,Springfield Stardust Ballroom,springfield stardust ballroom
347,Ice Cream Parlor,ice cream parlor
348,Beach,beach
349,Grandma's World,grandma world
350,Discount Lion Safari,discount lion safari
351,Cemetery,cemetery
352,Taxi,taxi
353,Lake,lake
354,Amusement Park,amusement park
355,Casino,casino
356,Plato'S Republic,plato republic
357,Home,home
358,Mt. Splashmore,mt splashmore
359,Top Of H 2 Whoa!,top of h 2 whoa
360,H 2 Whoa! Tube,h 2 whoa tube
361,Control Room,control room
362,High School Art Class,high school art class
363,Young Marge's Bedroom,young marge bedroom
364,Springfield Community College Registration,springfield community college registration
365,Community College Registration,community college registration
366,Professor Lombardo's Class,professor lombardo class
367,Community College Painting Studio,community college painting studio
368,Old Armory Hall,old armory hall
369,English Country Manor,english country manor
370,Springfield Art Museum,springfield art museum
371,Elementary - Bart's Classroom,elementary - bart classroom
372,Museum,museum
373,Simpson House - Basement Staircase,simpson house - basement staircase
374,Apartment Building,apartment building
375,Train Station,train station
376,Church Foyer,church foyer
377,Mountain Road,mountain road
378,Cafe,cafe
379,Retreat,retreat
380,Retreat Cabin,retreat cabin
381,Supermarket,supermarket
382,Dormitory Cabin,dormitory cabin
383,Catfish Lake,catfish lake
384,Simpson Cabin,simpson cabin
385,School Bus Garage,school bus garage
386,Bait Shop,bait shop
387,Springfield Convention Center,springfield convention center
388,Krusty Burger,krusty burger
389,Bouvier House,bouvier house
390,Quik-E-Mart,quik-e-mart
391,Springfield Bank,springfield bank
392,Beauty Parlor,beauty parlor
393,Mrs. Glick'S House,mrs glick house
394,World World I Battlefield,world world i battlefield
395,Glick House,glick house
396,The Android's Dungeon & Baseball Card Shop,the android dungeon baseball card shop
397,Hill Near Nuclear Power Plant,hill near nuclear power plant
398,Bloodmobile,bloodmobile
399,Back Of Bloodmobile,back of bloodmobile
400,Burns's Private Fronton,burns private fronton
401,Corner Mailbox,corner mailbox
402,Post Office,post office
403,Smithers' Office,smithers office
404,Burns's Study,burns study
405,Plunderer Pete's,plunderer pete
406,New Bedlam Rest Home for the Emotionally Interesting,new bedlam rest home for the emotionally interesting
407,Kearny's House,kearny house
408,Krusty's House,krusty house
409,Springfield Jail,springfield jail
410,Evergreen Terrace,evergreen terrace
411,Bank,bank
412,Springfield National Forest,springfield national forest
413,Veterans Of Popular Wars Hall,veterans of popular wars hall
414,Hall,hall
415,Legion,legion
416,Airplane,airplane
417,Cockpit,cockpit
418,Cabin,cabin
419,Airport,airport
420,Hotel,hotel
421,Elevator,elevator
422,White House,white house
423,Bureau of Engraving and Printing,bureau of engraving and printing
424,Nat'L Air And Space Museum,natl air and space museum
425,Washington Monument,washington monument
426,Capital,capital
427,Washington D.C.,washington dc
428,W.B. Howe Memorial,wb howe memorial
429,Lincoln Memorial,lincoln memorial
430,Jefferson Memorial,jefferson memorial
431,Capital Building,capital building
432,Kennedy Center,kennedy center
433,Senator'S Office,senator office
434,Kennedy Center Ballroom,kennedy center ballroom
435,Flanders' Yard,flanders yard
436,Store,store
437,Karate School,karate school
438,Leftorium,leftorium
439,Bus Stop,bus stop
440,Road On The Way To School,road on the way to school
441,Bart's Classroom,bart classroom
442,Springfield Elementary School Bus Stop,springfield elementary school bus stop
443,"The ""Ah Fudge!"" Chocolate Factory In Shelbyville",the ah fudge chocolate factory in shelbyville
444,Chocolate Factory Orientation Room,chocolate factory orientation room
445,"Ah, Fudge! Chocolate Factory",ah fudge chocolate factory
446,Legitimate Businessman's Social Club,legitimate businessman social club
447,Club,club
448,Pizza Delivery Truck,pizza delivery truck
449,Downtown Springfield,downtown springfield
450,Deathhouse,deathhouse
451,Springfield Prison,springfield prison
452,Death Chamber,death chamber
453,Springfield County Jail,springfield county jail
454,Skinner's Garage,skinner garage
455,Skinner Home,skinner home
456,Courthouse Steps,courthouse steps
457,Homer's Workstation,homer workstation
458,Stop 'n Go Gas Station,stop n go gas station
459,Random Shots Of Springfield Nuclear Power Plant,random shots of springfield nuclear power plant
460,Shelbyville Nuclear Power Plant,shelbyville nuclear power plant
461,Basketball Court,basketball court
462,Krusty The Clown Show,krusty the clown show
463,Backstage,backstage
464,Backstage At The Krusty Show,backstage at the krusty show
465,Miss Pennycandy'S Office,miss pennycandy office
466,Pennycandy'S Office,pennycandy office
467,Krusty's Dressing Room,krusty dressing room
468,Lower East Side of Springfield,lower east side of springfield
469,Yeshiva Classroom,yeshiva classroom
470,Krustofsky Home,krustofsky home
471,Grossingers,grossingers
472,Downtown Street,downtown street
473,Bus Station,bus station
474,Rabbi Krustofsky's Bedroom,rabbi krustofsky bedroom
475,Rev. Lovejoy's Office,rev lovejoy office
476,Temple Beth Springfield,temple beth springfield
477,Rabbi'S Office,rabbi office
478,Yiddle'S Shop,yiddle shop
479,Temple,temple
480,Krusty's Office,krusty office
481,Izzy's Deli,izzy deli
482,Temple Hallway,temple hallway
483,Steambath,steambath
484,Gammill's Home,gammill home
485,Krusty Set,krusty set
486,Marrakesh,marrakesh
487,Bazaar Area,bazaar area
488,Camel Stall,camel stall
489,Marrakesh Airport,marrakesh airport
490,Simpsons Store,simpsons store
491,Record Store,record store
492,Spaceship,spaceship
493,Springfield Town Square,springfield town square
494,Aerial View Of Springfield,aerial view of springfield
495,Main Street,main street
496,Marvin Monroe's Office,marvin monroe office
497,Secret Passageway,secret passageway
498,Springfield Elementary Auditorium,springfield elementary auditorium
499,King Toot's Music Store,king toot music store
500,Phineas Q. Butterfat's 5600 Flavors Ice Cream Parlor,phineas q butterfat 5600 flavors ice cream parlor
501,Pet Shop,pet shop
502,Pony Ranch,pony ranch
503,Grateful Gelding Stables,grateful gelding stables
504,Employee Credit Union,employee credit union
505,VHS Village,vhs village
506,Fabrizio's Salon,fabrizio salon
507,National Fatherhood Institute,national fatherhood institute
508,Dr. Hibbert's Waiting Room,dr hibbert waiting room
509,Soapbox Derby Track,soapbox derby track
510,Wooded Area,wooded area
511,Flaming Moe's,flaming moe
512,Tipsy McStagger's Research Lab,tipsy mcstagger research lab
513,Springfield Bus Terminal,springfield bus terminal
514,The Aristocrat,the aristocrat
515,Moe's Bedroom,moe bedroom
516,Walnut Street,walnut street
517,Burns's Private Bathroom,burns private bathroom
518,Meeting Room,meeting room
519,The Land of Chocolate,the land of chocolate
520,Fun Center,fun center
521,Free Game Castle,free game castle
522,Grampa's House,grampa house
523,Jewelry Store,jewelry store
524,Wedding Chapel,wedding chapel
525,Chapel,chapel
526,Darkened Room,darkened room
527,Olde Springfield Towne,olde springfield towne
528,Ye Old Candlemaker Shop,ye old candlemaker shop
529,Suburban Home,suburban home
530,Pitiless Pup Attack Dog School,pitiless pup attack dog school
531,Gulp 'N' Blow,gulp n blow
532,Warehouse,warehouse
533,Barber Shop,barber shop
534,Dance Studio,dance studio
535,Wall E. Weasel's,wall e weasel
536,Springfield Elementary School Back Field,springfield elementary school back field
537,Well,well
538,Wee Monsieur,wee monsieur
539,Security Station,security station
540,Springfield Public Library,springfield public library
541,The Gilded Truffle Restaurant,the gilded truffle restaurant
542,South Pacific Island,south pacific island
543,Living Room In France,living room in france
544,Mt. Springfield,mt springfield
545,Nick's Bowling Shop,nick bowling shop
546,The Other Nicks,the other nicks
547,Springfield Memorial Bridge,springfield memorial bridge
548,Marge's Station Wagon,marge station wagon
549,Traffic Copter,traffic copter
550,Smoke Filled Room,smoke filled room
551,Press Conference,press conference
552,Patty and Selma's Car,patty and selma car
553,Rancho Relaxo,rancho relaxo
554,Patty and Selma's Bedroom,patty and selma bedroom
555,Hair Salon,hair salon
556,Patty and Selma's Apartment Building,patty and selma apartment building
557,Marge's Train,marge train
558,Springfield Elementary - Bart's Classroom,springfield elementary - bart classroom
559,Edna's Apartment,edna apartment
560,Lovejoy Home,lovejoy home
561,Theater,theater
562,Springfield Towers,springfield towers
1232,London,london
563,Millionaire'S Club,millionaire club
564,Baseball Card Show,baseball card show
565,Woods,woods
566,Southern Mansion,southern mansion
567,Night Club,night club
568,Ball Field,ball field
569,Springfield Suburbs,springfield suburbs
570,Springfield City Jail,springfield city jail
571,Springfield Mystery Spot,springfield mystery spot
572,Softball Diamond,softball diamond
573,Mrs. Krabappel's Classroom,mrs krabappel classroom
574,Miss Hoover's Classroom,miss hoover classroom
575,Iowa Non-International Airport,iowa non-international airport
576,National Testing Center,national testing center
577,Springfield Elementary School Psychologist's Office,springfield elementary school psychologist office
578,Dream Cloud,dream cloud
579,Li'l Ludwig's Music School,lil ludwig music school
580,Winfield Residence,winfield residence
581,Squad Car,squad car
582,Who's To Know Motel,who to know motel
583,Police Car,police car
584,Fleeing Car,fleeing car
585,Warehouse District,warehouse district
586,Outdoor Parking Lot,outdoor parking lot
587,Alley,alley
588,Teachers' Lounge,teachers lounge
589,Detention Room,detention room
590,Newsroom,newsroom
591,The Krusty the Clown Show,the krusty the clown show
592,Springfield Animal Hospital,springfield animal hospital
593,Animal Hospital,animal hospital
594,Springfield Barber College,springfield barber college
595,Dog Pound,dog pound
596,Springfield Googolplex Theatres,springfield googolplex theatres
597,Movie Theatre #1,movie theatre 1
598,Movie Theatre #6,movie theatre 6
599,Country Bar,country bar
600,The Beer -N- Brawl,the beer -n- brawl
601,Hospital Operating Room,hospital operating room
602,Trailer Park,trailer park
603,Kudd Radio Station,kudd radio station
604,The Corpulent Cowboy,the corpulent cowboy
605,Recording Studio,recording studio
606,Lurleen's Trailer,lurleen trailer
607,Lurleen'S Dressing Room,lurleen dressing room
608,Awards Show Set,awards show set
609,Prison Gate,prison gate
610,Sideshow Mel's Apartment,sideshow mel apartment
611,Reception Hall,reception hall
612,Shelbyville Falls Hotel,shelbyville falls hotel
613,Shelbyville Hotel Suite,shelbyville hotel suite
614,Springfield Coliseum,springfield coliseum
615,Coliseum,coliseum
616,Concert Arena,concert arena
617,Arena,arena
618,Ext. School Bus Stop,ext school bus stop
619,Tire Yard,tire yard
620,Spinal Tap Tour Bus,spinal tap tour bus
621,Spinal Tour Bus,spinal tour bus
622,Department of Motor Vehicles,department of motor vehicles
623,Serpentine Course,serpentine course
624,Springfield Elementary School Parking Lot,springfield elementary school parking lot
625,Simpson Garage,simpson garage
626,Testing Course,testing course
627,Pool,pool
628,Martin'S Room,martin room
629,Milhouse's Bedroom,milhouse bedroom
630,St. Jerome's Catholic School,st jerome catholic school
631,Medical Testing Area,medical testing area
632,Testing Area,testing area
633,Hobo Jungle,hobo jungle
634,Herb'S Estate,herb estate
635,Powell Motors Showroom,powell motors showroom
636,Springfield Civic Center,springfield civic center
637,Train Yard,train yard
638,Train,train
639,Furniture Store,furniture store
640,Baby Expo,baby expo
641,Kremlin,kremlin
642,Simpson,simpson
643,Springfield Elementary School Bell Tower,springfield elementary school bell tower
644,Front Hallway,front hallway
645,Kamp Krusty,kamp krusty
646,Club House,club house
647,Camp Mess Hall,camp mess hall
648,Mr. Black's Cabin,mr black cabin
649,Bunk House,bunk house
650,Center Court Wimbledon,center court wimbledon
651,Nature Trail,nature trail
652,Arts & Crafts Center,arts crafts center
653,Audience,audience
654,Fat Kids' Compound,fat kids compound
655,Springfield Community Center,springfield community center
1233,England,england
656,Rehearsal Room,rehearsal room
657,Day Care Center,day care center
658,Community Center,community center
659,Alleyway,alleyway
660,Womb,womb
661,Front Yard,front yard
662,Spookhouse,spookhouse
663,Caricaturist's Booth,caricaturist booth
664,Carnival,carnival
665,Hotel Ballroom,hotel ballroom
666,Beauty Salon,beauty salon
667,Salon,salon
668,Blimp,blimp
669,Springfield Wax Museum,springfield wax museum
670,Springfield Dock,springfield dock
671,Springfield Military Base,springfield military base
672,Helicopter,helicopter
673,Parade Grounds,parade grounds
674,College Football Game,college football game
675,Mayor's Office,mayor office
676,House Of Evil,house of evil
677,Field,field
678,Malibu Stacey Doll House,malibu stacey doll house
679,Springfield Harbor,springfield harbor
680,Dock,dock
681,Ship,ship
682,Skull Island,skull island
683,Island,island
684,Jungle,jungle
685,Giant Wall,giant wall
686,A Springfield Theater,a springfield theater
687,Another Theater,another theater
688,Empire State Building,empire state building
689,Biplane,biplane
690,Pet Cemetery,pet cemetery
691,Space,space
692,Starship Engine Room,starship engine room
693,Chippendale-Type Dance Club,chippendale-type dance club
694,Homer's Living Room,homer living room
695,Springfield Elementary Schoolyard,springfield elementary schoolyard
696,Restaurant Parking Lot,restaurant parking lot
697,The Spruce Caboose,the spruce caboose
698,Grampa's Car,grampa car
699,Las Vegas,las vegas
700,Las Vegas Hotel Stage show,las vegas hotel stage show
701,Krustylu Studios,krustylu studios
702,Winfield And Simpson Houses,winfield and simpson houses
703,Winfield Basement,winfield basement
704,Suburban House,suburban house
705,Powers House,powers house
706,Two Guys from Kabul,two guys from kabul
707,The Frying Dutchman,the frying dutchman
708,Courthouse,courthouse
709,Hawaiian Island,hawaiian island
710,Big Top,big top
711,Used Car Lot,used car lot
712,Car Show,car show
713,Condominium Complex,condominium complex
714,Mc Mahon And Tate Advertising Agency,mc mahon and tate advertising agency
715,Agency,agency
716,Woman'S House,woman house
717,Mountain,mountain
718,Widow'S Peak Turnoff,widow peak turnoff
719,Truck,truck
720,Small Apartment,small apartment
721,Realtor'S Office,realtor office
722,Rendering Plant,rendering plant
723,Harbor,harbor
724,Yet Another House,yet another house
725,Truck Cab,truck cab
726,Gas Station,gas station
727,Hospital Emergency Room,hospital emergency room
728,Emergency Room,emergency room
729,Cathedral,cathedral
730,Merry Widow Insurance Company,merry widow insurance company
731,Insurance Company,insurance company
732,Springfield Temple,springfield temple
733,Springfield Buddhist Temple,springfield buddhist temple
734,Medical Library,medical library
735,Operating Theater,operating theater
736,College Frat House,college frat house
737,Hospital Waiting Room,hospital waiting room
738,Intensive Care Corridor,intensive care corridor
739,Springfield Park,springfield park
740,Springfield County Court House,springfield county court house
741,Monorail Conductor Class,monorail conductor class
742,Monorail Construction Site,monorail construction site
743,Monorail Cockpit,monorail cockpit
744,Lanley'S Ofc.,lanley ofc
745,Office,office
746,North Haverbrook,north haverbrook
747,Monorail,monorail
748,Springfield Central Monorail Platform,springfield central monorail platform
749,Monorail Dais,monorail dais
750,Monorail Platform,monorail platform
751,Monorail Engine,monorail engine
752,Monorail Cabin,monorail cabin
1695,Sportacus,sportacus
753,Command Center,command center
754,Hall Of Records,hall of records
755,Sky,sky
756,North Haverbrook Airport,north haverbrook airport
757,Doctors Office,doctors office
758,Anchor Store,anchor store
759,Simpson Station Wagon,simpson station wagon
760,Diner,diner
761,"""the Lucky Stiff"" Funeral Home",the lucky stiff funeral home
762,Funeral Parlor,funeral parlor
763,Funeral Parlor Office,funeral parlor office
764,Dating Service,dating service
765,Gypsy Shack,gypsy shack
766,Cryogenics Bank,cryogenics bank
767,Sperm Bank,sperm bank
768,Selma'S House,selma house
769,Selma's Apartment,selma apartment
770,Simpson Driveway,simpson driveway
771,Duff Gardens Entrance,duff gardens entrance
772,Beer Hall Of The Presidents,beer hall of the presidents
773,Duff Garden Souvenir Shop,duff garden souvenir shop
774,Little Land Of Duff,little land of duff
775,Duff Gardens,duff gardens
776,Security Office,security office
777,Soccer Field,soccer field
778,Simpson TV Room,simpson tv room
779,Bathtub,bathtub
780,Bigger Brother Agency,bigger brother agency
781,Agency Office,agency office
782,Springfield Stadium,springfield stadium
783,Baseball Field,baseball field
784,Sky Over Springfield,sky over springfield
785,Tenement Building,tenement building
786,Pepi'S Street,pepi street
787,Pepi's Apartment,pepi apartment
788,Marine World,marine world
789,Aquarium,aquarium
790,Kbbl Radio,kbbl radio
791,Lunch Room,lunch room
792,Wiggum Home,wiggum home
793,Adult Movie Theater,adult movie theater
794,President'S Box,president box
795,Springfield Elementary School Auditorium,springfield elementary school auditorium
796,Auditorium Stage Door,auditorium stage door
797,Nuclear Plant Parking Lot,nuclear plant parking lot
798,Duff Brewery,duff brewery
799,Duff Museum,duff museum
800,Duff Brewery Entrance,duff brewery entrance
801,All Creatures Great and Cheap,all creatures great and cheap
802,Driver Training School,driver training school
803,Church Basement Room,church basement room
804,Science Fair,science fair
805,Baseball Stadium,baseball stadium
806,Alch-Anon Meeting,alch-anon meeting
807,Springfield Power Works,springfield power works
808,Dentist's Office,dentist office
809,Union Hall,union hall
810,Nuclear Plant Hallway,nuclear plant hallway
811,Springfield Shopper Building,springfield shopper building
812,Red Light District,red light district
813,Factory,factory
814,Simpson Hut,simpson hut
815,Hardware Store,hardware store
816,Cartoon Barber Shop,cartoon barber shop
817,Itchy & Scratchy Studios,itchy scratchy studios
818,Roger Meyers' Office,roger meyers office
819,Bart and Lisa's Bedroom,bart and lisa bedroom
820,Gym,gym
821,Gymnasium,gymnasium
822,Writers' Office,writers office
823,Animation Building,animation building
824,Adult Education Center,adult education center
825,Grampa's Office,grampa office
826,Springfield High School Classroom,springfield high school classroom
827,Rod And Todd's Bedroom,rod and todd bedroom
828,Civil Defense Shelter,civil defense shelter
829,Defense Shelter,defense shelter
830,Cafeteria,cafeteria
831,Religious School,religious school
832,"40'S Style Night Club A La The Movie ""Cabaret""",40 style night club a la the movie cabaret
833,Security Room,security room
834,Springfield Fairgrounds,springfield fairgrounds
835,Springfield City Limits,springfield city limits
836,Fields Around Springfield,fields around springfield
837,Fallout Shelter,fallout shelter
838,Roof Top Corner 12Th And Main,roof top corner 12th and main
839,Bart's Body,bart body
840,“I Can't Believe It's a Law Firm!”,i cant believe it a law firm
841,Sauna,sauna
842,Podium,podium
843,Lovejoy House,lovejoy house
844,Courthouse Hallway,courthouse hallway
845,Springfield Women's Prison,springfield women prison
846,Trailer,trailer
847,Johnny Carson's House,johnny carson house
848,Johnny Carson's Backyard,johnny carson backyard
849,Racetrack,racetrack
850,KBBL Studios,kbbl studios
851,Gabbo Show,gabbo show
852,Tour Bus,tour bus
853,Playboy Mansion,playboy mansion
854,Elizabeth Taylor'S House,elizabeth taylor house
855,Krusty Theater,krusty theater
856,Stage,stage
857,Building,building
858,Springfield Swap Meet,springfield swap meet
859,Swap Meet,swap meet
860,Rehearsal Hall,rehearsal hall
861,Moe's Bathroom,moe bathroom
862,Boat,boat
863,Kennedy Airport,kennedy airport
864,Statue of Liberty,statue of liberty
865,Civic Auditorium,civic auditorium
866,Grammys,grammys
867,Hotel Suite,hotel suite
868,Hotel Balcony,hotel balcony
869,Bldg.,bldg
870,Someone'S Room,someone room
871,Prison Cell,prison cell
872,Parole Board,parole board
873,Hearing Room,hearing room
874,Sideshow Bob's Room,sideshow bob room
875,Private Investigator'S Office,private investigator office
876,Springfield Bar,springfield bar
877,Fbi Office,fbi office
878,Simpson Convertible,simpson convertible
879,Houseboat,houseboat
880,Marina,marina
881,Old Simpson Home,old simpson home
882,Shore,shore
883,Safety Chamber,safety chamber
884,Basement Of Nuclear Power Plant,basement of nuclear power plant
885,Simulator Van,simulator van
886,Guidance Counselor'S,guidance counselor
887,Admissions Office,admissions office
888,Board Of Overseers Conference Room,board of overseers conference room
889,Springfield University,springfield university
890,Construction Site,construction site
891,Springfield A&M,springfield am
892,Springfield University Entrance,springfield university entrance
893,Springfield Memorial Hospital,springfield memorial hospital
894,Ballroom,ballroom
895,Nuclear Power Plant Ballroom,nuclear power plant ballroom
896,Burns's Warehouse,burns warehouse
897,Milk Plant,milk plant
898,Burns's Bedroom,burns bedroom
899,Night Gallery-Type Set,night gallery-type set
900,Fashion Show,fashion show
901,Hell,hell
902,Springfield Elementary School Bus,springfield elementary school bus
903,Alien Space Ship,alien space ship
904,Flanders's Car,flanders car
905,Ambulance,ambulance
906,Castle,castle
907,Burns' Castle,burns castle
908,Secret Room,secret room
909,Burns' Banquet Hall,burns banquet hall
910,Simpson' House,simpson house
911,Soda Machine,soda machine
912,A Different Hallway,a different hallway
913,Lenny's House,lenny house
914,Honky-tonk Roadhouse,honky-tonk roadhouse
915,Sh_T Kickers,sh_t kickers
916,Underground Club,underground club
917,The Hate Box,the hate box
918,Secluded Meadow,secluded meadow
919,Ruth's Car,ruth car
920,Trail,trail
921,Springfield Sign,springfield sign
922,Trail Night,trail night
923,Chief Wiggum's Police Car,chief wiggum police car
924,Wiggum'S Car,wiggum car
925,Grand Chasm,grand chasm
926,Dragnet-Style Limbo,dragnet-style limbo
927,Limbo,limbo
928,Overpass,overpass
929,News Set,news set
930,Float,float
931,Outside The Arcade,outside the arcade
932,Springfield Street Corner,springfield street corner
933,Outside The Kwik-E-Mart,outside the kwik-e-mart
934,Busy Main Street,busy main street
935,Seedy Springfield Street,seedy springfield street
936,Freighter,freighter
937,Patrol Meeting Room,patrol meeting room
938,Homer's Bedroom,homer bedroom
939,The Side Of The River,the side of the river
940,The River,the river
941,A Sunny Beach,a sunny beach
942,Out At Sea,out at sea
943,River,river
944,Raft,raft
945,Ocean,ocean
946,Offshore Oil Rig,offshore oil rig
948,Arab Nightclub,arab nightclub
949,Hmo,hmo
950,Optometrist's Office,optometrist office
951,Dermatologist's Office,dermatologist office
952,Podiatrist's Office,podiatrist office
953,Internist's Office,internist office
954,Phone Booth,phone booth
955,Telephone Booth,telephone booth
956,Homer's Room,homer room
957,Homer's Bathroom,homer bathroom
958,Homer's Hotel Room,homer hotel room
959,Convention Hall,convention hall
960,Homer's Booth,homer booth
961,Chinese Restaurant,chinese restaurant
962,Chinese Restaurant Kitchen,chinese restaurant kitchen
963,Springfield Boardwalk,springfield boardwalk
964,Gong Show,gong show
965,Mr. Burns' Casino,mr burns casino
966,Skinner's Living Room,skinner living room
967,Suburban Springfield Street,suburban springfield street
968,Smartline Studio,smartline studio
969,Elegant Mansion,elegant mansion
970,Box Factory,box factory
971,Channel 6 Studios,channel 6 studios
972,Street Corner,street corner
973,Krusty's Bathroom,krusty bathroom
974,Supermarket Grand Opening,supermarket grand opening
975,Stage Door,stage door
976,Little Girl's Bedroom,little girl bedroom
977,Talkshow,talkshow
978,City Streets,city streets
979,Homer's Hospital Room,homer hospital room
980,Channel 6 Tv Station,channel 6 tv station
981,The Van,the van
982,Simpsons,simpsons
983,Monstromart,monstromart
984,Desolate Scrubland,desolate scrubland
985,Himalayas,himalayas
986,India,india
987,Airport In India,airport in india
988,Indian Plain,indian plain
989,Mountain Trail,mountain trail
990,Kwik-E-Mart Birthplace,kwik-e-mart birthplace
991,Center for Geriatric Medicine,center for geriatric medicine
992,Seniorville Trolley,seniorville trolley
993,Kidstown USA,kidstown usa
994,Huge Industrial Complex,huge industrial complex
995,Malibu Stacy Factory,malibu stacy factory
996,Someplace,someplace
997,Apartment Complex,apartment complex
998,Springfield Gables Street,springfield gables street
999,Stacy Lovell's House,stacy lovell house
1000,Kent Brockman's House,kent brockman house
1001,Somewhere,somewhere
1002,Mission Control,mission control
1003,Nasa,nasa
1004,Cape Canaveral Base,cape canaveral base
1005,Hotel Banquet Room,hotel banquet room
1006,Simpsons' Base Kitchen,simpsons base kitchen
1007,NASA Training Facility,nasa training facility
1008,NASA Gym,nasa gym
1009,NASA Corridor,nasa corridor
1010,Cape Canaveral,cape canaveral
1011,Launch Pad,launch pad
1012,Simpsons' Base House Living Room,simpsons base house living room
1013,NASA Mission Control,nasa mission control
1014,Simpsons' Base Housing Living Room,simpsons base housing living room
1015,Stadium Box Office,stadium box office
1016,Shelbyville Stadium,shelbyville stadium
1017,Springfield Locker Room,springfield locker room
1018,Locker Room Exit,locker room exit
1019,Flanders' Rec Room,flanders rec room
1020,Flanders' Dining Room,flanders dining room
1021,Shelter,shelter
1022,Flanders' Station Wagon- Day,flanders station wagon- day
1023,Boat Launch,boat launch
1024,Campsite,campsite
1025,University Clock Tower,university clock tower
1026,Flanders Master Bedroom,flanders master bedroom
1027,Flanders' Driveway,flanders driveway
1028,Roadside,roadside
1029,First Church,first church
1030,Kbbl,kbbl
1031,Arboretum,arboretum
1032,Flanders Bedroom,flanders bedroom
1033,Springfield Streets,springfield streets
1034,Amphitheater,amphitheater
1035,Another Amphitheater,another amphitheater
1036,Peanut Factory,peanut factory
1037,Quiet Springfield Street,quiet springfield street
1038,Springfield Animal Refuge,springfield animal refuge
1039,Another Basement Room,another basement room
1040,Municipal Courtroom,municipal courtroom
1041,Sports Car,sports car
1042,Cheap Motel,cheap motel
1043,Basement Room,basement room
1044,Next Room,next room
1045,Basement Tv Monitor Room,basement tv monitor room
1046,Springfield Laundromat,springfield laundromat
1047,Italian Restaurant,italian restaurant
1048,Fort Springfield,fort springfield
1049,Prison Bus,prison bus
1050,Springfield Elementary School Crime Lab,springfield elementary school crime lab
1051,Riverbank,riverbank
1052,Old Abandoned Club House,old abandoned club house
1053,Auction House,auction house
1054,Desolate Road,desolate road
1055,Quimby Compound,quimby compound
1056,Quimby Compound Front Yard,quimby compound front yard
1057,Quimby Mansion,quimby mansion
1058,Jury Room,jury room
1059,Springfield Palace Hotel,springfield palace hotel
1060,Bouvier Apartment,bouvier apartment
1061,Generation X Group House,generation x group house
1062,Mountaintop,mountaintop
1063,Senior Citizen'S Minibus,senior citizen minibus
1064,Adult Education Annex,adult education annex
1065,Old Southern Mansion,old southern mansion
1066,Simpson Front Porch,simpson front porch
1067,Attic,attic
1068,Wax Museum,wax museum
1069,Pool Emporium,pool emporium
1070,Pool Sharks!,pool sharks
1071,Dr. Hibbert'S Examining Room,dr hibbert examining room
1072,Martin Prince'S Backyard,martin prince backyard
1073,Jimmy Stewart Character House,jimmy stewart character house
1074,Flanders' Front Yard,flanders front yard
1075,Flanders' Living Room,flanders living room
1076,Lisa's Classroom,lisa classroom
1077,Springfield Elementary School Band Room,springfield elementary school band room
1078,Drainage Tunnel,drainage tunnel
1079,Allison's Living Room,allison living room
1080,Allison's Playroom,allison playroom
1081,Honey Factory,honey factory
1082,Shorty'S,shorty
1083,Street In Small Town In Amish Country,street in small town in amish country
1084,Freeway Checkpoint,freeway checkpoint
1085,Checkpoint,checkpoint
1086,Motel,motel
1087,Itchy & Scratchy Land,itchy scratchy land
1088,Itchy & Scratchy Land Park n' Fly,itchy scratchy land park n fly
1089,Itchy & Scratchy Land Helicopter,itchy scratchy land helicopter
1090,Itchy & Scratchy Land Entrance,itchy scratchy land entrance
1091,Itchy & Scratchy Hotel Restaurant,itchy scratchy hotel restaurant
1092,Itchy & Scratchy Hotel,itchy scratchy hotel
1093,Parents Island,parents island
1094,Itchy's 70's Disco,itchy 70 disco
1095,Itchy & Scratchy Gift Shop,itchy scratchy gift shop
1096,Scratchy,scratchy
1097,Control Complex,control complex
1098,Control Center,control center
1099,Gift Shop,gift shop
1100,Detention Area,detention area
1101,Repair Room,repair room
1102,Bird Sanctuary,bird sanctuary
1103,Entrance Euro Itchy & Scratchy Land,entrance euro itchy scratchy land
1104,Public Library,public library
1105,Mrs. Mcfearly'S House,mrs mcfearly house
1106,Republican Hq,republican hq
1107,Sideshow Bob's Limousine,sideshow bob limousine
1108,Luncheonette,luncheonette
1109,Civic Center,civic center
1110,Polling Place,polling place
1111,Parking Structure,parking structure
1112,Burns' Mountain Retreat,burns mountain retreat
1113,Caretakers Quarters,caretakers quarters
1114,Grand Ballroom,grand ballroom
1115,First Floor,first floor
1116,Pantry,pantry
1117,Chief Wiggum's Office,chief wiggum office
1118,Groundskeeper Willie's Shack,groundskeeper willie shack
1119,Shack,shack
1120,Basement,basement
1121,Time Vortex,time vortex
1122,Springfield Jungle,springfield jungle
1123,High Tech Room,high tech room
1124,Corridor,corridor
1125,Springfield Primeval Jungle,springfield primeval jungle
1126,Cafeteria Storeroom,cafeteria storeroom
1127,Kitchen Door,kitchen door
1128,Neighborhood Playground,neighborhood playground
1129,Seashore,seashore
1130,Windy Hilltop,windy hilltop
1131,Gym Teacher'S Office,gym teacher office
1132,Springfield Skating Rink,springfield skating rink
1133,Hockey Rink,hockey rink
1134,The Steps Of The Capitol,the steps of the capitol
2172,Bushes,bushes
1135,Monster Island,monster island
1136,Skating Rink Locker Room,skating rink locker room
1137,Skating Rink,skating rink
1138,Apu's Apartment,apu apartment
1139,Ice Rink,ice rink
1140,Candy Convention,candy convention
1141,Rock Bottom Studio,rock bottom studio
1142,Underwater Wonderland,underwater wonderland
1143,Springfield Cable Station,springfield cable station
1144,Public Access Studio,public access studio
1145,College Dorm,college dorm
1146,Huge Bookstore,huge bookstore
1147,Bookstore,bookstore
1148,Romantic Motel,romantic motel
1149,Appliance Store,appliance store
1150,Road Out Of Town,road out of town
1151,Old Simpson Farmhouse,old simpson farmhouse
1152,Simpson Barn,simpson barn
1153,Simpson Farmhouse,simpson farmhouse
1154,Farmhouse,farmhouse
1155,Upscale Bar,upscale bar
1156,Cheers-Like Bar,cheers-like bar
1157,Gay Bar,gay bar
1158,The Little Black Box,the little black box
1159,Airline Headquarters,airline headquarters
1160,Airplane Runway,airplane runway
1161,Video Store,video store
1162,Psychiatrist'S Waiting Room,psychiatrist waiting room
1163,Dr. Zweig's Office,dr zweig office
1164,Psychiatric Center,psychiatric center
1165,Lobby,lobby
1166,Marge'S Childhood Home,marge childhood home
1167,Desolate Planet,desolate planet
1168,Marge'S Front Yard,marge front yard
1169,Corn Field,corn field
1170,Airport Runway,airport runway
1171,Copter,copter
1172,Lenny and Carl Workstation,lenny and carl workstation
1173,Temple Roof,temple roof
1174,Stonecutter Tunnel,stonecutter tunnel
1175,Baskin Robbins,baskin robbins
1176,Stonecutters Lodge,stonecutters lodge
1177,A Hospital Delivery Room,a hospital delivery room
1178,Fighter Cockpit,fighter cockpit
1179,Fighter,fighter
1180,Observatory,observatory
1181,House Of Representatives,house of representatives
1182,House Of Representative,house of representative
1183,Flanders Backyard,flanders backyard
1184,Bomb Shelter,bomb shelter
1185,Krusty's Klown Kollege,krusty klown kollege
1186,Luigi's,luigi
1187,Clown College,clown college
1188,Gangster'S Car,gangster car
1189,Car Lot,car lot
1190,Switzerland Village,switzerland village
1191,Plastic Surgeons Office,plastic surgeons office
1192,Gangsters Car,gangsters car
1193,South Pole,south pole
1194,Banana Republic,banana republic
1195,Fashionable Buenos Aires Street,fashionable buenos aires street
1196,Volcanic Island,volcanic island
1197,Australia,australia
1198,Australian House,australian house
1199,Earth,earth
1200,Australian Airport,australian airport
1201,Embassy,embassy
1202,Embassy Later,embassy later
1203,Cultural Center,cultural center
1204,Pub,pub
1205,Parliament House,parliament house
1206,Ambassador'S Office,ambassador office
1207,Discount Brokerage,discount brokerage
1208,Corporate Boardroom,corporate boardroom
1209,Swimming Pool,swimming pool
1210,Springfield Elementary School Gym,springfield elementary school gym
1211,First National Bank of Springfield,first national bank of springfield
1212,Doorway,doorway
1213,Ballet Class,ballet class
1214,Shot,shot
1215,Limousine,limousine
1216,Driver's Test Car,driver test car
1217,Springfield Performing Arts Center,springfield performing arts center
1218,Performing Arts Center,performing arts center
1219,Springfield River,springfield river
1220,Hospital Bed,hospital bed
1221,N.Y. City,ny city
1222,Desert,desert
1223,Springfield Hotel,springfield hotel
1224,Committee Room,committee room
1225,Hotel Hallway,hotel hallway
1226,Dorothy Chandler Pavilion,dorothy chandler pavilion
1227,Meadow,meadow
1228,Friar Wiggum's Fantastical Beastarium,friar wiggum fantastical beastarium
1229,Tent,tent
1230,Lisa's Dorm,lisa dorm
1231,Dorm Room,dorm room
1234,Parkfield Manor,parkfield manor
1235,Skyscraper,skyscraper
1236,Otto Cab,otto cab
1237,New Bedroom,new bedroom
1238,Springfield Meadow,springfield meadow
1239,Bride'S Tent,bride tent
1240,Main Tent,main tent
1241,Lisa's Tent,lisa tent
1242,Groom'S Tent,groom tent
1243,Renaissance Fair,renaissance fair
1244,Chief Wiggum's Bedroom,chief wiggum bedroom
1245,Pet Store,pet store
1246,Dog Racing Track Lobby,dog racing track lobby
1247,Track,track
1248,Burns's Gate,burns gate
1249,Burns's Bathroom,burns bathroom
1250,Laundry Chute,laundry chute
1251,Basement Laundry Room,basement laundry room
1252,Battlefield Entrance,battlefield entrance
1253,Historical Site,historical site
1254,Battlefield Re-Creation,battlefield re-creation
1255,Gym Class,gym class
1256,Elegant Living Room,elegant living room
1257,Another Classroom,another classroom
1258,Hallway Outside Skinner's Office,hallway outside skinner office
1259,Springfield Elementary School Prison,springfield elementary school prison
1260,Nurses Office A Little Later,nurses office a little later
1261,French Classroom,french classroom
1262,Operating Room,operating room
1263,Hospital Room A Few Hours Later,hospital room a few hours later
1264,Hospital Hallway,hospital hallway
1265,Springfield Bridge,springfield bridge
1266,Murphy'S Hospital Room,murphy hospital room
1267,The Jazz Hole,the jazz hole
1268,Steve Allen Show,steve allen show
1269,Swanky Department Store,swanky department store
1270,Cosby Show Living Room,cosby show living room
1271,Bleeding Gums Murphy's Hospital Room,bleeding gums murphy hospital room
1272,Springfield Cemetery Day,springfield cemetery day
1273,Wjazz,wjazz
1274,Jebediah Springfield Park,jebediah springfield park
1275,Small Park (includes A Band Shell),small park
1276,Grassy Knoll,grassy knoll
1277,City Street,city street
1278,Springfield Police Academy,springfield police academy
1279,Obstacle Course,obstacle course
1280,Shooting Range,shooting range
1281,Driving Course,driving course
1282,Springfield City Street,springfield city street
1283,Minor League Baseball Field,minor league baseball field
1284,Lemon Tree Area,lemon tree area
1285,Borderland,borderland
1286,Shelbyville Street,shelbyville street
1287,Shelbyville Park,shelbyville park
1288,Shelbyville Hillside,shelbyville hillside
1289,Flanders R.V.,flanders rv
1290,Shelbyville Bluffs,shelbyville bluffs
1291,Big Cat Building,big cat building
1292,Hill,hill
1293,Grassy Hill,grassy hill
1294,Impound Lot,impound lot
1295,Shelbyville Hospital,shelbyville hospital
1296,R.V.,rv
1297,Springfield Elementary School Roof,springfield elementary school roof
1298,Burns Oil Site,burns oil site
1299,Town Hall Steps,town hall steps
1300,Front Of Town Hall,front of town hall
1301,Smithers's Apartment,smithers apartment
1302,Nightclub,nightclub
1303,Paddy Wagon,paddy wagon
1304,Back Of Comic Book Store,back of comic book store
1305,Some Nerd'S House,some nerd house
1306,Hollywood Studio,hollywood studio
1307,Producer's Trailer,producer trailer
1308,Movie Set,movie set
1309,Shoot Location,shoot location
1310,Milhouse's Starwagon,milhouse starwagon
1311,Editing Trailer,editing trailer
1312,Editing Bay,editing bay
1313,Slot Car Heaven,slot car heaven
1314,Abandoned Factory,abandoned factory
1315,Hollywood And Vine,hollywood and vine
1316,Springfield Bentley Dealer,springfield bentley dealer
1317,Child Welfare Board,child welfare board
1318,Mingled Waters Health Spa,mingled waters health spa
1319,Swartzwelder County Courthouse,swartzwelder county courthouse
1320,Family Skills Class,family skills class
1321,Road Near Riverbank,road near riverbank
1322,Establishing,establishing
1323,Springfield Central Park,springfield central park
1324,Uncle Moe's Family Feedbag,uncle moe family feedbag
1325,181st Street,181st street
1326,Gramma Van Houten's Apartment,gramma van houten apartment
1327,Storytown Village,storytown village
1328,The Three Bears' House,the three bears house
1329,Train Ride,train ride
1330,Petting Zoo,petting zoo
1331,Sheep Pen,sheep pen
1332,Slaughterhouse Exit,slaughterhouse exit
1333,Kwik-E-Mart Roof,kwik-e-mart roof
1334,Lard Lad Donuts,lard lad donuts
1335,Springfield Strip,springfield strip
1336,Rooftop Of Channel 6,rooftop of channel 6
1337,Big And Tall Men'S Shop,big and tall men shop
1338,Van Brunt & Churchill Ad Agency,van brunt churchill ad agency
1339,Ad Agency,ad agency
1340,Remote Highway Out Of Town,remote highway out of town
1341,Ventura Boulevard,ventura boulevard
1342,Dr. Nick Rivera's Office,dr nick rivera office
1343,Dr. Nick Rivera's Outer Office,dr nick rivera outer office
1344,Vast Waistband,vast waistband
1345,Remote Idyllic Corn Field,remote idyllic corn field
1346,Litter-Strewn Highway,litter-strewn highway
1347,Springfield Highway,springfield highway
1348,Top Of Springfield Falls,top of springfield falls
1349,Springfield Cemetery,springfield cemetery
1350,Homer'S Boyhood Home,homer boyhood home
1351,Germ Warfare Lab,germ warfare lab
1352,Springfield Post Office,springfield post office
1353,Springfield Airport Cab Stand,springfield airport cab stand
1354,Patty and Selma's Living Room,patty and selma living room
1355,Isolated Stretch Of Highway,isolated stretch of highway
1356,Isolated Highway,isolated highway
1357,Springwood Minimum Security Prison,springwood minimum security prison
1358,Air Force Base,air force base
1359,Duff Blimp Exhibit,duff blimp exhibit
1360,F-15 Fighter Display,f-15 fighter display
1361,F-15 Fighter,f-15 fighter
1362,Colonel'S Washroom,colonel washroom
1363,Air Show,air show
1364,Channel Ocho,channel ocho
1365,Duff Blimp,duff blimp
1366,Civil Defense Shack,civil defense shack
1367,Harrier Jet,harrier jet
1368,Wright Bros. Plane,wright bros plane
1369,Fighter Jet,fighter jet
1370,Springfield Badlands,springfield badlands
1371,Springfield Civic Auditorium,springfield civic auditorium
1372,Matt Groening'S Office,matt groening office
1373,Indian Palace,indian palace
1374,Try-N-Save,try-n-save
1375,Burns's Outer Office,burns outer office
1376,Bush House,bush house
1377,Bush Porch,bush porch
1378,Elks Lodge,elks lodge
1379,Storm Drain,storm drain
1380,Sewer Drain,sewer drain
1381,Ogdenville Outlet Mall,ogdenville outlet mall
1382,Electronics Outlet,electronics outlet
1383,Appliance Zone,appliance zone
1384,Fashion Mart,fashion mart
1385,Springfield Opera House,springfield opera house
1386,Springfield Glen Country Club,springfield glen country club
1387,Golf Course,golf course
1388,Remote Highway,remote highway
1389,Law Firm,law firm
1390,Haunted House,haunted house
1391,Downtown,downtown
1392,IRS Plaza,irs plaza
1393,IRS Building,irs building
1394,Krusty's Street,krusty street
1395,Krusty's Mansion,krusty mansion
1396,Base Of Mountain,base of mountain
1397,Springfield Shores,springfield shores
1398,Springfield Marina - Bait & Tackle Shop,springfield marina - bait tackle shop
1399,Bait & Tackle Shop,bait tackle shop
1400,Springfield Marina - Slip 8,springfield marina - slip 8
1401,Beach - A While Later,beach - a while later
1402,Springfield Historical Society,springfield historical society
1403,Historical Society,historical society
1404,Copy Jalopy,copy jalopy
1405,Graveyard,graveyard
1406,Springfield Dragstrip,springfield dragstrip
1407,Burns's Limo,burns limo
1408,Tropical Beach,tropical beach
1409,Tropical Night Club,tropical night club
1410,Business District,business district
1411,Channel 6 Commentator's Booth,channel 6 commentator booth
1412,Bumtown Section,bumtown section
1413,An Even Worse Looking Part Of Bumtown,an even worse looking part of bumtown
1414,Seedy Hotel,seedy hotel
1415,Chester'S House,chester house
1416,Springfield Dmv,springfield dmv
1417,'30'S-Style Show-Business Restaurant,30-style show-business restaurant
2173,Jail Cell,jail cell
1418,The Pimento Grove,the pimento grove
1419,Troy'S House,troy house
1420,Trendy Restaurant,trendy restaurant
1421,Route 18 Flea-Market and Drive-In,route 18 flea-market and drive-in
1422,Capitol City,capitol city
1423,Springfield Botanical Gardens,springfield botanical gardens
1424,Botanical Gardens,botanical gardens
1425,Delorean,delorean
1426,Insinutainment Tonight Studios,insinutainment tonight studios
1427,Troy'S Living Room,troy living room
1428,Troy's Bedroom,troy bedroom
1429,Cracker Factory,cracker factory
1430,Salting Room,salting room
1431,Springfield Commodities Exchange,springfield commodities exchange
1432,Springfield Art-house Theater,springfield art-house theater
1433,Street Outside Moe'S,street outside moe
1434,Bart's Car,bart car
1435,Martin'S House,martin house
1436,Nelson'S House,nelson house
1437,Highway Out Of Springfield,highway out of springfield
1438,Site Of The World'S Fair,site of the world fair
1439,Downtown Knoxville,downtown knoxville
1440,Downtown Knoxville Street,downtown knoxville street
1441,Knoxville Bonded Courier Service,knoxville bonded courier service
1442,Hong Kong International Airport,hong kong international airport
1443,Cargo Plane,cargo plane
1444,Busy Highway,busy highway
1445,Sanjays'S House,sanjays house
1446,Bumblebee Man's House,bumblebee man house
1447,Jailbird'S Car,jailbird car
1448,Sewer Pipe,sewer pipe
1449,Children'S Barber Shop,children barber shop
1450,Snippy Longstocking'S,snippy longstocking
1451,Gravesite,gravesite
1452,Cemetery Gate,cemetery gate
1453,Caracas,caracas
1454,Villa,villa
1455,Abandoned German Castle,abandoned german castle
1456,Mayor Quimby'S Office,mayor quimby office
1457,Quimby'S Waiting Room,quimby waiting room
1458,Quimby'S Office,quimby office
1459,Quimby'S Outer Office,quimby outer office
1460,Great Grampa Simpsons' Home,great grampa simpsons home
1461,New York Harbor,new york harbor
1462,Calcutta Technical Institute,calcutta technical institute
1463,Springfield Heights Institute of Technology,springfield heights institute of technology
1464,Computer Lab,computer lab
1465,Dark Alley,dark alley
1466,Immigration Service,immigration service
1467,Suicide Notes,suicide notes
1468,Clearing In The Woods,clearing in the woods
1469,Hullabaloooza,hullabaloooza
1470,Hullabaloooza Fairgrounds,hullabaloooza fairgrounds
1471,Hullabaloooza Stage,hullabaloooza stage
1472,Veterinarian's Office,veterinarian office
1473,Beach House,beach house
1474,Strip Mall,strip mall
1475,Teejay's Zaymart,teejay zaymart
1476,Downtown Pwagmattasquarmsettport,downtown pwagmattasquarmsettport
1477,Beach Boardwalk,beach boardwalk
1478,Under The Boardwalk,under the boardwalk
1479,Far Side Of Parking Lot,far side of parking lot
1480,Beach In Front Of The House,beach in front of the house
1481,Convenience Store,convenience store
1482,Kids' Beach Party,kids beach party
1483,Outskirts Of Carnival,outskirts of carnival
1484,Margarine Tub,margarine tub
1485,Springfield Pond,springfield pond
1486,Saucer,saucer
1487,Washington D.C. - Republican National Committee,washington dc - republican national committee
1488,Washington D.C. - White House,washington dc - white house
1489,Dole Campaign Stop,dole campaign stop
1490,Springfield Auditorium,springfield auditorium
1491,Washington D.C. - U.S. Capitol,washington dc - us capitol
1492,Smithers' House,smithers house
1493,Model Home,model home
1494,Cypress Creek,cypress creek
1495,New Simpson House,new simpson house
1496,Globex Corporation,globex corporation
1497,Globex,globex
1498,Cypress Creek Elementary School,cypress creek elementary school
1499,Hallway Outside the Classroom,hallway outside the classroom
1500,"Miscellaneous, Etc.",miscellaneous etc
1501,Springfield Gym,springfield gym
1502,Back Roads,back roads
1503,Car Wash,car wash
1504,Springfield Penitentiary,springfield penitentiary
1505,Historic Mill,historic mill
1506,New Haven Station,new haven station
1507,Burns's Private Railroad Car,burns private railroad car
1508,Rural Roadside,rural roadside
1509,Natural History Museum,natural history museum
1510,Costume Shop,costume shop
1511,Oil Spill Beach,oil spill beach
1512,Spooky Victorian House,spooky victorian house
1513,Burlesque House,burlesque house
1514,Upscale Kitchen Store,upscale kitchen store
1515,Stoner's Pot Palace,stoner pot palace
1516,Casa Nova,casa nova
1517,Southern Cracker,southern cracker
1518,Luann'S House,luann house
1519,County Court House,county court house
1520,Prof. Frink'S Lab,prof frink lab
1521,Nelson'S Room,nelson room
1522,Springfield Observatory,springfield observatory
1523,Streets Of Springfield,streets of springfield
1524,Flanders' Former House,flanders former house
1525,New Flanders House,new flanders house
1526,Calmwood Mental Hospital,calmwood mental hospital
1527,Insane Asylum,insane asylum
1528,Doctor Foster'S House,doctor foster house
1529,Flanders' Booth,flanders booth
1530,Observation Room,observation room
1531,Fairgrounds,fairgrounds
1532,Chili Cook-Off,chili cook-off
1533,Hallucinatory Desert,hallucinatory desert
1534,Hallucination,hallucination
1535,Bob's All-Night Furniture Store,bob all-night furniture store
1536,Waterfront District,waterfront district
1537,Stormy Seacoast,stormy seacoast
1538,Lighthouse Control Room,lighthouse control room
1539,Lighthouse,lighthouse
1540,Open Field,open field
1541,Fbi Building,fbi building
1542,Police Lineup Area,police lineup area
1543,Government Lab,government lab
1544,Back Room,back room
1545,Springfield Field,springfield field
1546,Municipal House of Pancakes,municipal house of pancakes
1547,Springfield Baseball Stadium,springfield baseball stadium
1548,Springfield Docks,springfield docks
1549,Deserted Stretch Of Highway,deserted stretch of highway
1550,Mountains,mountains
1551,Nearby Picnic Area,nearby picnic area
1552,Mountain Base,mountain base
1553,Nature Center,nature center
1554,Mountain Top,mountain top
1555,Snowbank Above Buried Cabin,snowbank above buried cabin
1556,Tunnel,tunnel
1557,Buried Cabin,buried cabin
1558,Ranger Station,ranger station
1559,Rocket Cabin,rocket cabin
1560,Bart'S,bart
1561,Mall Conference Room,mall conference room
1562,The Androids Dungeon And Baseball Card Shop Comic Book Store,the androids dungeon and baseball card shop comic book store
1563,Cockamamie's,cockamamie
1564,Downtown Streets,downtown streets
1565,Sha-Boom Ka-Boom! Cafe,sha-boom ka-boom cafe
1566,Springfield Freeway,springfield freeway
1567,Ajax Steel Mill,ajax steel mill
1568,Moe'S Pick-Up,moe pick-up
1569,Outskirts Of Springfield,outskirts of springfield
1570,Gate To Santa'S Village,gate to santa village
1571,Santa's Village,santa village
1572,Road To Springfield,road to springfield
1573,Springfield Penitentiary Chapel,springfield penitentiary chapel
1574,Cecil's Brownstone Apartment,cecil brownstone apartment
1575,Springfield River Gorge,springfield river gorge
1576,Springfield Dam Site,springfield dam site
1577,Construction Trailer,construction trailer
1578,Terwilliger Apartment,terwilliger apartment
1579,Dam Site,dam site
1580,Dam,dam
1581,Water-Filled Drainpipe,water-filled drainpipe
1582,Water Pipe,water pipe
1583,Top Of Dam,top of dam
1584,Dam Overlook,dam overlook
1585,Center Of Dam,center of dam
1586,Observation Post,observation post
1587,Tv Room,tv room
1588,South Street Squidport,south street squidport
1589,Dr. Nick Rivera's Walk-In Clinic,dr nick rivera walk-in clinic
1590,Hibbert Home,hibbert home
1591,Springfield City Dump,springfield city dump
1592,Duff Bottling Plant,duff bottling plant
1593,"Moe's ""Pet Shop""",moe pet shop
1594,City Dump,city dump
1595,Dump,dump
1596,Rear Of Bowling Alley,rear of bowling alley
1597,Underground Cross-Section,underground cross-section
1598,Atmospheric Diner,atmospheric diner
1599,Superstore,superstore
1600,Martin'S Back Yard,martin back yard
1601,Martin'S Birthday Party,martin birthday party
1602,Martin's Playhouse,martin playhouse
1603,Channel Six Newsroom,channel six newsroom
1604,Springfield Pine Barrens,springfield pine barrens
1605,Springfield Dog Park,springfield dog park
1606,Repo Depot,repo depot
1607,Modest Springfield House,modest springfield house
1608,Mitchell'S House,mitchell house
1609,Street In Front Of Mitchell's House,street in front of mitchell house
1610,Uriah's Heap Recycling Center,uriah heap recycling center
1611,Burns's Former Office,burns former office
1612,Apartment Bldg.,apartment bldg
1613,City Bus,city bus
1614,Springfield Bay,springfield bay
1615,Recycling Center,recycling center
1616,Recycling Plant,recycling plant
1617,Li'l Lisa Recycling Plant,lil lisa recycling plant
1618,Residential Street,residential street
1619,Springfield Dump,springfield dump
1620,Lovejoy'S Kitchen,lovejoy kitchen
1621,Lovejoy'S Basement,lovejoy basement
1622,Eiffel Tower,eiffel tower
1623,Mr. Sparkle Detergent Factory,mr sparkle detergent factory
1624,Lonely Highway,lonely highway
1625,Donny's Discount Gas,donny discount gas
1626,Springfield Zoo,springfield zoo
1627,Elsewhere In The Zoo,elsewhere in the zoo
1628,"Baboon County, U.S.A.",baboon county usa
1629,35 Industry Way,35 industry way
1630,Bart's Factory,bart factory
1631,Cajun Restaurant,cajun restaurant
1632,New Orleans,new orleans
1633,Bourbon Street,bourbon street
1634,Bayou,bayou
1635,Another Part Of The Bayou,another part of the bayou
1636,Museum of TV and Television,museum of tv and television
1637,French Restaurant,french restaurant
1638,Men's Room,men room
1639,Broadcast Booth,broadcast booth
1640,Variety Show Sound Stage,variety show sound stage
1641,50'S Ice Cream Parlor,50 ice cream parlor
1642,Comroo,comroo
1643,Rommelwood Military Academy,rommelwood military academy
1644,Military Academy,military academy
1645,Barracks,barracks
1646,Back On The Firing Range,back on the firing range
1647,42Nd Street Between 8Th And 7Th - '70S,42nd street between 8th and 7th - 70s
1648,Lincoln Tunnel,lincoln tunnel
1649,New York City,new york city
1650,Terminal,terminal
1651,World Trade Center Plaza,world trade center plaza
1652,Crown Of Statue,crown of statue
1653,Immigrant Ship,immigrant ship
1654,Center Of World Trade Center Plaza,center of world trade center plaza
1655,Subway Car,subway car
1656,Another Subway Car,another subway car
1657,Chinatown Street,chinatown street
1658,World Trade Center Tower Lobby,world trade center tower lobby
1659,Observation Deck,observation deck
1660,World Trade Center Tower,world trade center tower
1661,Across The Street,across the street
1662,Office Building Hallway,office building hallway
1663,"""Mad"" Reception Area",mad reception area
1664,Midtown Avenue,midtown avenue
1665,Times Square,times square
1666,Midtown Street,midtown street
1667,Central Park,central park
1668,George Washington Bridge,george washington bridge
1669,Faculty Lounge,faculty lounge
1670,Storage Facility,storage facility
1671,Armin's Bare Seedy Apartment,armin bare seedy apartment
1672,Railroad Station,railroad station
1673,Door,door
1674,Dr. Pryor's Office,dr pryor office
1675,Preschool,preschool
1676,Springfield Private Preschool,springfield private preschool
1677,King Toot's Window,king toot window
1678,Army Surplus Store,army surplus store
1679,"Paris, France",paris france
1680,French Military Base,french military base
1681,French Missile Room,french missile room
1682,Paris Street,paris street
1683,Alien Planet,alien planet
1684,Alien Command Center,alien command center
1685,Professor Frink'S House,professor frink house
1686,Town Meeting House,town meeting house
1687,Sprynge-Fielde Gorge,sprynge-fielde gorge
1688,Witch'S Cave,witch cave
1689,Wiggum'S' House,wiggum house
1690,Gun Shop,gun shop
1691,Gun Store,gun store
1692,Meeting Hall,meeting hall
1693,Nra Meeting,nra meeting
1694,Sporting Goods Store,sporting goods store
1696,Springfield Pee Wee Football Field,springfield pee wee football field
1697,Springfield Football Field,springfield football field
1698,Apu's Car,apu car
1699,Air India Terminal,air india terminal
1700,Museum Of Natural History,museum of natural history
1701,Church Basement,church basement
1702,Municipal Court,municipal court
1703,Hilltop,hilltop
1704,Vatican,vatican
1705,Mall Entrance,mall entrance
1706,Impound Yard,impound yard
1707,City Hall Corridor,city hall corridor
1708,Test Room,test room
1709,Real Estate Office,real estate office
1710,Run-Down House,run-down house
1711,Small House,small house
1712,Murder House,murder house
1713,Unemployment Office,unemployment office
1714,Kliff'S Kar Chalet,kliff kar chalet
1715,Springfield Tv Store,springfield tv store
1716,Jeopardy! Studio,jeopardy studio
1717,Screamatorium,screamatorium
1718,Hitler's Car,hitler car
1719,Glass Bottomed Boat,glass bottomed boat
1720,Airport Terminal,airport terminal
1721,Airport Tarmac,airport tarmac
1722,Movementarian Compound,movementarian compound
1723,Movementarian School,movementarian school
1724,Movementarian Day Care Center,movementarian day care center
1725,Springfield Fire Department,springfield fire department
1726,Underwater,underwater
1727,Cave,cave
1728,Shoe Store,shoe store
1729,Springfield Amphitheater,springfield amphitheater
1730,Coffee House,coffee house
1731,Stu's Disco,stu disco
1732,Party Ship,party ship
1733,Springfield Outskirts,springfield outskirts
1734,Drive-In Movie,drive-in movie
1735,Drive-In,drive-in
1736,Railroad Crossing,railroad crossing
1737,Cliff Overlooking Springfield Harbor,cliff overlooking springfield harbor
1738,Mid-Air,mid-air
1739,Art Gallery,art gallery
1740,Channel Six,channel six
1741,Control Booth,control booth
1742,Knowledgeum,knowledgeum
1743,Sex-Education Pavilion,sex-education pavilion
1744,Toy Store,toy store
1745,Abandoned Prison,abandoned prison
1746,Morningwood Penitentiary,morningwood penitentiary
1747,Primitive Amphitheater,primitive amphitheater
1748,Naval Reserve Recruiting Office,naval reserve recruiting office
1749,Naval Reserves Recruiting Office,naval reserves recruiting office
1750,Back Room of Moe's,back room of moe
1751,Navy Barber Shop,navy barber shop
1752,Pier,pier
1753,Legion Hall,legion hall
1754,American Legion Hall,american legion hall
1755,Piercing Store,piercing store
1756,Port Springfield,port springfield
1757,Submarine Dock,submarine dock
1758,Submarine,submarine
1759,Officer'S Mess,officer mess
1760,Torpedo Room,torpedo room
1761,Enemy Sub,enemy sub
1762,S.S. Jebediah,ss jebediah
1763,Sub,sub
1764,Ocean Floor,ocean floor
1765,S.S. Jebediah Bridge,ss jebediah bridge
1766,General Assembly,general assembly
1767,U.s. Aircraft Carrier,us aircraft carrier
1768,Engine Room,engine room
1769,Submarine Hallway,submarine hallway
1770,Pacific Ocean,pacific ocean
1771,Naval Courtroom,naval courtroom
1772,Flanders Kitchen,flanders kitchen
1773,Irs Office,irs office
1774,Irs Waiting Room,irs waiting room
1775,Irs Interrogation Room,irs interrogation room
1776,French Airport,french airport
1777,Burns' Bearcat,burns bearcat
1778,Airfield,airfield
1779,Aircraft Hangar,aircraft hangar
1780,"10,000 Feet Over The Gulf Of Mexico",10000 feet over the gulf of mexico
1781,Burns's Plane,burns plane
1782,Government Jet,government jet
1783,Havana International Airport,havana international airport
1784,Havana,havana
1785,Presidential Palace,presidential palace
1786,Castro'S Private Office,castro private office
1787,Tv Station,tv station
1788,Animal Assistants,animal assistants
1789,Channel 6 News Studio,channel 6 news studio
1790,Brockman'S House,brockman house
1791,Ramshackle House,ramshackle house
1792,Railroad Tracks,railroad tracks
1793,Donut Shop,donut shop
1794,Department Store,department store
1795,Sanitation Commissioner'S Office,sanitation commissioner office
1796,City Clerk'S Office,city clerk office
1797,Garbage Truck Parking Area,garbage truck parking area
1798,Suburban Street,suburban street
1799,Wiggum's Dining Room,wiggum dining room
1800,Homer's Office,homer office
1801,Cliff Above Abandoned Mine Entrance,cliff above abandoned mine entrance
1802,Flanders Back Yard,flanders back yard
1803,Cletus' Outhouse,cletus outhouse
1804,Jet,jet
1805,Flag Zone,flag zone
1806,Base Of The Murderhorn,base of the murderhorn
1807,Power Sauce Corp.,power sauce corp
1808,Yuk-ingham Palace,yuk-ingham palace
1809,Deserted Area,deserted area
1810,Russian Neighborhood,russian neighborhood
1811,Springsonian Museum,springsonian museum
1812,Steep Road,steep road
1813,Operator'S Booth,operator booth
1814,Egyptian Exhibit Room,egyptian exhibit room
1815,Theme Restaurant,theme restaurant
1816,Barn,barn
1817,Bed And Breakfast,bed and breakfast
1818,Mini-Golf Course,mini-golf course
1819,Windmill,windmill
1820,Suburban Neighborhood,suburban neighborhood
1821,Someone'S Back Yard,someone back yard
1822,Sky Above Springfield,sky above springfield
1823,Crystal Cathedral,crystal cathedral
1824,Football Stadium,football stadium
1825,Dingo Junction,dingo junction
1826,Nurse's Office,nurse office
1827,Vent,vent
1828,Ventilation Duct,ventilation duct
1829,Kbbl Radio Station,kbbl radio station
1830,Frink'S House,frink house
1831,Museum Entrance,museum entrance
1832,Edison's Laboratory,edison laboratory
1833,Eerily-Lit Courtroom,eerily-lit courtroom
1834,Municipal Building,municipal building
1835,Office Door,office door
1836,Itchy'S House,itchy house
1837,Itchy & Scratchy Street Scene,itchy scratchy street scene
1838,Flying Saucer,flying saucer
1839,Grassy Area,grassy area
1840,Alec and Kim's House,alec and kim house
1841,Winnebago,winnebago
1842,Twentieth Century Fox Studios,twentieth century fox studios
1843,Fox Executive'S Office,fox executive office
1844,Farm Land,farm land
1845,Groovy Grove Natural Farm,groovy grove natural farm
1846,Eatie Gourmet's,eatie gourmet
1847,Hallway Outside Boy's Bathroom,hallway outside boy bathroom
1848,Springfield Public Beach,springfield public beach
1849,Ghost Town,ghost town
1850,Bloodbath Gulch,bloodbath gulch
1851,Train Tracks,train tracks
1852,Waterfront,waterfront
1853,Clothing Store,clothing store
1854,Tramp Steamer,tramp steamer
1855,Bodyguard School,bodyguard school
1856,Mayor'S Mansion,mayor mansion
1857,Springfield Dinner Theater,springfield dinner theater
1858,Dinner Theater,dinner theater
1859,Las Vegas Strip,las vegas strip
1860,Surveillance Room Above Roulette Table,surveillance room above roulette table
1861,Roman Empire Theme Bar - Later,roman empire theme bar - later
1862,Casino Dining Room,casino dining room
1863,Casino Lobby,casino lobby
1864,Nevada State Line,nevada state line
1865,Desert - Later,desert - later
1866,Springfield Memorial Stadium,springfield memorial stadium
1867,Playing Field,playing field
1868,Right Field Bleachers,right field bleachers
1869,Drive-In Theater,drive-in theater
1870,Fence Outside Drive-In,fence outside drive-in
1871,Wiggum'S Billboard,wiggum billboard
1872,Krabappel'S Kitchen,krabappel kitchen
1873,Government Surveillance Room,government surveillance room
1874,Tire Store,tire store
1875,Tire Store Waiting Room,tire store waiting room
1876,Springfield Travel Agency,springfield travel agency
1877,Stadium Parking Lot,stadium parking lot
1878,Sky Box,sky box
1879,Tv Production Company,tv production company
1880,Costington's,costington
1881,Dress Shirt Counter,dress shirt counter
1882,Garden Party,garden party
1883,Springfield Forest,springfield forest
1884,Apt. Building,apt building
1885,Tiffany's,tiffany
1886,Springfield Waterfront,springfield waterfront
1887,Car Dealership,car dealership
1888,Wild Animal Park,wild animal park
1889,Porta-John,porta-john
1890,"Porta-John, Continuous",porta-john continuous
1891,Canyonero,canyonero
1892,P.J. O'Harrigan'S,pj oharrigan
1893,Two-Lane Highway,two-lane highway
1894,Medical Building,medical building
1895,New Age Store,new age store
1896,Lisa's Tank,lisa tank
1897,Homer's Tank,homer tank
1898,Repo Truck,repo truck
1899,Underground,underground
1900,Springfield Beach,springfield beach
1901,Slaughterhouse,slaughterhouse
1902,Red's Truck,red truck
1903,Door Store,door store
1904,Truck Stop,truck stop
1905,Roadside Market,roadside market
1906,Homer's Truck,homer truck
1907,Georgia Highway,georgia highway
1908,Truck Depot,truck depot
1909,Garden of Eden,garden of eden
1910,Outside The Garden Of Eden,outside the garden of eden
1911,Ancient Construction Site,ancient construction site
1912,Pharaoh'S Construction Tent,pharaoh construction tent
1913,Pharaoh'S Tent,pharaoh tent
1914,Great Pyramid,great pyramid
1915,Great Pyramid Entrance,great pyramid entrance
1916,Red Sea,red sea
1917,Toilets,toilets
1918,Other Side Of The Red Sea,other side of the red sea
1919,Solomon'S Temple,solomon temple
1920,Jerusalem Royal Palace,jerusalem royal palace
1921,Jerusalem,jerusalem
1922,Palestinian Countryside,palestinian countryside
1923,Tower Of Babel,tower of babel
1924,Base Of Tower,base of tower
1925,Mom & Pop Hardware,mom pop hardware
1926,Gallery,gallery
1927,International Olympic Committee Building,international olympic committee building
1928,International Olympic Committee Office,international olympic committee office
1929,Tour Boat,tour boat
1930,Yacht,yacht
1931,Megastore,megastore
1932,Supermegastore,supermegastore
1933,Roof Of Building In Downtown Springfield,roof of building in downtown springfield
1934,Base Of Building,base of building
1935,Scotland,scotland
1936,Loch Ness,loch ness
1937,Loch,loch
1938,Las Vegas Casino,las vegas casino
1939,Euclid Street,euclid street
1940,Mensa House,mensa house
1941,Cyber Cafe,cyber cafe
1942,The Java Server,the java server
1943,33 Cent Store,33 cent store
1944,Plane,plane
1945,Tokyo Skyline,tokyo skyline
1946,Tokyo Hotel,tokyo hotel
1947,Simpson Hotel Room,simpson hotel room
1948,Downtown Tokyo,downtown tokyo
1949,Tokyo,tokyo
1950,Americatown Restaurant,americatown restaurant
1951,Tokyo Fruit Stand,tokyo fruit stand
1952,Tokyo Street,tokyo street
1953,Sumo Stadium,sumo stadium
1954,Elegant Tea Room,elegant tea room
1955,American Embassy,american embassy
1956,Fish Gutting Factory,fish gutting factory
1957,Gameshow Set,gameshow set
1958,Tokyo Tower,tokyo tower
1959,Rim Of Volcano,rim of volcano
1960,Volcano,volcano
1961,Electric Car,electric car
1962,Theater Lobby,theater lobby
1963,Private Jet,private jet
1964,Movie Studio,movie studio
1965,Mini-van,mini-van
1966,Mel Gibson's Office,mel gibson office
1967,Hollywood,hollywood
1968,Beverly Hills,beverly hills
1969,Screening Room,screening room
1970,Street Outside Studio,street outside studio
1971,Hollywood Automobile Museum,hollywood automobile museum
1972,Hollywood Blvd.,hollywood blvd
1973,Mercedes,mercedes
1974,Road Warrior Car,road warrior car
1975,Principal'S Office,principal office
1976,Drug Company,drug company
1977,Street On Outskirts Of Town,street on outskirts of town
1978,Army Barracks,army barracks
1979,Another Street,another street
1980,Springfield Shopper,springfield shopper
1981,Newspaper Press Room,newspaper press room
1982,Press Room,press room
1983,Newspaper,newspaper
2366,Clinic,clinic
1984,Planet Springfield Restaurant,planet springfield restaurant
1985,Rotating Restaurant,rotating restaurant
1986,Taste Of Springfield Festival,taste of springfield festival
1987,Taste Of Springfield,taste of springfield
1988,Coastal Road,coastal road
1989,Simpsons Front Yard,simpsons front yard
1990,High Tech Building,high tech building
1991,Spaceship Launch Area,spaceship launch area
1992,Spaceships On Launch Pad,spaceships on launch pad
1993,Googol-Plex,googol-plex
1994,Theater Door,theater door
1995,Outside Front Door,outside front door
1996,Behind Farmhouse,behind farmhouse
1997,Feed Store,feed store
1998,Farm,farm
1999,Roadside Stand,roadside stand
2000,Lavatory,lavatory
2001,Road in Front of Simpson Farm,road in front of simpson farm
2002,"""Springfield Squares"" Gameshow Set",springfield squares gameshow set
2003,Springfield State Building,springfield state building
2004,Springfield Trade Center,springfield trade center
2005,Underground Chamber,underground chamber
2006,Springfield YMCA,springfield ymca
2007,Ikea-Type Store,ikea-type store
2008,Sh_P,sh_p
2009,Showroom,showroom
2010,Shop,shop
2011,Lookout Point,lookout point
2012,Greaser's Cafe,greaser cafe
2013,Gang'S Camp,gang camp
2014,Poppa Wheelie'S,poppa wheelie
2015,Rural Gas Station,rural gas station
2016,Room Behind Chalkboard,room behind chalkboard
2017,Research Room,research room
2018,Suburban Living Room,suburban living room
2019,Corporate Park,corporate park
2020,Kid First Industries,kid first industries
2021,Lindsey Naegle'S Office,lindsey naegle office
2022,Springfield Tire Fire,springfield tire fire
2023,Moe's Apartment,moe apartment
2024,Funeral Home,funeral home
2025,Itchy's Apartment,itchy apartment
2026,Ski Resort,ski resort
2027,Ski Area,ski area
2028,Ski Lodge,ski lodge
2029,Marge's Hospital Room,marge hospital room
2030,Springfield Presbyterian Hospital,springfield presbyterian hospital
2031,Leper Colony,leper colony
2032,Electric Needle Room,electric needle room
2033,College Hall,college hall
2034,Campus Security Headquarters,campus security headquarters
2035,Dean Peterson'S House,dean peterson house
2036,Ditch,ditch
2037,Brother Faith'S Revival Meeting,brother faith revival meeting
2038,Brother Faith's Revival Tent,brother faith revival tent
2039,Revival Tent,revival tent
2040,Bart's Revival Tent,bart revival tent
2041,Bart's Tent,bart tent
2042,Announcer's Booth,announcer booth
2043,Mayo Clinic,mayo clinic
2044,Burns's Yacht,burns yacht
2045,State Fair,state fair
2046,State Fairgrounds,state fairgrounds
2047,Bandshell,bandshell
2048,Grandstand,grandstand
2049,Race Track,race track
2050,Starting Gate,starting gate
2051,Betting Line,betting line
2052,Jockey Room,jockey room
2053,Jockey'S Lair,jockey lair
2054,Wilderness Area,wilderness area
2055,Infield,infield
2056,Clay Babcock'S Race Car,clay babcock race car
2057,Rod And Todd'S Room,rod and todd room
2058,Sidewalk Near Flanders House,sidewalk near flanders house
2059,Video Dating Service Office,video dating service office
2060,Expensive Restaurant,expensive restaurant
2061,Duck Pond,duck pond
2062,Springfield Public TV Studio,springfield public tv studio
2063,Prop-Plane,prop-plane
2064,Tropical Island,tropical island
2065,Fox TV Pledge Drive Studio,fox tv pledge drive studio
2066,Forest Preserve,forest preserve
2067,Duff Days Entrance,duff days entrance
2068,Duff Days,duff days
2069,Tipsy-Whirl Ride,tipsy-whirl ride
2070,Duff Days Designated Drivers' Zone,duff days designated drivers zone
2071,Duff Days Fair Grounds,duff days fair grounds
2072,Doctor's Office,doctor office
2073,"""It Never Ends"" Set",it never ends set
2074,Moe's Dressing Room,moe dressing room
2075,Director'S Booth,director booth
2076,Soap Opera Set,soap opera set
2077,Indian Casino,indian casino
2745,Juvie,juvie
2078,Beach Bungalow,beach bungalow
2079,Simpson House of the Future,simpson house of the future
2080,Nelson'S Crab-Shack,nelson crab-shack
2081,Pennsylvania Avenue,pennsylvania avenue
2082,White House Lawn,white house lawn
2083,Oval Office,oval office
2084,Camp David,camp david
2085,Banquet Room,banquet room
2086,Casino Manager'S Office,casino manager office
2087,Springfield Business District,springfield business district
2088,Polynesian Restaurant,polynesian restaurant
2089,Office Building,office building
2090,A.A. Meeting,aa meeting
2091,Helicopter Flight School,helicopter flight school
2092,Florida,florida
2093,Swamp,swamp
2094,Southern Countryside,southern countryside
2095,Highway Construction Area,highway construction area
2096,Gardens In Front Of Courthouse,gardens in front of courthouse
2097,Eye Caramba,eye caramba
2098,"""eye Caramba"" Examination Room",eye caramba examination room
2099,Eyewear Store,eyewear store
2100,"""tommy Hillclimber"" Camping Store",tommy hillclimber camping store
2101,Dance Class,dance class
2102,Der Krazy Kraut,der krazy kraut
2103,Insanity Hearing Room,insanity hearing room
2104,Krusty the Clown Show Set,krusty the clown show set
2105,Microfilm Room,microfilm room
2106,Buckingham Palace,buckingham palace
2107,Hollywood Boulevard,hollywood boulevard
2108,Willie Nelson's Tour Bus,willie nelson tour bus
2109,Tv Editing Bay,tv editing bay
2110,Editing Room,editing room
2111,Heaven,heaven
2112,Heaven'S Gate,heaven gate
2113,Simpson Pumpkin House,simpson pumpkin house
2114,Edge Of Forest,edge of forest
2115,Dark Forest,dark forest
2116,Clearing,clearing
2117,Cottage,cottage
2118,Enchanted Forest,enchanted forest
2119,Tower In The Middle Of The Woods,tower in the middle of the woods
2120,Candy House,candy house
2121,Springfield Marine Park,springfield marine park
2122,Dolphin Show Amphitheater,dolphin show amphitheater
2123,Beach Parking Lot,beach parking lot
2124,Olde Springfield Hospital,olde springfield hospital
2125,Professor Frink's Lab,professor frink lab
2126,Olde Springfield Arena,olde springfield arena
2127,Springfield Festival of Books,springfield festival of books
2128,Stephen King'S Booth,stephen king booth
2129,Prof. Frink'S Booth,prof frink booth
2130,Dr. Nick Riviera's Booth,dr nick riviera booth
2131,"""Books For Dummies"" Section",books for dummies section
2132,Children'S Stage,children stage
2133,Panel Discussion Tent,panel discussion tent
2134,Krusty's Booth,krusty booth
2135,Sand Dune,sand dune
2136,Krusty's Car,krusty car
2137,Sophie'S Loft,sophie loft
2138,Fat Tony's Compound,fat tony compound
2139,Fat Tony's Bedroom,fat tony bedroom
2140,Fat Tony'S House,fat tony house
2141,Sophie'S Building,sophie building
2142,Barbershop,barbershop
2143,Thai Restaurant,thai restaurant
2144,Krustyburger Roof,krustyburger roof
2145,Abandoned Warehouse,abandoned warehouse
2146,Tree,tree
2147,Hillside,hillside
2148,Tree And Surrounding Forest,tree and surrounding forest
2149,Redwood Tree,redwood tree
2150,Moon,moon
2151,Hemp City,hemp city
2152,Supply Closet,supply closet
2153,Financial Planning Office,financial planning office
2154,Habitat,habitat
2155,Costington's Toy Department,costington toy department
2156,Mr. Costington's Office,mr costington office
2157,Announcers' Booth,announcers booth
2158,Beginning Of Parade Route,beginning of parade route
2159,Parade Route,parade route
2160,Honest John's Computers,honest john computers
2161,Computer Store,computer store
2162,Real Kwik-E-Mart,real kwik-e-mart
2163,Island Community Room,island community room
2164,Stark Room,stark room
2165,Waters Around Island,waters around island
2166,Number 2'S Lair (Stark Room),number 2 lair
2167,Magic Palace,magic palace
2168,Valet Parking Stand,valet parking stand
2169,Russian Space Station,russian space station
2170,Body Shop,body shop
2171,High Pressure Tire sales,high pressure tire sales
2174,Circus Tent,circus tent
2175,Vault,vault
2176,Springfield National Bank,springfield national bank
2177,Brokerage,brokerage
2178,Screaming Monkey Medical Research Center,screaming monkey medical research center
2179,Research Institute,research institute
2180,Prison Rodeo Arena,prison rodeo arena
2181,Clown Dressing Room,clown dressing room
2182,Prison Infirmary,prison infirmary
2183,Prison Weight Yard,prison weight yard
2184,Chiropractor'S Examining Room,chiropractor examining room
2185,Street In Front Of Homer's House,street in front of homer house
2186,Laundromat,laundromat
2187,Food Court,food court
2188,The Dungeon'S Secret Basement,the dungeon secret basement
2189,Crappy Apartment Complex,crappy apartment complex
2190,Comic Book Guy's Crappy Apartment,comic book guy crappy apartment
2191,Tennis Court,tennis court
2192,News Van,news van
2193,Simpson Tennis Court,simpson tennis court
2194,Springfield Tennis Stadium,springfield tennis stadium
2195,Center Court,center court
2196,Court,court
2197,Game Show Set,game show set
2198,Springfield Minimum Security Prison,springfield minimum security prison
2199,Storage Locker Depot,storage locker depot
2200,Storage Locker,storage locker
2201,Sports Equipment Shed,sports equipment shed
2202,Krusty the Clown Show Soundstage,krusty the clown show soundstage
2203,"""Laugh In"" Stage",laugh in stage
2204,Green Room,green room
2205,Track Stadium,track stadium
2206,Springfield Marathon,springfield marathon
2207,Marathon,marathon
2208,Classified Records Compound,classified records compound
2209,Compound,compound
2210,Middle Eastern Desert,middle eastern desert
2211,Producer's Office,producer office
2212,Aircraft Carrier,aircraft carrier
2213,Ship'S Bridge,ship bridge
2214,"""Mad"" Building",mad building
2215,Blockoland,blockoland
2216,Duff Stadium,duff stadium
2217,Outside Stadium,outside stadium
2218,Duff The 8th's Office,duff the 8th office
2219,Landscaped Area Behind Center Field Wall,landscaped area behind center field wall
2220,Albuquerque Mayor'S Office,albuquerque mayor office
2221,Suburban Kitchen,suburban kitchen
2222,Wide Concrete River Channel,wide concrete river channel
2223,Video Surveillance Room,video surveillance room
2224,Lecture Hall,lecture hall
2225,Industrial Plant,industrial plant
2226,Kitchen-Maid Plant,kitchen-maid plant
2227,African Village,african village
2228,Air Above Africa,air above africa
2229,Airstrip,airstrip
2230,African City,african city
2231,Rural Road,rural road
2232,Safari Vehicle,safari vehicle
2233,Savannah,savannah
2234,Wildlife Reserve,wildlife reserve
2235,Archaeological Site,archaeological site
2236,Masai Village,masai village
2237,Jungle Compound,jungle compound
2238,Joan Bushwell's Hut,joan bushwell hut
2239,Chimp Refuge,chimp refuge
2240,Mine Shaft,mine shaft
2241,Ferrari,ferrari
2242,Outskirts Of Town,outskirts of town
2243,West Springfield Elementary School,west springfield elementary school
2244,Cab Of Truck,cab of truck
2245,Dr. Nick'S Operating Room,dr nick operating room
2246,Abandoned Building,abandoned building
2247,Deep In Cave,deep in cave
2248,Church Parking Lot,church parking lot
2249,Church Yard,church yard
2250,Medical Tent,medical tent
2251,Ice Cream Social,ice cream social
2252,Praiseland,praiseland
2253,Ride,ride
2254,Food Booth,food booth
2255,Ymca Hallway,ymca hallway
2256,Morgue,morgue
2257,Boxcar,boxcar
2258,Log Cabin,log cabin
2259,Logging Village,logging village
2260,Cobalt Mountain,cobalt mountain
2261,Marge'S Farmhouse,marge farmhouse
2262,On A Hill Nearby,on a hill nearby
2263,Big City,big city
2264,Great Plains,great plains
2265,Prairie,prairie
2266,Mountain Pass,mountain pass
2267,Picturesque Street,picturesque street
2268,Bank Of Mississippi River,bank of mississippi river
2269,Mississippi River,mississippi river
2270,Bottom Of Rapids,bottom of rapids
2271,General Store,general store
2272,Riverboat,riverboat
2273,Midair,midair
2274,Tower Atop Burns' Mansion,tower atop burns mansion
2275,Front Of Burns' Mansion,front of burns mansion
2276,Top Of Tower,top of tower
2277,Springfield Downtown,springfield downtown
2278,Tarot Card Parlor,tarot card parlor
2279,Forest Outside Springfield,forest outside springfield
2280,Simpson House With Ultrahouse Additions,simpson house with ultrahouse additions
2281,Bottom Of Stairs,bottom of stairs
2282,Wizard School,wizard school
2283,Montymort'S Lair,montymort lair
2284,Springwarts Academy,springwarts academy
2285,Studio Lot,studio lot
2286,Lard Lad Donut Shop,lard lad donut shop
2287,Juvenile Court,juvenile court
2288,Room Five,room five
2289,Flanders Garage,flanders garage
2290,Chinese Ministry Of Aggression,chinese ministry of aggression
2291,Alley Behind Moe'S,alley behind moe
2292,University,university
2293,Swigmore U.,swigmore u
2294,Swigmore U. Campus,swigmore u campus
2295,The New Moe's,the new moe
2296,M,m
2297,Homer's Garage,homer garage
2298,Wide Shot Of Woods,wide shot of woods
2299,Chinatown,chinatown
2300,Strip Club,strip club
2301,Disco,disco
2302,Ned Flanders' Room,ned flanders room
2303,Snake's Hideout,snake hideout
2304,Rock Quarry,rock quarry
2305,Top Of Quarry,top of quarry
2306,Bottom Of Quarry,bottom of quarry
2307,Quarry,quarry
2308,Edge Of Quarry,edge of quarry
2309,Drainage Pipe,drainage pipe
2310,Drainpipe,drainpipe
2311,Rocket Ship,rocket ship
2312,Tv-Style Control Room,tv-style control room
2313,Evil Castle,evil castle
2314,Springfield Republican Party Headquarters,springfield republican party headquarters
2315,Cell,cell
2316,Mount Swartzwelder,mount swartzwelder
2317,Edge Of Gorge,edge of gorge
2318,Gorge,gorge
2319,Log In Gorge,log in gorge
2320,Duff World Records Office,duff world records office
2321,Motherloving Sugar Corporation,motherloving sugar corporation
2322,Motherloving Sugar,motherloving sugar
2323,Cletus's Shack,cletus shack
2324,Disco Stu'S '70S-Style Bachelor Pad,disco stu 70s-style bachelor pad
2325,Lard Lad,lard lad
2326,Caribbean Sea,caribbean sea
2327,Bridge Of Yacht,bridge of yacht
2328,Dock Area,dock area
2329,Concession Stand,concession stand
2330,Tv Talk Show Studio,tv talk show studio
2331,Derby Pit,derby pit
2332,Patty and Selma's Doorway,patty and selma doorway
2333,Artie Ziff'S Mansion,artie ziff mansion
2334,Putting Green,putting green
2335,Stern Of A Yacht,stern of a yacht
2336,Artie Ziff'S Estate,artie ziff estate
2337,Ziff Estate,ziff estate
2338,Artie'S House,artie house
2339,German Castle,german castle
2340,Arid Western Plains,arid western plains
2341,Artie'S Helicopter,artie helicopter
2342,Oilfield,oilfield
2343,Bottom Of Oil Derrick,bottom of oil derrick
2344,Banged-Up Helicopter,banged-up helicopter
2345,Private School Grounds,private school grounds
2346,Fair,fair
2347,Game Booth,game booth
2348,Humvee,humvee
2349,Wolfcastle Estate,wolfcastle estate
2350,Wolfcastle Mansion,wolfcastle mansion
2351,Wolfcastle'S House,wolfcastle house
2352,Springfield Square Garden,springfield square garden
2353,Floppy's,floppy
2354,Greta'S House,greta house
2355,Boardwalk,boardwalk
2356,Toronto Bus Station,toronto bus station
2357,CN Tower,cn tower
2358,Paramountie Studios,paramountie studios
2359,Soundstage,soundstage
2360,"""Undercover Nerd"" Soundstage",undercover nerd soundstage
2361,"""Curling For Loonies"" Set",curling for loonies set
2362,Floppy'S Night Club,floppy night club
2363,Old Ritzy Neighborhood,old ritzy neighborhood
2364,Buck'S Mansion,buck mansion
2365,Buck'S House,buck house
2367,Springfield Aquarium,springfield aquarium
2368,Street In Front Of Retirement Castle,street in front of retirement castle
2369,Branson,branson
2370,Branson Theater,branson theater
2371,Plain,plain
2372,Inside City Of Troy,inside city of troy
2373,Flaming Ruins Of Troy,flaming ruins of troy
2374,Mt. Olympus,mt olympus
2375,Homer's Ship,homer ship
2376,Ithaca,ithaca
2377,Island Of Circe,island of circe
2378,River Styx,river styx
2379,Penelope And Odysseus'S Living Room,penelope and odysseus living room
2380,Medieval French Town,medieval french town
2381,French House,french house
2382,Field Outside Fortress,field outside fortress
2383,Ramparts Of English Castle,ramparts of english castle
2384,French Throne Room,french throne room
2385,Feasting Hall,feasting hall
2386,Hamlet'S Bedchamber,hamlet bedchamber
2387,King'S Bedchamber,king bedchamber
2388,Throne Room,throne room
2389,Phone Company,phone company
2390,Brazilian Airplane,brazilian airplane
2391,Rio de Janeiro,rio de janeiro
2392,Hotel Lobby,hotel lobby
2393,Rio,rio
2394,Churrascarias,churrascarias
2395,Rio And Homer's Thought Bubble Cut,rio and homer thought bubble cut
2396,Samba School,samba school
2397,Schoolhouse,schoolhouse
2398,Street In Rio,street in rio
2399,Simpson Garden,simpson garden
2400,High School Football Stadium,high school football stadium
2401,Skies Of Springfield,skies of springfield
2402,Friars Club,friars club
2403,Springfield Friars Club,springfield friars club
2404,Shrine Auditorium,shrine auditorium
2405,Speaker'S Bureau,speaker bureau
2406,Small Town City Hall,small town city hall
2407,Modern Office Building,modern office building
2408,Betterthantv.Com Building,betterthantvcom building
2409,BetterThanTV.com,betterthantvcom
2410,Battlefield,battlefield
2411,Another Part Of Springfield Park,another part of springfield park
2412,Divorce Lawyer'S Office,divorce lawyer office
2413,Manjula's Apartment,manjula apartment
2414,Apu's Apartment Building,apu apartment building
2415,Apu's Old Apartment Building,apu old apartment building
2416,Apu And Manjula's Bedroom,apu and manjula bedroom
2417,Apu and Manjula's Apartment Building,apu and manjula apartment building
2418,Lugash's Gym,lugash gym
2419,Hole,hole
2420,China,china
2421,Sweatshop,sweatshop
2422,Carrie's Car,carrie car
2423,Springfield College,springfield college
2424,Springfield College Green,springfield college green
2425,Café Kafka,café kafka
2426,Springfield University Main Quad,springfield university main quad
2427,Roof,roof
2428,Old Man'S House,old man house
2429,Old House,old house
2430,Closet,closet
2431,Mrs. Bellamy'S House,mrs bellamy house
2432,Front Parlor,front parlor
2433,Study,study
2434,Death Row,death row
2435,City Morgue,city morgue
2436,Costington's Front Window,costington front window
2437,Arnie Pye'S Helicopter,arnie pye helicopter
2438,Town Meeting,town meeting
2439,The Wooly Bully,the wooly bully
2440,Hat Store,hat store
2441,Simpson Backyard ‑ Day,simpson backyard day
2442,Sidewalk In Front Of Simpson House,sidewalk in front of simpson house
2443,Women'S Clothing Store,women clothing store
2444,Front Of Simpson House,front of simpson house
2445,Country Dirt Road,country dirt road
2446,Countryside ‑ Later,countryside later
2447,Rolling Field,rolling field
2448,Farmhouse ‑ Day,farmhouse day
2449,Rural,rural
2450,War Room ‑ Day,war room day
2451,Marge And Homer's Bedroom ‑ Night,marge and homer bedroom night
2452,Seaplane,seaplane
2453,Island Of Lost Souls,island of lost souls
2454,Dr. Hibbert'S Villa,dr hibbert villa
2455,Homer And Marge'S Bungalow,homer and marge bungalow
2456,House Of Pain,house of pain
2457,Marge And Homer'S Bungalow,marge and homer bungalow
2458,Bart And Lisa'S Bungalow,bart and lisa bungalow
2459,Springfield Pet Shot,springfield pet shot
2460,Springfield Pet Shop,springfield pet shop
2461,Springfield Blood Bank,springfield blood bank
2462,Springfield Red Cross,springfield red cross
2463,Rock 'n' Roll Fantasy Camp,rock n roll fantasy camp
2464,Camp,camp
2465,Lenny's Thread Shed,lenny thread shed
2466,Class,class
2467,Rock 'n' Roll Camp,rock n roll camp
2468,Bunkhouse,bunkhouse
2469,Backstage Area,backstage area
2470,Civic Center Parking Lot,civic center parking lot
2471,Television Store,television store
2472,Satellite,satellite
2473,Central Perk-Style Coffee Shop With Japanese Décor,central perk-style coffee shop with japanese décor
2474,Third-Grade Class,third-grade class
2475,State Legislature,state legislature
2476,Capital City Hotel,capital city hotel
2477,Hotel Bathroom,hotel bathroom
2478,Capitol Building,capitol building
2479,Capital City Street,capital city street
2480,Wooded Area Below Highway,wooded area below highway
2481,Thick Woods,thick woods
2482,Plastic Surgery Clinic,plastic surgery clinic
2483,Plastic Surgery Waiting Room,plastic surgery waiting room
2484,Plastic Surgery Center,plastic surgery center
2485,Stomach Staples Center,stomach staples center
2486,Dr. Velimirovic's Office,dr velimirovic office
2487,Luigi's Trattoria,luigi trattoria
2488,Africa,africa
2489,Apartment Hallway,apartment hallway
2490,Lenny's Apartment,lenny apartment
2491,Reality Channel Studio,reality channel studio
2492,Reality Channel Studios,reality channel studios
2493,Testing Room,testing room
2494,1895 House,1895 house
2495,Video Confessional,video confessional
2496,Hilly Area,hilly area
2497,Stagnant Springs Spa,stagnant springs spa
2498,Spa,spa
2499,Mud Spa,mud spa
2500,Massage Room,massage room
2501,Yoga Class,yoga class
2502,Steam Room,steam room
2503,Maximum Security Prison,maximum security prison
2504,Warden'S Office,warden office
2505,Mountain Cliff,mountain cliff
2506,Lover'S Lane,lover lane
2507,IMAX Theater,imax theater
2508,Official Building,official building
2509,Teacher of the Year Foundation,teacher of the year foundation
2510,EFCOT Center,efcot center
2511,Future Sphere,future sphere
2512,Transportation Pavilion,transportation pavilion
2513,Pavilion,pavilion
2514,Home of Tomorrow,home of tomorrow
2515,Vietnam,vietnam
2516,Same Classroom,same classroom
2517,Art Deco Office Building,art deco office building
2518,Art Deco Building,art deco building
2519,Ice Cream Store,ice cream store
2520,Science Building,science building
2521,'40s Building,40s building
2522,Cabin Motel,cabin motel
2523,Circus Grounds,circus grounds
2524,Hall of Mirrors,hall of mirrors
2525,Fancy Living Room,fancy living room
2526,Wolfcastle's Bedroom,wolfcastle bedroom
2527,Muscle Beach,muscle beach
2528,Pageant Hall,pageant hall
2529,Springfield Arena,springfield arena
2530,Community Outreach Center,community outreach center
2531,Channel 6 Helicopter,channel 6 helicopter
2532,Church Grounds,church grounds
2533,Church Roof,church roof
2534,Law Office,law office
2535,Loft Building,loft building
2536,Loft,loft
2537,Bart's Loft Building,bart loft building
2538,Bart's Loft,bart loft
2539,Skewed Tour,skewed tour
2540,Half-Pipe,half-pipe
2541,Channel Six News,channel six news
2542,Spellympic Village,spellympic village
2543,Inside Outdoor Coliseum,inside outdoor coliseum
2544,San Francisco,san francisco
2545,Spellympic Coliseum,spellympic coliseum
2546,Springfield Bowl,springfield bowl
2547,Mafia Jet,mafia jet
2548,Springfield International Airport,springfield international airport
2549,Off Ramp Inn,off ramp inn
2550,Congressional Office Building,congressional office building
2551,Congressman'S Office,congressman office
2552,Second-Best Western Motel,second-best western motel
2553,U.S. Capitol,us capitol
2554,Washington Bar,washington bar
2555,Stripping Class,stripping class
2556,Side Of The Road,side of the road
2557,Lego Land,lego land
2558,Morocco,morocco
2559,Springfield Museum of Natural History,springfield museum of natural history
2560,Hobby Store,hobby store
2561,House Shaped Like A Tugboat,house shaped like a tugboat
2562,Steps Of City Hall,steps of city hall
2563,Fat Tony's Car,fat tony car
2564,Park Bench,park bench
2565,Springfield Elementary Baseball Field,springfield elementary baseball field
2566,Bachelor Arms,bachelor arms
2567,Kirk Van Houten's Apartment,kirk van houten apartment
2568,Village Apartment,village apartment
2569,Gay Nightclub,gay nightclub
2570,Castle-Shaped Building,castle-shaped building
2571,Medieval Times,medieval times
2572,Burns's Lawyer's House,burns lawyer house
2573,Record-Pressing Plant,record-pressing plant
2574,Warehouse Rave,warehouse rave
2575,Karaoke Bar,karaoke bar
2576,Dude Ranch,dude ranch
2577,Ranch,ranch
2578,Picnic Area,picnic area
2579,Natural Hot Springs,natural hot springs
2580,Dining Hall,dining hall
2581,Lisa and Bart's Cabin,lisa and bart cabin
2582,Dirt Road Through Forest,dirt road through forest
2583,Beaver Dam,beaver dam
2584,Base Of The Dam,base of the dam
2585,Main Ranch Building,main ranch building
2586,Farm Neighborhood,farm neighborhood
2587,New Treehouse,new treehouse
2588,Bunker,bunker
2589,H.k. Duff's Office,hk duff office
2590,Duff Executive Office,duff executive office
2591,Space Station,space station
2592,"$100,000 Pyramid Set",100000 pyramid set
2593,Springfield Bowery,springfield bowery
2594,Viewing Area,viewing area
2595,Springfield Hospital Waiting Room,springfield hospital waiting room
2596,Springfield Pier,springfield pier
2597,Judge Harm'S Courtroom,judge harm courtroom
2598,Springfield Sidewalk,springfield sidewalk
2599,Counselor'S Office,counselor office
2600,Montana,montana
2601,Concert Stadium,concert stadium
2602,Front Of Flanders House,front of flanders house
2603,"Kirk Van Houten's ""Cavalry Kids"" Car",kirk van houten cavalry kids car
2604,Inside Stadium,inside stadium
2605,Gardens Entrance,gardens entrance
2606,Mini Van,mini van
2607,Airspace Over Bridge,airspace over bridge
2608,Lower Level,lower level
2609,Godfather'S House,godfather house
2610,Isotopes Stadium,isotopes stadium
2611,Swedish Street,swedish street
2612,Swedish Auditorium,swedish auditorium
2613,Nobel Prize Auditorium,nobel prize auditorium
2614,F.B.I. Headquarters,fbi headquarters
2615,Other Room,other room
2616,State College,state college
2617,Federal Agents' Car,federal agents car
2618,Film Processing Store,film processing store
2619,Side Of Freeway,side of freeway
2620,Atm Machine,atm machine
2621,English Meadow,english meadow
2622,Deck Of Troop Transport Ship,deck of troop transport ship
2623,Heathrow Airport,heathrow airport
2624,London Streets,london streets
2625,Quaint British Motel,quaint british motel
2626,London Street,london street
2627,Judi Dench'S Fish And Chips,judi dench fish and chips
2628,Harrods,harrods
2629,Harrod's,harrod
2630,Harrods Window,harrods window
2631,London Eye,london eye
2632,British Street,british street
2633,West End Street,west end street
2634,Car Rental Lot,car rental lot
2635,Mini Cooper,mini cooper
2636,Roundabout,roundabout
2637,Old Bailey,old bailey
2638,British-Style Courtroom,british-style courtroom
2639,Tower of London,tower of london
2640,Palace Guard Room,palace guard room
2641,Queen'S Bedchamber,queen bedchamber
2642,Sprawl-Mart,sprawl-mart
2643,Grant Connor'S House,grant connor house
2644,Suit Closet,suit closet
2645,Forest Road,forest road
2646,Campground,campground
2647,Wildlife Sanctuary,wildlife sanctuary
2648,Hallway Outside Bathroom,hallway outside bathroom
2649,Xxx Movie House,xxx movie house
2650,Seedy Street,seedy street
2651,Jewish Neighborhood,jewish neighborhood
2652,Jewish Walk of Fame,jewish walk of fame
2653,Walk Of Fame Building,walk of fame building
2654,Walk Of Fame Headquarters,walk of fame headquarters
2655,Isotope Stadium,isotope stadium
2656,Back Stage,back stage
2657,Hibbert'S Household,hibbert household
2658,Synagogue,synagogue
2659,Springfield Heights Promenade,springfield heights promenade
2660,Cognition Junction,cognition junction
2661,Victor's Secret,victor secret
2662,Things Unnecessary,things unnecessary
2663,Run-Down Street,run-down street
2664,Seedy Christmas Tree Lot,seedy christmas tree lot
2665,"""Family Matters"" Set",family matters set
2666,"""Star Trek"" Set",star trek set
2667,Church Sacristy,church sacristy
2668,Homeless Shelter,homeless shelter
2669,Snake's Apartment,snake apartment
2670,Parking Area,parking area
2671,Cletus's Farm,cletus farm
2672,Toys Я Us,toys я us
2673,Roller Coaster,roller coaster
2674,Mall Parking Structure,mall parking structure
2675,Family Section,family section
2676,Town Street,town street
2677,Sidewalks Of Springfield,sidewalks of springfield
2678,Bike Store,bike store
2679,Animal Shelter,animal shelter
2680,Robot Rumble Ring,robot rumble ring
2681,Bookaccino's,bookaccino
2682,Boris' Car Loft,boris car loft
2683,Nantucket,nantucket
2684,Evergreen Manor,evergreen manor
2685,Nantucket House,nantucket house
2686,Tom Clancy'S Home,tom clancy home
2687,Cliff,cliff
2688,Hampton Court Palace,hampton court palace
2689,Royal Bedchamber,royal bedchamber
2690,Marriage Counselor'S Office,marriage counselor office
2691,Palace Office,palace office
2692,Palace Walls,palace walls
2693,Palace,palace
2694,Storeroom,storeroom
2695,Mandan Village,mandan village
2696,Riverbank Campsite,riverbank campsite
2697,Mountain Valley,mountain valley
2698,Riverside,riverside
2699,Eighteenth-Century Austrian Palace,eighteenth-century austrian palace
2700,Eighteenth-Century Palace,eighteenth-century palace
2701,Vienna Street,vienna street
2702,Mozart Home,mozart home
2703,Concert Hall,concert hall
2704,Vienna Opera House,vienna opera house
2705,Streets Of Vienna,streets of vienna
2706,Mozart's Bedroom,mozart bedroom
2707,Mozart'S House,mozart house
2708,Emperor'S Palace,emperor palace
2709,Tv Museum,tv museum
2710,Museum Of Television,museum of television
2711,Van Houten Driveway,van houten driveway
2712,Freeway Exit Ramp,freeway exit ramp
2713,Milhouse's New Apartment,milhouse new apartment
2714,Mound Chamber,mound chamber
2715,The Flapjack Stack,the flapjack stack
2716,Mrs. Wickerbottom's Pre-Nursery School,mrs wickerbottom pre-nursery school
2717,Springfield Elementary Cafeteria,springfield elementary cafeteria
2718,Visible Man Atrium,visible man atrium
2719,Visible Man Mouth,visible man mouth
2720,Mouth,mouth
2721,Visible Man,visible man
2722,Visible Man Stomach,visible man stomach
2723,Googolplex Ticket Window,googolplex ticket window
2724,Googleplex,googleplex
2725,Dark Hallway,dark hallway
2726,Creepy Garden,creepy garden
2727,Park Area,park area
2728,Congressional Hearing Room,congressional hearing room
2729,Prison Visiting Cubicle,prison visiting cubicle
2730,Country Club Prison,country club prison
2731,Northern California,northern california
2732,Cosmic Wars Ranch,cosmic wars ranch
2733,Creature Works Building,creature works building
2734,Lush Valley Winery,lush valley winery
2735,Randall Curtis' Office,randall curtis office
2736,Oktoberfest Parking Lot,oktoberfest parking lot
2737,Embankment,embankment
2738,Quitters,quitters
2739,Rec Room,rec room
2740,Girls' Department,girls department
2741,Cosmetics Dept.,cosmetics dept
2742,Dressing Room Area,dressing room area
2743,Housewares Section,housewares section
2744,Springfield Juvenile Correctional Facility,springfield juvenile correctional facility
2746,Prison Hallway,prison hallway
2747,Small Prison Auditorium,small prison auditorium
2748,Prison Play Yard,prison play yard
2749,Prison Visiting Room,prison visiting room
2750,Juvenile Prison,juvenile prison
2751,Prison Rec Room,prison rec room
2752,Prison Gymnasium,prison gymnasium
2753,Juvenile Correctional Facility,juvenile correctional facility
2754,Countryside,countryside
2755,Blacksmith'S,blacksmith
2756,Fork In Road,fork in road
2757,Fork In The Road,fork in the road
2758,Juvenile Hall,juvenile hall
2759,Futuristic Living Room,futuristic living room
2760,Multi-Purpose Room B,multi-purpose room b
2761,Uncle Tyrone'S House,uncle tyrone house
2762,Video Rental Store,video rental store
2763,Adult Film Section,adult film section
2764,Plane Cabin,plane cabin
2765,Swelldorado Hotel,swelldorado hotel
2766,Highway North Of Miami,highway north of miami
2767,Miami Airport,miami airport
2768,Miami Beach,miami beach
2769,Miami,miami
2770,Atlantic City,atlantic city
2771,Atlantic City Hotel,atlantic city hotel
2772,Luxury Apartment Tower,luxury apartment tower
2773,Raoul's Penthouse,raoul penthouse
2774,Niagara Falls Airport,niagara falls airport
2775,Niagara Falls Hotel,niagara falls hotel
2776,Top Of Ferris Wheel,top of ferris wheel
2777,"""Moon Bounce"" Castle",moon bounce castle
2778,Moon Bounce,moon bounce
2779,Niagara River,niagara river
2780,Base Of The Falls,base of the falls
2781,Poolside Patio,poolside patio
2782,County Fair,county fair
2783,City,city
2784,Summer Camp,summer camp
2785,Homer's Cabin,homer cabin
2786,Motorboat,motorboat
2787,Girls' Dining Room,girls dining room
2788,Girls' Kitchen,girls kitchen
2789,Camp Infirmary,camp infirmary
2790,Lakeshore,lakeshore
2791,Girls' Beach,girls beach
2792,Girls' Camp,girls camp
2793,Girls Dining Hall,girls dining hall
2794,Marge's Cabin,marge cabin
2795,Promontory,promontory
2796,Second Date Rock,second date rock
2797,Fat Camp,fat camp
2798,Girls' Camp Pay Phone,girls camp pay phone
2799,Boys' Camp Payphone,boys camp payphone
2800,Girls' Payphone,girls payphone
2801,Girls' Campground,girls campground
2802,Children'S Exam Room,children exam room
2803,When You Wash Upon a Car Wash,when you wash upon a car wash
2804,"""Headbutt"" Set",headbutt set
2805,Libertyville,libertyville
2806,First Church of Libertyville,first church of libertyville
2807,Ronald Reagan Reeducation Center,ronald reagan reeducation center
2808,Prison Auditorium,prison auditorium
2809,Springfield Mountain Area,springfield mountain area
2810,Geezer Rock,geezer rock
2811,Channel 6 Building,channel 6 building
2812,Springfield Sky,springfield sky
2813,Army Base,army base
2814,Booth,booth
2815,Core,core
2816,Victorian London,victorian london
2817,Scotland Yard,scotland yard
2818,Emporium Of Exotica,emporium of exotica
2819,Opium Den,opium den
2820,Public Yard,public yard
2821,Mao'S Den,mao den
2822,Mao'S,mao
2823,Capsule,capsule
2824,Mr. Burns' Body,mr burns body
2825,Burns' Body,burns body
2826,Vessel,vessel
2827,Frink'S Office,frink office
2828,Mr. Burns,mr burns
2829,House Next Door,house next door
2830,Judging Room,judging room
2831,The Thin Crowd,the thin crowd
2832,Bad Part Of Town,bad part of town
2833,Muntz House,muntz house
2834,Window,window
2835,Springfield Press Club,springfield press club
2836,Chloe's Car,chloe car
2837,Springfield Four Seasons,springfield four seasons
2838,Highway Outside Capital City,highway outside capital city
2839,Base Of The Springfield Volcano Site,base of the springfield volcano site
2840,U. N. Women'S Conference,u n women conference
2841,Women'S Conference,women conference
2842,Springfield Volcano,springfield volcano
2843,Base Of The Volcano,base of the volcano
2844,Barney's Helicopter,barney helicopter
2845,Plutonium Storage Room,plutonium storage room
2846,Goose's Gags and Gifts,goose gags and gifts
2847,Springfield Air and Space Museum,springfield air and space museum
2848,Air Museum,air museum
2849,Tarmac,tarmac
2850,Museum Stage,museum stage
2851,Springfield Employment Agency,springfield employment agency
2852,Police Evidence Room,police evidence room
2853,Drug Manufacturing Plant,drug manufacturing plant
2854,Canadian Vfw-Style Building,canadian vfw-style building
2855,Dudley Do-Drugs Pharmacy,dudley do-drugs pharmacy
2856,Canadian Pharmacy,canadian pharmacy
2857,U.S.,us
2858,Rented Van,rented van
2859,Streets Of Winnipeg,streets of winnipeg
2860,"Border Crossing, Canadian Side",border crossing canadian side
2861,Canadian Jail,canadian jail
2862,Airport Hangar,airport hangar
2863,Canadian Warehouse,canadian warehouse
2864,Skies,skies
2865,Plywood Pelican,plywood pelican
2866,Tower Room,tower room
2867,Fancy Hotel,fancy hotel
2868,Fancy Atrium,fancy atrium
2869,Atrium,atrium
2870,Hot Air Balloon,hot air balloon
2871,Large Football Stadium,large football stadium
2872,Commissioner'S Office,commissioner office
2873,Capital City Stadium,capital city stadium
2874,Ark,ark
2875,Hummer Limo,hummer limo
2876,Fancy Estate,fancy estate
2877,Alcatraaaz Mansion,alcatraaaz mansion
2878,Alcatraaaz' House,alcatraaaz house
2879,Springfield Glacier Park,springfield glacier park
2880,Springfield Sprawl*Mart,springfield sprawlmart
2881,Springfield Glacier Visitor Center,springfield glacier visitor center
2882,Sprawl*Mart,sprawlmart
2883,Glacier Visitor Center,glacier visitor center
2884,Springfield Glacier,springfield glacier
2885,Family Court,family court
2886,Bart's Sylvan Glade,bart sylvan glade
2887,Henhouse,henhouse
2888,Suburban Road,suburban road
2889,Selma's Hospital Room,selma hospital room
2890,Springfield Orphanage,springfield orphanage
2891,Chinese Consulate,chinese consulate
2892,Adoption Affairs Office,adoption affairs office
2893,Beijing Airport,beijing airport
2894,Great Hall Of The People,great hall of the people
2895,In Front Of Shaolin Temple,in front of shaolin temple
2896,Mao'S Tomb,mao tomb
2897,Great Wall of China,great wall of china
2898,Beijing Playhouse,beijing playhouse
2899,Playhouse,playhouse
2900,Inside Forbidden City,inside forbidden city
2901,Chinese Street,chinese street
2902,Zhengyici Theater,zhengyici theater
2903,Simpsons' Hotel,simpsons hotel
2904,Orphanage,orphanage
2905,Beijing Street,beijing street
2906,Fishing Wharf,fishing wharf
2907,Strip Mall Insurance Agency,strip mall insurance agency
2908,Merry Widow Life Insurance,merry widow life insurance
2909,Motor Home,motor home
2910,Rv Dealership,rv dealership
2911,Turnpike,turnpike
2912,Rear Deck Of Ship,rear deck of ship
2913,Shelbyville Main Street,shelbyville main street
2914,Shelbyville,shelbyville
2915,Frank Gehry-Style House,frank gehry-style house
2916,Springfield Town Assembly Hall,springfield town assembly hall
2917,Prison Shower,prison shower
2918,Homer's Cell,homer cell
2919,Snowball'S Other Family'S House,snowball other family house
2920,Exercise Yard,exercise yard
2921,Prison Library,prison library
2922,Woods Near Prison,woods near prison
2923,Prison Cellblock,prison cellblock
2924,Prison Kitchen,prison kitchen
2925,Gas Chamber,gas chamber
2926,Prison Room,prison room
2927,High School,high school
2928,High School Gym,high school gym
2929,Cliff With City View,cliff with city view
2930,Underwater House,underwater house
2931,Futuristic Kwik-E-Mart,futuristic kwik-e-mart
2932,Graduation Stage,graduation stage
2933,Decompression Chamber,decompression chamber
2934,Knockers,knockers
2935,Builder's Barn,builder barn
2936,Mental Hospital,mental hospital
2937,Electro-Shock Room,electro-shock room
2938,Calmwood,calmwood
2939,Dr. Itchy's,dr itchy
2940,Health Spa,health spa
2941,Serenity Ranch,serenity ranch
2942,Tab Spangler's Car,tab spangler car
2943,Front of Simpson Home,front of simpson home
2944,Outside Window,outside window
2945,Van Houten Living Room,van houten living room
2946,Gospel for Less,gospel for less
2947,Desert Highway,desert highway
2948,Mesa,mesa
2949,Sushi Bar,sushi bar
2950,Desert Road Outside Springfield,desert road outside springfield
2951,Springfield Mesa,springfield mesa
2952,Upscale Resort Lobby,upscale resort lobby
2953,Swanky Hotel Suite,swanky hotel suite
2954,God's Office,god office
2955,Npr Radio Studio,npr radio studio
2956,Limited Appeal Theater,limited appeal theater
2957,Flanders' Guest Room,flanders guest room
2958,Flanders' (Former) House,flanders house
2959,Humbleton,humbleton
2960,Humble Figurine Factory,humble figurine factory
2961,Flanders' Humbleton House,flanders humbleton house
2962,Flanders' Springfield House,flanders springfield house
2963,St. Jerome'S,st jerome
2964,Dublin Street,dublin street
2965,Confessional,confessional
2966,Lovejoy's Van,lovejoy van
2967,Protestant Youth Fest Fairground,protestant youth fest fairground
2968,Protestant Youth Fest,protestant youth fest
2969,Youth Festival,youth festival
2970,Post-Apocalyptic Battlefield,post-apocalyptic battlefield
2971,Fat Tony's Office,fat tony office
2972,Highway Rest Stop,highway rest stop
2973,Pay Phone,pay phone
2974,Roadside Cafe,roadside cafe
2975,Southern Coast,southern coast
2976,Chicken Coop,chicken coop
2977,Southern Coastal Town,southern coastal town
2978,Stamp Museum,stamp museum
2979,Lenny'S Front Lawn,lenny front lawn
2980,Child's Bedroom,child bedroom
2981,Psychiatrist's Office,psychiatrist office
2982,Other Side Of The Gate,other side of the gate
2983,First A. M. E. Church of Springfield,first a m e church of springfield
2984,Spinster City Apartments,spinster city apartments
2985,Springfield Hospital Grounds,springfield hospital grounds
2986,Forest Clearing,forest clearing
2987,Burns Estate,burns estate
2988,Burns Dining Room,burns dining room
2989,Secluded Mountain Clearing,secluded mountain clearing
2990,Paradise Pier,paradise pier
2991,Another Area Of The Pier,another area of the pier
2992,Tea House,tea house
2993,Springshire,springshire
2994,Teahouse,teahouse
2995,Karaoke Store,karaoke store
2996,Arts And Crafts Store,arts and crafts store
2997,Cletus and Brandine's Pickup Truck,cletus and brandine pickup truck
2998,Quimby's Bedroom,quimby bedroom
2999,Tv Soundstage,tv soundstage
3000,Mayoral Mansion,mayoral mansion
3001,Italian Countryside,italian countryside
3002,Little Italy,little italy
3003,Skies Above Springfield,skies above springfield
3004,Tammy'S Rec Room,tammy rec room
3005,Children'S Hospital,children hospital
3006,Burns's Basement,burns basement
3007,Lawn,lawn
3008,Street Next To Springfield Elementary,street next to springfield elementary
3009,Italy,italy
3010,Lamborgotti Factory,lamborgotti factory
3011,Italian Highway,italian highway
3012,Pisa,pisa
3013,Pompeii,pompeii
3014,Salsiccia Town Square,salsiccia town square
3015,Palazzo,palazzo
3016,Well-Appointed Study,well-appointed study
3017,Tuscan Countryside,tuscan countryside
3018,Wine Vat,wine vat
3019,Row Of Shops,row of shops
3020,Sausage Shop,sausage shop
3021,Field On The Edge Of Town,field on the edge of town
3022,Sideshow Bob's House,sideshow bob house
3023,Rome,rome
3024,Roman Street,roman street
3025,Inside Colosseum,inside colosseum
3026,Inside The Colosseum,inside the colosseum
3027,Nazareth (1 B.C.),nazareth
3028,Mary'S House,mary house
3029,King Herod's Palace,king herod palace
3030,Inn,inn
3031,Bethlehem Inn,bethlehem inn
3032,Sky Over The Pacific,sky over the pacific
3033,Pacific Atoll,pacific atoll
3034,Tahiti,tahiti
3035,Dumpster,dumpster
3036,Toll Road,toll road
3037,Car Behind Marge,car behind marge
3038,Tire Fire,tire fire
3039,Moe's House,moe house
3040,Mason'S House,mason house
3041,Mason'S Boat,mason boat
3042,Spanish Galleon,spanish galleon
3043,Submersible,submersible
3044,Steam Tunnel,steam tunnel
3045,Boiler Room,boiler room
3046,Sixth Grade Class,sixth grade class
3047,Band Room,band room
3048,Roadside Diner,roadside diner
3049,Bathroom Stall,bathroom stall
3050,Diner Bathroom,diner bathroom
3051,Yard Sale,yard sale
3052,Upward Bound Camp,upward bound camp
3053,Go-cart Track,go-cart track
3054,Behind The School,behind the school
3055,Pants Factory,pants factory
3056,Caverns,caverns
3057,Large Marble-Floored Room,large marble-floored room
3058,Tower,tower
3059,Tower Attic Room,tower attic room
3060,Excluders' Club,excluders club
3061,Fog-Shrouded Field,fog-shrouded field
3062,Chamber Of Cave,chamber of cave
3063,Upscale Restaurant,upscale restaurant
3064,Moeview Motel,moeview motel
3065,Edna's Apartment Building,edna apartment building
3066,Sheep'S Thought Bubble (Bighorn Sheep'S Story),sheep thought bubble
3067,Burns's Attic,burns attic
3068,Cave Mouth,cave mouth
3069,Cave Chamber,cave chamber
3070,Outside School,outside school
3071,Riverbank Park,riverbank park
3072,Riverside Park,riverside park
3073,Old Wooden Mill,old wooden mill
3074,Mill,mill
3075,Animal Retirement Home,animal retirement home
3076,Chimp Habitat,chimp habitat
3077,Ruffintumble's Fun Zone,ruffintumble fun zone
3078,Swanky Apartment Building,swanky apartment building
3079,Lenny's Bedroom,lenny bedroom
3080,Lenny's Apartment Building,lenny apartment building
3081,Fox Lot,fox lot
3082,Fox Network Building,fox network building
3083,Suburban Connecticut Home,suburban connecticut home
3084,Dank Irish Pub,dank irish pub
3085,Charles And Verity'S House,charles and verity house
3086,Professional Football Headquarters,professional football headquarters
3087,Duff Beer Etc. Stadium,duff beer etc stadium
3088,Dr. Egoyan's Office,dr egoyan office
3089,Suicide Room,suicide room
3090,Another Springfield Street,another springfield street
3091,Bangalore Airport,bangalore airport
3092,Bangalore Market Place,bangalore market place
3093,Bangalore,bangalore
3094,Bangalore Nuclear Power Plant,bangalore nuclear power plant
3095,Concrete Apartment Building,concrete apartment building
3096,Kavi's Apartment,kavi apartment
3097,Waiting Area,waiting area
3098,Homer's Throne Room,homer throne room
3099,Ceremonial Chamber,ceremonial chamber
3100,"Plymouth, England",plymouth england
3101,Docks,docks
3102,Deck Of The Ship,deck of the ship
3103,Mayflower,mayflower
3104,Ship Deck,ship deck
3105,Atlantic ocean,atlantic ocean
3106,Plymouth Colony,plymouth colony
3107,Portsmouth Harbor,portsmouth harbor
3108,Bounty,bounty
3109,Palapa,palapa
3110,Upside-Down Ship,upside-down ship
3111,Upside Down Ship,upside down ship
3112,Broadway Theater,broadway theater
3113,Springfield Elementary Girls' Side,springfield elementary girls side
3114,Girls' School,girls school
3115,Boys' School,boys school
3116,Pink,pink
3117,Flanders' Front Porch,flanders front porch
3118,Curb,curb
3119,Banquet Hall,banquet hall
3120,Hallway Outside Marge's Hospital Room,hallway outside marge hospital room
3121,Springfield Public Park,springfield public park
3122,Shelbyville Inn,shelbyville inn
3123,Function Room,function room
3124,Seaside Café,seaside café
3125,Springfield Community Theater,springfield community theater
3126,Museum Exhibit,museum exhibit
3127,Weapons Exhibit,weapons exhibit
3128,Hall Of Man,hall of man
3129,Episcopalian Church,episcopalian church
3130,Owner'S Box,owner box
3131,Buck And Tabitha'S House,buck and tabitha house
3132,Springfield Music Hall,springfield music hall
3133,Dressing Room Door,dressing room door
3134,Bad Neighborhood,bad neighborhood
3135,Nice Neighborhood,nice neighborhood
3136,Fat Tony'S Suv,fat tony suv
3137,Suv,suv
3138,Fat Tony'S Mansion,fat tony mansion
3139,Cognac Room,cognac room
3140,Therapy Office,therapy office
3141,Jazzy Goodtime's,jazzy goodtime
3142,Springfield Animal Shelter,springfield animal shelter
3143,Old Springfield Mall,old springfield mall
3144,Builders' Barn,builders barn
3145,Roller Coaster Site,roller coaster site
3146,Thai Food Factory,thai food factory
3147,Roller-Coaster Site,roller-coaster site
3148,Springfield Main Street,springfield main street
3149,Prague,prague
3150,Breadline,breadline
3151,Kbbl Skyscraper,kbbl skyscraper
3152,Kang And Kodos'S Spaceship,kang and kodos spaceship
3153,Military Base,military base
3154,The Sole Provider,the sole provider
3155,Awards Ceremony,awards ceremony
3156,Army Recruitment Office,army recruitment office
3157,Base,base
3158,Visiting Area,visiting area
3159,Ridge,ridge
3160,Colonel'S Tent,colonel tent
3161,Army Command Center,army command center
3162,Internment Camp,internment camp
3163,Springfield Reservoir,springfield reservoir
3164,German Olympic Stadium,german olympic stadium
3165,Athletic Field,athletic field
3166,Spectator Stands,spectator stands
3167,Diving Platform,diving platform
3168,Area Beside Track,area beside track
3169,Seedy Neighborhood,seedy neighborhood
3170,Regent Hotel,regent hotel
3171,New York,new york
3172,American Poetry Perspectives,american poetry perspectives
3173,New England Countryside,new england countryside
3174,College-looking Building,college-looking building
3175,Main Building,main building
3176,Cocktail Party,cocktail party
3177,Wordloaf,wordloaf
3178,Vermont,vermont
3179,Roadside Maple Syrup Stand,roadside maple syrup stand
3180,Pond,pond
3181,Break Room,break room
3182,Black Void,black void
3183,Nelson'S Backyard,nelson backyard
3184,Locker,locker
3185,Rocky Coast,rocky coast
3186,Tide Pools,tide pools
3187,Grotto,grotto
3188,Rocky Beach,rocky beach
3189,Springfield Sports Arena,springfield sports arena
3190,Sports Arena,sports arena
3191,Scottsdale,scottsdale
3192,Jackpot Realty Building,jackpot realty building
3193,Scottsdale House,scottsdale house
3194,Simpson Scottsdale House,simpson scottsdale house
3195,Ferry Dock,ferry dock
3196,Ferry Boat,ferry boat
3197,Barnacle Bay,barnacle bay
3198,Dilapidated Hotel,dilapidated hotel
3199,Low-Quality Inn,low-quality inn
3200,The Rotting Pelican,the rotting pelican
3201,Open Sea,open sea
3202,Oceanographic Institute,oceanographic institute
3203,Old New England Lighthouse,old new england lighthouse
3204,Captain'S Bridge,captain bridge
3205,Stormy Seas,stormy seas
3206,Japanese Fishing Trawler,japanese fishing trawler
3207,New England Forest,new england forest
3208,Interstate,interstate
3209,Paris,paris
3210,Chez Simpson,chez simpson
3211,Palais De Justice,palais de justice
3212,Chateau d'If Prison,chateau dif prison
3213,Chateau d'If,chateau dif
3214,Deserted Island,deserted island
3215,Beautiful Palace,beautiful palace
3216,Chez Meaux,chez meaux
3217,Monte Cristo'S Palace,monte cristo palace
3218,Opera Hall,opera hall
3219,Bart-man's Mansion,bart-man mansion
3220,Outlook,outlook
3221,Cletus' Barn,cletus barn
3222,Road Outside Springfield,road outside springfield
3223,Springfield Multicultural Center,springfield multicultural center
3224,Center,center
3225,North Haverbrook Main Drag,north haverbrook main drag
3226,North Haverbrook Overlook,north haverbrook overlook
3227,North Haverbrook Courthouse,north haverbrook courthouse
3228,Capital City Convention Center,capital city convention center
3229,Convention Center Auditorium,convention center auditorium
3230,Chapel Office,chapel office
3231,Play Field (Black And White),play field
3232,Art Room,art room
3233,Infomercial Studio,infomercial studio
3234,Homer and Marge's First Apartment,homer and marge first apartment
3235,Lakeside Mansion,lakeside mansion
3236,Café De Mexico,café de mexico
3237,Upscale Apartment,upscale apartment
3238,Marge's Apartment,marge apartment
3239,Dept. Store,dept store
3240,Homer and Marge's Apartment,homer and marge apartment
3241,Shuttle,shuttle
3242,Spuckler Farm,spuckler farm
3243,Dr. Swanson's Office,dr swanson office
3244,Different Psychologist's Office,different psychologist office
3245,Honeymoon Suite,honeymoon suite
3246,Grampa and Selma's House,grampa and selma house
3247,Dmv Front Area,dmv front area
3248,Travel Agency,travel agency
3249,Large Magazine Building,large magazine building
3250,Editor'S Office,editor office
3251,Upscale Supermarket,upscale supermarket
3252,Pillowmint Hotel,pillowmint hotel
3253,The Springfield Inquisitor Offices,the springfield inquisitor offices
3254,Waterfall,waterfall
3255,Celebrity Mansion,celebrity mansion
3256,Tabloid Editor'S Office,tabloid editor office
3257,Hip Club,hip club
3258,Snub Club,snub club
3259,Ocean Rig,ocean rig
3260,Earthland Realms,earthland realms
3261,Trophy Room,trophy room
3262,Little League Field,little league field
3263,Shelbyville Grand Wailea Hotel,shelbyville grand wailea hotel
3264,Fire Station,fire station
3265,Dalmatian Kennel,dalmatian kennel
3266,Jewel-Encrusted Doodads Room,jewel-encrusted doodads room
3267,Springfield Public Pool,springfield public pool
3268,The Sharper Mark-Up,the sharper mark-up
3269,Burning Apartment Building,burning apartment building
3270,Upper Apartment,upper apartment
3271,Skid Row Mission,skid row mission
3272,Outdoor Fairgrounds,outdoor fairgrounds
3273,October Harvest Festival,october harvest festival
3274,Harvest Festival,harvest festival
3275,Corn Maze,corn maze
3276,Springfield Animal Police Academy,springfield animal police academy
3277,Cop Bar,cop bar
3278,Lou's Police Cruiser,lou police cruiser
3279,Lou'S Townhouse,lou townhouse
3280,Ctu,ctu
3281,Bullies' Hideout,bullies hideout
3282,Jimbo'S Basement,jimbo basement
3283,Jimbo'S House,jimbo house
3284,Ventilation Room,ventilation room
3285,Wiener Water,wiener water
3286,Spinster City Apt.,spinster city apt
3287,Mayor Quimby'S Mansion,mayor quimby mansion
3288,Sewer,sewer
3289,Springfield Dental Complex,springfield dental complex
3290,Dental Complex,dental complex
3291,Dental Treatment Room,dental treatment room
3292,Dental Room,dental room
3293,Channel Six Weather Desk,channel six weather desk
3294,Brockman'S Office,brockman office
3295,Sideshow Mel's House,sideshow mel house
3296,Dark Castle,dark castle
3297,Chicago'S Midway Airport,chicago midway airport
3298,Second City Theater,second city theater
3299,Midway Airport,midway airport
3300,Barney's,barney
3301,Handyman's Choice Factory,handyman choice factory
3302,Handyman'S Choice,handyman choice
3303,Handyman'S Choice Corporation,handyman choice corporation
3304,Shelbyville Airport,shelbyville airport
3305,Burns's Chest,burns chest
3306,Guidopolis Mook-E-Mart,guidopolis mook-e-mart
3307,Bank Parking Lot,bank parking lot
3308,Guidopolis Street,guidopolis street
3309,Tow Truck Cab,tow truck cab
3310,Inside Impound Lot,inside impound lot
3311,Town Line,town line
3312,Louie'S House,louie house
3313,Louie'S Basement,louie basement
3314,Guidopolis,guidopolis
3315,Streets Of Guidopolis,streets of guidopolis
3316,Apple Orchard,apple orchard
3317,Ladies Clothes Store,ladies clothes store
3318,Prison Yard,prison yard
3319,Therapist's Office,therapist office
3320,Upstairs Hallway Bathroom,upstairs hallway bathroom
3321,Construction Site Overlooking Museum,construction site overlooking museum
3322,Girder,girder
3323,What Looks Like Couples Therapist's Office,what looks like couples therapist office
3324,Deserted Street,deserted street
3325,Government Building,government building
3326,Mrs. Skinner'S Front Door,mrs skinner front door
3327,Heck House,heck house
3328,Cruise Ship Terminal,cruise ship terminal
3329,Cruise Ship,cruise ship
3330,Springfield Countryside,springfield countryside
3331,Telephone Company Office,telephone company office
3332,Coolsville,coolsville
3333,Flashy Gym,flashy gym
3334,L.A. Body Works,la body works
3335,Storefront,storefront
3336,Shapes,shapes
3337,Mini Mall,mini mall
3338,Palm Springfield,palm springfield
3339,Resort,resort
3340,Fancy Reception,fancy reception
3341,Plastic Surgeon's Office,plastic surgeon office
3342,Surgery Room,surgery room
3343,Nurse's Station,nurse station
3344,Shopping Center,shopping center
3345,Gadget Gulch,gadget gulch
3346,Living Room Set (Commercial),living room set
3347,Freeway Offramp,freeway offramp
3348,Rib Restaurant,rib restaurant
3349,Wes Doobner's Restaurant,wes doobner restaurant
3350,Casket,casket
3351,Dimwillie's,dimwillie
3352,Medium-sized Medical Building,medium-sized medical building
3353,Medical Office,medical office
3354,Treatment Room,treatment room
3355,Homer's Apartment,homer apartment
3356,Homer's Memory,homer memory
3357,Below Bridge,below bridge
3358,Air Below Bridge,air below bridge
3359,Duff Party Boat,duff party boat
3360,Party Boat,party boat
3361,New Hampshire,new hampshire
3362,Corporate Hotel,corporate hotel
3363,Spooky Castle,spooky castle
3364,Republican Party Castle,republican party castle
3365,Trader Earth's,trader earth
3366,Prof. August'S Class,prof august class
3367,College,college
3368,College Campus,college campus
3369,Professor August'S Office,professor august office
3370,College Green,college green
3371,Grunge Club,grunge club
3372,Brownstone,brownstone
3373,Victorian Mansion,victorian mansion
3374,Rural Road Near Beach,rural road near beach
3375,Student Union,student union
3376,Little Seattle,little seattle
3377,Classic Simpsons Mini-golf Course,classic simpsons mini-golf course
3378,Tunnel Of Love,tunnel of love
3379,Rural Texas,rural texas
3380,Small Town Bank,small town bank
3381,Upscale Early 20Th Century Neighborhood,upscale early 20th century neighborhood
3382,The Vamp'S Mansion,the vamp mansion
3383,Crest Of Hill,crest of hill
3384,Dog Moe's Watering Hole,dog moe watering hole
3385,The Vamp'S Yard,the vamp yard
3386,Punk Club,punk club
3387,London Street Outside Club,london street outside club
3388,Indoor Arena,indoor arena
3389,Cbgb,cbgb
3390,Loaner Car,loaner car
3391,Loading Dock Behind Auditorium,loading dock behind auditorium
3392,Storage Warehouse,storage warehouse
3393,Warehouse Roof,warehouse roof
3394,Bleachers,bleachers
3395,Television Room,television room
3396,Springfield National Forest- Day,springfield national forest- day
3397,Springfield National Forest- Another Area,springfield national forest- another area
3398,Black Van,black van
3399,Sneakers Van,sneakers van
3400,Taj-Mah-All-You-Can-Eat,taj-mah-all-you-can-eat
3401,Springfield National Forest- Accident Site,springfield national forest- accident site
3402,"""mistress-style"" Apartment",mistress-style apartment
3403,Prince House,prince house
3404,Butterfly Enclosure,butterfly enclosure
3405,Chazz Busby Ballet Academy,chazz busby ballet academy
3406,Ballet Academy,ballet academy
3407,Springfield Ballet Theater,springfield ballet theater
3408,Raccoon Hutch,raccoon hutch
3409,Rural Highway,rural highway
3410,Other Car,other car
3411,Main Farm Building,main farm building
3412,Cheddarbarrel Farm,cheddarbarrel farm
3413,Pig Pen,pig pen
3414,Chicken Area,chicken area
3415,Picnic Table,picnic table
3416,Dairy Barn,dairy barn
3417,Calf Judging Tent,calf judging tent
3418,Feedlot,feedlot
3419,Rural Farm,rural farm
3420,Spuckler House,spuckler house
3421,Transport Vehicle,transport vehicle
3422,Cow Suit,cow suit
3423,Feedlot Truck,feedlot truck
3424,Vehicle,vehicle
3425,Near Simpson Car,near simpson car
3426,Utah Mountains,utah mountains
3427,Sundance Institute,sundance institute
3428,Mountain Top Highway,mountain top highway
3429,Park City,park city
3430,Chili Tent,chili tent
3431,Nelson's Trailer,nelson trailer
3432,Stuff-N-Hug,stuff-n-hug
3433,Abe and Mona's House,abe and mona house
3434,Springfield Funeral Home,springfield funeral home
3435,Springfield Monument Park,springfield monument park
3436,Higher Up On Mesa,higher up on mesa
3437,Foot Of Mountain,foot of mountain
3438,Further Up Mesa,further up mesa
3439,Butte,butte
3440,Top Of Butte,top of butte
3441,Secret Base,secret base
3442,Mountain Secret Base,mountain secret base
3443,Springfield Hilton,springfield hilton
3444,Sound Stage,sound stage
3445,The Krusty Show Soundstage,the krusty show soundstage
3446,Krusty's Cabin,krusty cabin
3447,Gavelby's Auction House,gavelby auction house
3448,Downtown Springfield Street,downtown springfield street
3449,Lucky Jim'S Bail Bonds,lucky jim bail bonds
3450,Lucky Jim'S,lucky jim
3451,Au Naturel,au naturel
3452,Homer And Ned's Office,homer and ned office
3453,Subway Platform,subway platform
3454,Concrete,concrete
3455,Penitentiary,penitentiary
3456,Tunisian Desert,tunisian desert
3457,Hawaiian Bar,hawaiian bar
3458,"Sydney, Australia",sydney australia
3459,Australian Bar,australian bar
3460,"Stockholm, Sweden",stockholm sweden
3461,Inga-Bar Beerman's,inga-bar beerman
3462,Andes Mountains,andes mountains
3463,Machu Picchu,machu picchu
3464,Woosterfield Hotel,woosterfield hotel
3465,Regency Ballroom,regency ballroom
3466,Bathroom Stalls,bathroom stalls
3467,Woosterfield Manor,woosterfield manor
3468,Incredibly Cool Indoor Pool,incredibly cool indoor pool
3469,Huge Stately Library,huge stately library
3470,Simon'S Room,simon room
3471,Woosterfield Estate,woosterfield estate
3472,Aspen,aspen
3473,Downtown Aspen,downtown aspen
3474,Mountainside,mountainside
3475,Ski Lift Chair,ski lift chair
3476,Picturesque Roadside,picturesque roadside
3477,Homer's Roadster,homer roadster
3478,Millionaire's House,millionaire house
3479,Kozy Kabins,kozy kabins
3480,Bouvier Residence,bouvier residence
3481,Party,party
3482,Cabana,cabana
3483,Pool Area,pool area
3484,Glider,glider
3485,Woods Near Kozy Kottages,woods near kozy kottages
3486,Kozy Lake,kozy lake
3487,Woods Nearby,woods nearby
3488,Woods Near Kozy Kabins,woods near kozy kabins
3489,Park Ranger Observation Tower,park ranger observation tower
3490,Chasm,chasm
3491,License Bureau,license bureau
3492,Gay Dance Club,gay dance club
3493,Springfield Hyatt,springfield hyatt
3494,Springfield - Establishing,springfield - establishing
3495,Springfield Mall Parking Lot,springfield mall parking lot
3496,Mapple Store,mapple store
3497,Springfield Street - Early Evening,springfield street - early evening
3498,Springfield - Morning,springfield - morning
3499,Streets Of Springfield - Night,streets of springfield - night
3500,Bashir'S House,bashir house
3501,Amid'S Study,amid study
3502,Office #1,office 1
3503,Under Sea,under sea
3504,Mapple World Headquarters,mapple world headquarters
3505,Billionaires Retreat,billionaires retreat
3506,Camping Lodge,camping lodge
3507,Dallas,dallas
3508,Burns's Box,burns box
3509,Springfield Sports Palace,springfield sports palace
3510,Sports Palace - Continuous,sports palace - continuous
3511,Greenhouse,greenhouse
3512,Springfield - Night,springfield - night
3513,Excitement Arena,excitement arena
3514,Jumbotron Booth,jumbotron booth
3515,Arena Court - Continuous,arena court - continuous
3516,Springfield Excitement Arena,springfield excitement arena
3517,Springfield Rec Center,springfield rec center
3518,Kung Fu Class,kung fu class
3519,Rec Center,rec center
3520,Fancy Private School,fancy private school
3521,Pinkberry-Type Yogurt Store,pinkberry-type yogurt store
3522,Hobbes House,hobbes house
3523,Ellis island,ellis island
3524,Large Function Room,large function room
3525,Clam-elot Seafood,clam-elot seafood
3526,Clam-a-lot Seafood,clam-a-lot seafood
3527,Springfield High (1970S) - Auditorium,springfield high - auditorium
3528,Retirement Community,retirement community
3529,Luigi's Back Room,luigi back room
3530,Springfield High (1970S) - Alternate Reality,springfield high - alternate reality
3531,Luigi's Kitchen,luigi kitchen
3532,Springfield High (1970S) - Gym,springfield high - gym
3533,Large Beautiful House,large beautiful house
3534,Springfield Wall of Fame,springfield wall of fame
3535,Outskirts Of Capital City,outskirts of capital city
3536,Rundown Downtown Gas Station,rundown downtown gas station
3537,Gas Station Restroom Door,gas station restroom door
3538,Seedy Gas Station Bathroom,seedy gas station bathroom
3539,Seedy Gas Station,seedy gas station
3540,Garbage Barge,garbage barge
3541,Countryfine Mortgage Brokers,countryfine mortgage brokers
3542,Countryfine Bank,countryfine bank
3543,Ned'S House,ned house
3544,Usa,usa
3545,Poison Store,poison store
3546,River Bank,river bank
3547,Convent,convent
3548,Convent Steps,convent steps
3549,Clock Tower,clock tower
3550,Sailing Ship,sailing ship
3551,Field Near Beach,field near beach
3552,Bell Tower,bell tower
3553,Hillside Near Springfield Sign,hillside near springfield sign
3554,Ireland,ireland
3555,Irish Countryside,irish countryside
3556,Dunkilderry,dunkilderry
3557,Tom O'Flanagan'S,tom oflanagan
3558,Tom O'Flanagan'S Pub,tom oflanagan pub
3559,Giant's Causeway,giant causeway
3560,Guinness Brewery,guinness brewery
3561,Blarney Castle,blarney castle
3562,Dublin,dublin
3563,Simpson & Son Pub,simpson son pub
3564,Irish Police Station,irish police station
3565,Coast Guard Headquarters,coast guard headquarters
3566,Bridal store,bridal store
3567,Bakery,bakery
3568,Swell-Air Hotel,swell-air hotel
3569,Groom'S Room,groom room
3570,Dark Mysterious Room,dark mysterious room
3571,Swell-Air Hotel- Bride'S Room,swell-air hotel- bride room
3572,Small Creepy House,small creepy house
3573,Spinster Arms,spinster arms
3574,Children'S Park,children park
3575,Lovers' Lane,lovers lane
3576,Moe's Car,moe car
3577,Ogdenville,ogdenville
3578,Wooded Street,wooded street
3579,Maya'S House,maya house
3580,Alcatraz Avenue,alcatraz avenue
3581,Doorstep,doorstep
3582,Dr. Hibbert's Office Building,dr hibbert office building
3583,Crafty Art's Arts & Crafts,crafty art arts crafts
3584,Model Store,model store
3585,Westminster Abbey,westminster abbey
3586,Red Blazer Real Estate Office,red blazer real estate office
3587,Waverly Hills Apartments,waverly hills apartments
3588,Two-story Apartment Building,two-story apartment building
3589,Waverly Hills,waverly hills
3590,Waverly Hills City Hall,waverly hills city hall
3591,Homer's Waverly Hills Apt. Bldg.,homer waverly hills apt bldg
3592,Waverly Hills Elementary School,waverly hills elementary school
3593,Phone Company Control Room,phone company control room
3594,Homer's Apartment Building,homer apartment building
3595,Party Apartment,party apartment
3596,Tapas Bar,tapas bar
3597,Rodeo Drive-type Street,rodeo drive-type street
3598,Bart's Tree House,bart tree house
3599,Finger-Looking Good Nail Salon,finger-looking good nail salon
3600,Dodger Stadium,dodger stadium
3601,Richmond Palace,richmond palace
3602,Spanish Castle,spanish castle
3603,Elizabeth'S Castle,elizabeth castle
3604,English Beach,english beach
3605,English Ship,english ship
3606,Deck Of Spanish Ship,deck of spanish ship
3607,Elizabeth'S Palace,elizabeth palace
3608,Mine,mine
3609,Dwarves' Cottage,dwarves cottage
3610,Scottish Castle,scottish castle
3611,Sideshow Mel's Dressing Room,sideshow mel dressing room
3612,Springfield Theater,springfield theater
3613,Community Theater,community theater
3614,911 Operator Office,911 operator office
3615,Mediocri-Tots Daycare Center,mediocri-tots daycare center
3616,Ginormous Pictures Studios,ginormous pictures studios
3617,Ginormous Pictures,ginormous pictures
3618,Stahl Case Study House,stahl case study house
3619,Private Gym,private gym
3620,Springfield Soundstage,springfield soundstage
3621,Mrs. Krabappel's Car,mrs krabappel car
3622,Fancy Prep School,fancy prep school
3623,Krabappel'S Apt.,krabappel apt
3624,Mrs. Krabappel'S Apt.,mrs krabappel apt
3625,Edna's Edibles,edna edibles
3626,Fight Arena,fight arena
3627,Promoter'S Skybox,promoter skybox
3628,Martial Arts Academy,martial arts academy
3629,Stately Gothic Building,stately gothic building
3630,Yale Club,yale club
3631,Springfield Elementary Field,springfield elementary field
3632,Jeep,jeep
3633,Desert Area,desert area
3634,Safe Zone,safe zone
3635,Photo Studio,photo studio
3636,Carl's Office,carl office
3637,"""Smooches On The Beach"" Hotel",smooches on the beach hotel
3638,French Presidential Palace,french presidential palace
3639,Front Lawn,front lawn
3640,Frozen Lake,frozen lake
3641,Snow-Covered Shack,snow-covered shack
3642,Near Still,near still
3643,Spuckler Porch,spuckler porch
3644,Field Near Cletus's Shack,field near cletus shack
3645,Springfield Woods,springfield woods
3646,Hollowed-Out Tree,hollowed-out tree
3647,Springfield Hill Country,springfield hill country
3648,Hillbilly Region,hillbilly region
3649,Snowy Woods,snowy woods
3650,Springfield Courtroom,springfield courtroom
3651,Gumdrop Company,gumdrop company
3652,Bart'S Powerless Room,bart powerless room
3653,Snow Pile,snow pile
3654,Snow Chamber,snow chamber
3655,Giant Snow Bank,giant snow bank
3656,Seaworld-type Park,seaworld-type park
3657,Clam Stroller,clam stroller
3658,Slimu Stadium,slimu stadium
3659,Inside Aquatic Stadium,inside aquatic stadium
3660,Springfield Union Station,springfield union station
3661,Marshall Goldman'S Office,marshall goldman office
3662,Tinseltown Starliner,tinseltown starliner
3663,Grampa's Compartment,grampa compartment
3664,Train Car,train car
3665,Krustylu Studio Store,krustylu studio store
3666,Capital City Nuclear Plant,capital city nuclear plant
3667,Penelope'S Dressing Room,penelope dressing room
3668,Capital City Four Seasons,capital city four seasons
3669,Country Club Banquet Hall,country club banquet hall
3670,Torah Room,torah room
3671,Sidewalk Café,sidewalk café
3672,Elsewhere In Paris,elsewhere in paris
3673,Surface Of Water,surface of water
3674,Circuit Circus,circuit circus
3675,Electronics Store,electronics store
3676,Lower Down Mountain,lower down mountain
3677,Staples Center-Type Arena,staples center-type arena
3678,Zero-G Jet,zero-g jet
3679,Springfield Ice Rink,springfield ice rink
3680,Mrs. Skinner's Womb,mrs skinner womb
3681,Denver,denver
3682,Broomfield Event Center,broomfield event center
3683,Broomfield Ice Arena,broomfield ice arena
3684,Vancouver,vancouver
3685,Vancouver Street,vancouver street
3686,Vancouver Olympic Stadium,vancouver olympic stadium
3687,Olympic Village,olympic village
3688,Ski Jump,ski jump
3689,Vancouver Olympic Centre,vancouver olympic centre
3690,Vancouver Olympic Village,vancouver olympic village
3691,Marge and Homer's Apartment,marge and homer apartment
3692,Sports Chalet Set,sports chalet set
3693,Spot-Lit Theatrical Stage,spot-lit theatrical stage
3694,Modest 1860S' House,modest 1860s house
3695,Burns's Plantation House,burns plantation house
3696,Garden Outside Burns's Ballroom,garden outside burns ballroom
3697,Burns's Plantation,burns plantation
3698,Wilderness,wilderness
3699,Traveling Circus,traveling circus
3700,Old Simpson House,old simpson house
3701,Film Vault,film vault
3702,Niagara Falls,niagara falls
3703,Modest Snow-Covered House,modest snow-covered house
3704,Subway Stairwell,subway stairwell
3705,Subterranean Tunnel,subterranean tunnel
3706,Abandoned Subway Station,abandoned subway station
3707,Subway Tunnel,subway tunnel
3708,Park Playground,park playground
3709,Subway,subway
3710,Subway Terminal,subway terminal
3711,Subway Track,subway track
3712,Subway Control Booth,subway control booth
3713,Futuristic World,futuristic world
3714,Miss Hoover'S Room,miss hoover room
3715,Miss Stringham's Classroom,miss stringham classroom
3716,Springfield Imax Theater,springfield imax theater
3717,Ben Gurion Airport,ben gurion airport
3718,Mt. Zion,mt zion
3719,Near the Western Wall,near the western wall
3720,Western Wall,western wall
3721,Church of the Holy Sepulchre,church of the holy sepulchre
3722,Streets Of Old Jerusalem,streets of old jerusalem
3723,Dome Of The Rock,dome of the rock
3724,Israeli Air Airplane,israeli air airplane
3725,Burns's Wine Cellar,burns wine cellar
3726,Grassy Field,grassy field
3727,Front Of Party House,front of party house
3728,Springfield Play Park,springfield play park
3729,Louie's Car,louie car
3730,Alternative Energy Fair,alternative energy fair
3731,Open Water,open water
3732,Monitor Room,monitor room
3733,Surveillance Center,surveillance center
3734,1980s Volkswagen Mini-van,1980s volkswagen mini-van
3735,Ocean Ferry Docks,ocean ferry docks
3736,Lobster Trap,lobster trap
3737,Ferry Deck,ferry deck
3738,Weasel Island,weasel island
3739,Civil War Prison,civil war prison
3740,Crib,crib
3741,Street In Front Of Apu And Manjula's Apartment,street in front of apu and manjula apartment
3742,Street Near Springfield Ferry Dock,street near springfield ferry dock
3743,Iceland,iceland
3744,Walt Warren Backyard,walt warren backyard
3745,Walt'S House,walt house
3746,"""Walt'S"" Car",walt car
3747,Two-Man Cell,two-man cell
3748,Hospital Medical Ward,hospital medical ward
3749,Padded Cell,padded cell
3750,Gas & Grub,gas grub
3751,Remote Wilderness,remote wilderness
3752,Tijuana Streets,tijuana streets
3753,Five Corners,five corners
3754,Ugly Dog Contest Stage,ugly dog contest stage
3755,Springfield Elks Lodge,springfield elks lodge
3756,Springfield University Medical School - Establishing,springfield university medical school - establishing
3757,Springfield University Medical School - A Little Later,springfield university medical school - a little later
3758,Los Angeles Airport,los angeles airport
3759,Lax,lax
3760,Springfield Street - Evening,springfield street - evening
3761,Sports Bar,sports bar
3762,Hollywood - Day,hollywood - day
3763,20th Century Fox Studios,20th century fox studios
3764,American Idol Set,american idol set
3765,Springfield Municipal Golf Course,springfield municipal golf course
3766,Krusty's Limo,krusty limo
3767,Road Leading Away From Airport,road leading away from airport
3768,Arts Camp,arts camp
3769,Cabin 12,cabin 12
3770,Expressions- The Next Morning,expressions- the next morning
3771,Camp Stage,camp stage
3772,Expressions- Wooded Clearing,expressions- wooded clearing
3773,"The Hague, Netherlands",the hague netherlands
3774,International Court Of Justice,international court of justice
3775,Expressions- Great Lawn,expressions- great lawn
3776,Expressions,expressions
3777,Sprooklyn,sprooklyn
3778,Run-down Apartment Building,run-down apartment building
3779,The Hague,the hague
3780,Nearly-empty Coffee House,nearly-empty coffee house
3781,Ethan and Kurt's Apartment,ethan and kurt apartment
3782,Fancy Nightclub,fancy nightclub
3783,"Large, Pillared, Imposing-Looking Bank",large pillared imposing-looking bank
3784,Asia de Cuba de Springfield,asia de cuba de springfield
3785,Nelson'S Bike Shop,nelson bike shop
3786,Roller Rink,roller rink
3787,Isotots Stadium,isotots stadium
3788,Press Booth,press booth
3789,On Deck Circle,on deck circle
3790,Broadcasters' Booth,broadcasters booth
3791,Various Locations Around Capital City,various locations around capital city
3792,Drops And Risers Game,drops and risers game
3793,Simpson House Front Lawn,simpson house front lawn
3794,Water,water
3795,South Pacific,south pacific
3796,Sailboat,sailboat
3797,Albatross,albatross
3798,Simpsons' Boat,simpsons boat
3799,Simpson Boat,simpson boat
3800,Homer And Marge's Yacht,homer and marge yacht
3801,Marge And Homer's Yacht,marge and homer yacht
3802,Misty Forest,misty forest
3803,Church Bell Tower,church bell tower
3804,West Springfield,west springfield
3805,Texxon Station,texxon station
3806,Marge'S Childhood Room,marge childhood room
3807,Lisa's Window,lisa window
3808,Cloisters Academy,cloisters academy
3809,Statue of Liberty's Crown,statue of liberty crown
3810,Newsroom Set,newsroom set
3811,Hospital Lobby,hospital lobby
3812,Cliff Overlooking The Sea,cliff overlooking the sea
3813,Sky Near Cliff,sky near cliff
3814,Dick Cheney'S House,dick cheney house
3815,Doctor Thurston' Office,doctor thurston office
3816,Ostrich Farm,ostrich farm
3817,Ostrich World,ostrich world
3818,North Pole,north pole
3819,Train Platform,train platform
3820,Wrapping Room,wrapping room
3821,Toy Inspection Area,toy inspection area
3822,Clausco Building,clausco building
3823,1940S Version Of Simpson House,1940s version of simpson house
3824,Ardennes Forest,ardennes forest
3825,Springfield Aircraft Plant,springfield aircraft plant
3826,1943 Springfield,1943 springfield
3827,Le Gamaar Movie Theater,le gamaar movie theater
3828,Snowy Landscape,snowy landscape
3829,Broadway Show,broadway show
3830,Court House,court house
3831,Court House Clerical Area,court house clerical area
3832,Court Room,court room
3833,Federal Building,federal building
3834,FBI Observation Van,fbi observation van
3835,Prison Cafeteria,prison cafeteria
3836,Surveillance Room,surveillance room
3837,Italian Social Club,italian social club
3838,Art Classroom,art classroom
3839,5th Grade Classroom,5th grade classroom
3840,Springfield Playground,springfield playground
3841,Enchanted Snail Restaurant,enchanted snail restaurant
3842,The Enchanted Snail,the enchanted snail
3843,Springfield Four Seasons Hotel,springfield four seasons hotel
3844,Burns's Library,burns library
3845,League Of Extra-Horny Gentlemen,league of extra-horny gentlemen
3846,Mo'S Tavern,mo tavern
3847,Mo'S,mo
3848,Zip Zap and 'Za Pizza Arcade,zip zap and za pizza arcade
3849,Patrick'S House,patrick house
3850,Zoo Entrance,zoo entrance
3851,Apiary,apiary
3852,Sheldon Leavitt'S Office,sheldon leavitt office
3853,Springfield Airport Motor Lodge,springfield airport motor lodge
3854,Julio's Hair Salon,julio hair salon
3855,Homer's Head,homer head
3856,Singles Club,singles club
3857,Starbucks-Style Coffee Shop,starbucks-style coffee shop
3858,Rice Paddy,rice paddy
3859,China - Day,china - day
3860,Monastery,monastery
3861,Nobleman'S Fortress,nobleman fortress
3862,Courtyard Of Fortress,courtyard of fortress
3863,Yogurt Nook,yogurt nook
3864,Late '90S-Era Internet Start-Up Office,late 90s-era internet start-up office
3865,Animation Studios,animation studios
3866,Bullpen,bullpen
3867,Building 1,building 1
3868,Projection Room,projection room
3869,Beverly Hilton-Type Hotel,beverly hilton-type hotel
3870,Hotel Hollywood Hotel,hotel hollywood hotel
3871,Kodak Theater,kodak theater
3872,Watts Towers - Meanwhile,watts towers - meanwhile
3873,L.A. Freeway,la freeway
3874,Hollywood Blvd. - A Little Later,hollywood blvd - a little later
3875,English Village,english village
3876,Off In The Sagebrush,off in the sagebrush
3877,Desert State Park,desert state park
3878,Gold Mine,gold mine
3879,Elsewhere In Desert,elsewhere in desert
3880,Upstairs Bathroom,upstairs bathroom
3881,Springfield Pharmaceuticals,springfield pharmaceuticals
3882,Tarmac Outside Springfield Pharmaceuticals,tarmac outside springfield pharmaceuticals
3883,Near Park,near park
3884,The Simpson Attic,the simpson attic
3885,Springfield Clamphitheater,springfield clamphitheater
3886,Shabby House,shabby house
3887,Tour Van,tour van
3888,Cat Lady'S House,cat lady house
3889,Outdoor Half-Shell Stage,outdoor half-shell stage
3890,Wacky's Comedy Club,wacky comedy club
3891,Comedy Club,comedy club
3892,Maze,maze
3893,Capitol City Theater,capitol city theater
3894,Ogdenville Barley Palace,ogdenville barley palace
3895,Sky Above Plant,sky above plant
3896,Springfield Atoms Stadium,springfield atoms stadium
3897,Elsewhere In Stadium Concourse,elsewhere in stadium concourse
3898,Counseling Center,counseling center
3899,Homeless Camp,homeless camp
3900,Field Of Cacti,field of cacti
3901,Freestone Family Peach Orchard,freestone family peach orchard
3902,Peach Orchard,peach orchard
3903,Springfield Day Spa,springfield day spa
3904,Horticulture Society,horticulture society
3905,Little Baltimore,little baltimore
3906,Victorian Brownstone,victorian brownstone
3907,Raymondo'S House,raymondo house
3908,Victorian Townhouse,victorian townhouse
3909,Raymondo'S Mansion,raymondo mansion
3910,Springfield Magic Palace,springfield magic palace
3911,Grassy Area Next To Forest,grassy area next to forest
3912,FBI Surveillance Truck,fbi surveillance truck
3913,Hotel Parking Lot,hotel parking lot
3914,Fat Tony'S Beach House,fat tony beach house
3915,Homer'S Boyhood House,homer boyhood house
3916,Homer's Salon,homer salon
3917,Springfield Inn,springfield inn
3918,Policeman's Ball,policeman ball
3919,Narrow Mountain Road,narrow mountain road
3920,Duff Brewery Grounds,duff brewery grounds
3921,Springfield Elementary School Basement,springfield elementary school basement
3922,Key Store,key store
3923,Woodshop,woodshop
3924,Skies Over Springfield,skies over springfield
3925,Mysterious Basement Classroom,mysterious basement classroom
3926,Circular Classroom,circular classroom
3927,Imposing Downtown Springfield Building,imposing downtown springfield building
3928,Administrative Detention Room,administrative detention room
3929,Detention Facility,detention facility
3930,Rubber Room,rubber room
3931,Administrative Suspension Building,administrative suspension building
3932,Mall Restaurant,mall restaurant
3933,Comic Book Guy's Office,comic book guy office
3934,"""top Chef"" Kitchen",top chef kitchen
3935,High-Tech Training Facility,high-tech training facility
3936,Cia Office,cia office
3937,Sleep-Eazy Motel,sleep-eazy motel
3938,Gutter,gutter
3939,Kiev,kiev
3940,Viktor'S Mansion,viktor mansion
3941,Ice Skating Facility,ice skating facility
3942,Pep Closet,pep closet
3943,Chalmers' House,chalmers house
3944,Box,box
3945,Springfield Lake,springfield lake
3946,A Lush Jungle Planet,a lush jungle planet
3947,Military Briefing Room,military briefing room
3948,Avatar Linking Station,avatar linking station
3949,Pandora,pandora
3950,Rigel 7,rigel 7
3951,Jungle Clearing,jungle clearing
3952,Dr. Frankenstein'S Castle,dr frankenstein castle
3953,Side Of Pond,side of pond
3954,Homer and Roz's Workstations,homer and roz workstations
3955,Retirement Castle Recreation Room,retirement castle recreation room
3956,Roz's Workstation,roz workstation
3957,E4,e4
3958,Event Center,event center
3959,Strange Neighborhood,strange neighborhood
3960,Ethiopian Neighborhood,ethiopian neighborhood
3961,Little Ethiopia,little ethiopia
3962,Ethiopian Restaurant,ethiopian restaurant
3963,Marge'S Dream,marge dream
3964,English Bedroom,english bedroom
3965,El Chemistri,el chemistri
3966,Wrong Address,wrong address
3967,Real El Chemistri,real el chemistri
3968,Meth Lab,meth lab
3969,Burning Meth Lab,burning meth lab
3970,Krustyland,krustyland
3971,Duff Center Arena,duff center arena
3972,Outer Concourse,outer concourse
3973,Changing Room,changing room
3974,Corporate Skyscraper,corporate skyscraper
3975,"""Tween Lit Inc."" Meeting Room",tween lit inc meeting room
3976,Convention Floor,convention floor
3977,Slick Publisher'S Office,slick publisher office
3978,Literary Towers,literary towers
3979,Literary Towers Lobby,literary towers lobby
3980,Printing Room Floor,printing room floor
3981,Bookaccinos,bookaccinos
3982,The Loin King,the loin king
3983,Chophouse,chophouse
3984,Sports Stadium,sports stadium
3985,Condo Skyscraper,condo skyscraper
3986,Robert Marlowe's Fancy Apartment,robert marlowe fancy apartment
3987,Rattler River Canyon,rattler river canyon
3988,Simpson Raft,simpson raft
3989,Ballet Stage,ballet stage
3990,Channel Six Office Building,channel six office building
3991,Channel Six Studios Conference Room,channel six studios conference room
3992,UPA Agency building,upa agency building
3993,Dinky Office Building,dinky office building
3994,Small Office Building,small office building
3995,The Village Id,the village id
3996,The Off-Broadway Deli,the off-broadway deli
3997,Annie's Apartment,annie apartment
3998,Annie'S Talent Agency,annie talent agency
3999,Hbo-Type Cable Network Boardroom,hbo-type cable network boardroom
4000,Hbowtime Studio,hbowtime studio
4001,Network Boardroom,network boardroom
4002,Krusty's Bedroom,krusty bedroom
4003,Lisa's House,lisa house
4004,Maggie's Suite,maggie suite
4005,Heathrow Teleport,heathrow teleport
4006,Bart's Old Bedroom,bart old bedroom
4007,Apu And Manjula'S House,apu and manjula house
4008,The Ultranet,the ultranet
4009,Hover-Car,hover-car
4010,Cryogenic Facility,cryogenic facility
4011,Security Examination Room,security examination room
4012,Tv Show Set,tv show set
4013,"""Gut Check"" Set",gut check set
4014,All-American House,all-american house
4015,Spiffany's,spiffany
4016,"Main Street, Usa",main street usa
4017,Colonial Meeting House,colonial meeting house
4018,"""gut Check With Homer Simpson"" Soundstage",gut check with homer simpson soundstage
4019,Lotion Store,lotion store
4020,Cinnabun Store,cinnabun store
4021,Village,village
4022,Medieval Shack,medieval shack
4023,French Village,french village
4024,Marguerite'S House,marguerite house
4025,Cliffside Road,cliffside road
4026,Bottom Of The Cliff,bottom of the cliff
4027,Persia,persia
4028,Sistine Chapel,sistine chapel
4029,Dust Bowl,dust bowl
4030,Mt. Everest,mt everest
4031,Yeti Cave,yeti cave
4032,Springfield Batting Cage,springfield batting cage
4033,The Needle Exchange,the needle exchange
4034,Sewing Parlor,sewing parlor
4035,Cove,cove
4036,The Cove,the cove
4037,Storm Shelter,storm shelter
4038,Town Hall Meeting Room,town hall meeting room
4039,The Outlands,the outlands
4040,Outlands,outlands
4041,Swapper Jack's,swapper jack
4042,Springfield - Day,springfield - day
4043,Springfield Street - Day,springfield street - day
4044,Art Gallery - Day,art gallery - day
4045,Bart's Bed,bart bed
4046,Bohemian Art Gallery,bohemian art gallery
4047,Art Gallery - Continuous,art gallery - continuous
4048,Street Outside Plant,street outside plant
4049,Enormous Store,enormous store
4050,Ski Mountain,ski mountain
4051,Next Dream Level,next dream level
4052,Old Globe Theater,old globe theater
4053,"""Inception""-Style Beach",inception-style beach
4054,Homer's Dream City,homer dream city
4055,Just Above Spiky Rocks,just above spiky rocks
4056,small Shed,small shed
4057,Shore Of Lake,shore of lake
4058,Center Of Lake,center of lake
4059,Homer's Dream,homer dream
4060,Examination Room,examination room
4061,Victorian Solarium,victorian solarium
4062,Sport Palais,sport palais
4063,"""All The Wrong Reasons"" Movie Theater",all the wrong reasons movie theater
4064,Port,port
4065,Cruise Check-In Area,cruise check-in area
4066,KidZone,kidzone
4067,Ship'S Communication Room,ship communication room
4068,War Room,war room
4069,Antarctica,antarctica
4070,Caribbean Beach,caribbean beach
4071,Springfield Coast Highway,springfield coast highway
4072,Springfield Playhouse,springfield playhouse
4073,Springfield Municipal Theater,springfield municipal theater
4074,Springfield Hospital - Day,springfield hospital - day
4075,Party Supply Store,party supply store
4076,Springfield - Evening,springfield - evening
4077,Gaga Express,gaga express
4078,Lady Gaga Express,lady gaga express
4079,Banquet Tent,banquet tent
4080,Nikki'S House,nikki house
4081,'50S New York Night Club,50s new york night club
4082,Subway Station,subway station
4083,Taxicab,taxicab
4084,Mary's Apartment Building,mary apartment building
4085,New York High Line,new york high line
4086,Lincoln Center Subway Stop,lincoln center subway stop
4087,High Line,high line
4088,Inside Delacorte Theater,inside delacorte theater
4089,New York Skyline,new york skyline
4090,Rock Center Café,rock center café
4091,Grand Central Station,grand central station
4092,Grand Central,grand central
4093,Another Train,another train
4094,Supercollider,supercollider
4095,Simpson House - Basement,simpson house - basement
4096,Wormhole,wormhole
4097,Alien Universe,alien universe
4098,Modern Ultra Mansion,modern ultra mansion
4099,Artie'S Yard,artie yard
4100,Cross-Section Of Underground Springfield,cross-section of underground springfield
4101,Cavern,cavern
4102,Marge'S New Car,marge new car
4103,Auto Dealership,auto dealership
4104,Route 33,route 33
4105,Craftsman Bungalow,craftsman bungalow
4106,Museum of Christmas Ornaments,museum of christmas ornaments
4107,Igloo Motor Lodge,igloo motor lodge
4108,Marge'S Hatchback,marge hatchback
4109,Rest Stop,rest stop
4110,Fertility Clinic,fertility clinic
4111,Lawyer'S Office,lawyer office
4112,Retirement Castle - Abe'S Room,retirement castle - abe room
4113,Spiro's,spiro
4114,Old Apartment Complex,old apartment complex
4115,Juke Joint,juke joint
4116,Rita's Apartment,rita apartment
4117,Old-time Cologne Store,old-time cologne store
4118,Retirement Castle - Day Room,retirement castle - day room
4119,Monument Valley,monument valley
4120,Louie's Apartment,louie apartment
4121,Donut Cart,donut cart
4122,Neighbors' House,neighbors house
4123,Kid'S Room,kid room
4124,Neighbors' Backyard,neighbors backyard
4125,Used Record Store,used record store
4126,Highway Leading To Springfield,highway leading to springfield
4127,Springfield - Downtown,springfield - downtown
4128,Large Industrial Factory,large industrial factory
4129,Younger Grampa And Mona'S House,younger grampa and mona house
4130,Springfield - Homer's Boyhood,springfield - homer boyhood
4131,Streets Of Springfield - Day,streets of springfield - day
4132,Animal Control Van,animal control van
4133,Younger Grampa'S Car,younger grampa car
4134,Country Road - Morning (30 Years Ago),country road - morning
4135,Grampa and Homer's House,grampa and homer house
4136,Burns Manor Dog Kennel,burns manor dog kennel
4137,Country Road - Near Miss Viola'S Farm,country road - near miss viola farm
4138,Springfield - The Past,springfield - the past
4139,Mall Parking Lot,mall parking lot
4140,Smart Tykes,smart tykes
4141,Kids' Structure Type Chamber,kids structure type chamber
4142,Climbing Structure,climbing structure
4143,Snack Bar,snack bar
4144,Laser Tag Arena,laser tag arena
4145,Learning Zone,learning zone
4146,Secluded Compound,secluded compound
4147,Mysterious Basement,mysterious basement
4148,Bug-Out Location,bug-out location
4149,Various Country Roads,various country roads
4150,Channel 6 News Desk,channel 6 news desk
4151,News Room,news room
4152,Outside City Dump,outside city dump
4153,Refuse Pile,refuse pile
4154,Various Classes,various classes
4155,Channel Six News Desk,channel six news desk
4156,Wishing Well,wishing well
4157,Lenny's Van,lenny van
4158,Cletus's Front Porch,cletus front porch
4159,Brandine'S Kitchen,brandine kitchen
4160,Grady And Julio'S House,grady and julio house
4161,Coastal Highway,coastal highway
4162,Mav And Portia'S Back Yard,mav and portia back yard
4163,Portia's Home Office,portia home office
4164,Portia And Mav'S House,portia and mav house
4165,Sea Captain's Boat,sea captain boat
4166,Mav and Portia's Ski House,mav and portia ski house
4167,Neutral Location,neutral location
4168,Simpson Front Door,simpson front door
4169,Fishing Pond,fishing pond
4170,Cornfield,cornfield
4171,Cletus' Kitchen,cletus kitchen
4172,Springfield Opry House,springfield opry house
4173,Art Movie House,art movie house
4174,Brokewood Apartments,brokewood apartments
4175,Common Room,common room
4176,Limbo Background,limbo background
4177,Children's Bookstore,children bookstore
4178,Van Houten Kitchen,van houten kitchen
4179,Van Houten Bathroom,van houten bathroom
4180,Van Houten Master Bedroom,van houten master bedroom
4181,U-Rent-It,u-rent-it
4182,EZ-Rent,ez-rent
4183,Election Polling Station,election polling station
4184,Lithuanian Center,lithuanian center
4185,Springfield Bus Station,springfield bus station
4186,Lazy Parent Educational Videos,lazy parent educational videos
4187,Marriott-Style Hotel,marriott-style hotel
4188,Locked Room,locked room
4189,Military Antique Shop,military antique shop
4190,Storage Complex,storage complex
4191,Storage Locker Complex,storage locker complex
4192,Wrestling Arena,wrestling arena
4193,The Past,the past
4194,Old-Time Club,old-time club
4195,Old-Time Wrestling Pavilion,old-time wrestling pavilion
4196,Wrestling Pavilion,wrestling pavilion
4197,Wrestlers' Dressing Room,wrestlers dressing room
4198,Storage Locker Facility,storage locker facility
4199,Ms. Cantwell'S Class,ms cantwell class
4200,Super-Headquarters,super-headquarters
4201,Demolished City,demolished city
4202,Swankyfish,swankyfish
4203,Base Of A Waterfall,base of a waterfall
4204,Chef Naziwa's Bedroom,chef naziwa bedroom
4205,Sex Shop,sex shop
4206,Dog Stomach,dog stomach
4207,"""Rub A Dub Dub, Three Men Selling Tubs""",rub a dub dub three men selling tubs
4208,Hot Tub Store,hot tub store
4209,Springfield Swamp,springfield swamp
4210,Oogle Mobile,oogle mobile
4211,Men's Wearhouse,men wearhouse
4212,Top Of Skyscraper Party,top of skyscraper party
4213,Capital City Stock Exchange,capital city stock exchange
4214,Slightly Run-Down Neighborhood,slightly run-down neighborhood
4215,Russian Living Room,russian living room
4216,Zhenya's House,zhenya house
4217,Simpson Piano Room,simpson piano room
4218,Russian House,russian house
4219,Science Museum,science museum
4220,Hall Of Probability,hall of probability
4221,Winding Road,winding road
4222,Carl's Apartment,carl apartment
4223,Streets Of Reykjavik,streets of reykjavik
4224,Reykjavik Clothing Store,reykjavik clothing store
4225,Icelandic Museum Of National History,icelandic museum of national history
4226,Icelandic Car,icelandic car
4227,Gates,gates
4228,Reykjavik,reykjavik
4229,Icelandic Restaurant,icelandic restaurant
4230,Reykjavik Streets,reykjavik streets
4231,Icelandic Library,icelandic library
4232,Medieval Iceland,medieval iceland
4233,Reykjavik Town Square,reykjavik town square
4234,Outdoor Mall,outdoor mall
4235,The Same Mall,the same mall
4236,Supermarket Coffee Shop,supermarket coffee shop
4237,Ben's Bedroom,ben bedroom
4238,Seedy-Looking Street,seedy-looking street
4239,Lenny's Car,lenny car
4240,Boise,boise
4241,Boise Astoria,boise astoria
4242,Fbi Call Center,fbi call center
4243,Plant Operations Center,plant operations center
4244,Shelter For Homeless Hoos,shelter for homeless hoos
4245,Springville,springville
4246,Child Therapy Office,child therapy office
4247,Lumber Mill,lumber mill
4248,Sawmill,sawmill
4249,Springfieldland,springfieldland
4250,Freak Show Tent,freak show tent
4251,Circus,circus
4252,Marge'S Wagon,marge wagon
4253,Marguerite'S Wagon,marguerite wagon
4254,Marge and Homer's Old Apartment,marge and homer old apartment
4255,Alley McBalls,alley mcballs
4256,Artist'S Garret,artist garret
4257,New York Street,new york street
4258,Fox News,fox news
4259,Springfield Soup Kitchen,springfield soup kitchen
4260,Springfield Tapas Bar,springfield tapas bar
4261,Detention,detention
4262,Carl'S Apartment Building,carl apartment building
4263,Atoms Football Stadium,atoms football stadium
4264,Gretchen'S Apartment,gretchen apartment
4265,Scratchy'S House,scratchy house
4266,Gretchen'S Apartment Building,gretchen apartment building
4267,Isabel's Bedroom,isabel bedroom
4268,Springfield Republican Party Castle,springfield republican party castle
4269,"Maggie's ""bar""",maggie bar
4270,Debate Studio,debate studio
4271,The Old West,the old west
4272,Springfield Neighborhood,springfield neighborhood
4273,Cartoon Beach,cartoon beach
4274,Ron Rabinowitz'S Agency,ron rabinowitz agency
4275,Ron Rabinowitz'S Office,ron rabinowitz office
4276,Old West Town,old west town
4277,Tropical Resort,tropical resort
4278,Resort Center,resort center
4279,Wintry Springfield Street,wintry springfield street
4280,Towne Centre At Springfielde Glenne,towne centre at springfielde glenne
4281,Movie Theater - Alley,movie theater - alley
4282,Swedish Consulate,swedish consulate
4283,Federal Courthouse,federal courthouse
4284,Federal Courtroom,federal courtroom
4285,Zenith City Nuclear Plant,zenith city nuclear plant
4286,Chuck Dukewagon'S All-American Chow Lounge,chuck dukewagon all-american chow lounge
4287,Bungalow,bungalow
4288,Carlock's Office,carlock office
4289,Candle Rack,candle rack
4290,Little League Ball Field,little league ball field
4291,Falconry Clubhouse,falconry clubhouse
4292,Treetop,treetop
4293,Falconry Club,falconry club
4294,Competition Area,competition area
4295,Hoover'S Class,hoover class
4296,Mr. Largo'S Class,mr largo class
4297,Church Lobby,church lobby
4298,Monsarno Research Labs,monsarno research labs
4299,Monsarno Lab,monsarno lab
4300,Monsarno Labs,monsarno labs
4301,Seminar Room,seminar room
4302,Church Meeting Room,church meeting room
4303,Church Seminar Room,church seminar room
4304,Monsarno Campus,monsarno campus
4305,Bob'S Lab,bob lab
4306,Springfield Metropolitan Museum,springfield metropolitan museum
4307,River Bottom,river bottom
4308,Dance Hall,dance hall
4309,Boys Locker Room,boys locker room
4310,Bingo Hall,bingo hall
4311,"""Six Flags Over Krusty"" Amusement Park",six flags over krusty amusement park
4312,Springfield Seaside,springfield seaside
4313,Shower,shower
4314,Rural Springfield,rural springfield
4315,Guinea Pig Rescue,guinea pig rescue
4316,Van Houtens' Yard,van houtens yard
4317,Art Auction House,art auction house
4318,Springfield Art Auction House,springfield art auction house
4319,Kiddie Playground,kiddie playground
4320,"""Pay & Leave"" Supermarket",pay leave supermarket
4321,Auction Floor,auction floor
4322,Isla Verde,isla verde
4323,Café Artiste Gelato,café artiste gelato
4324,Cliffside Villa,cliffside villa
4325,Zeigler'S Studio,zeigler studio
4326,Multi-Purpose Room,multi-purpose room
4327,Airliner Cabin,airliner cabin
4328,Sao Paulo,sao paulo
4329,Luxemburg,luxemburg
4330,Another Broadcasting Booth,another broadcasting booth
4331,Downtown Sao Paulo,downtown sao paulo
4332,Restaurante Figueira Rubaiyat,restaurante figueira rubaiyat
4333,Seedy Bar,seedy bar
4334,Drycleaners,drycleaners
4335,Referee'S Tunnel,referee tunnel
4336,Amazon River,amazon river
4337,Body Shop Office,body shop office
4338,Elementary School Cafeteria,elementary school cafeteria
4339,Lofts At Springfield Elementary,lofts at springfield elementary
4340,Bart'S Apartment,bart apartment
4341,Cretaceous Park,cretaceous park
4342,Charity Shelter,charity shelter
4343,Industrial Space,industrial space
4344,Lisa And Milhouse'S Kitchen,lisa and milhouse kitchen
4345,Playground Behind Lofts At Springfield Elementary,playground behind lofts at springfield elementary
4346,Jenda'S House,jenda house
4347,Jenda'S Apartment,jenda apartment
4348,Moe'S (Looks The Same As Now),moe
4349,Tipsy Mcstaggers,tipsy mcstaggers
4350,Art Class,art class
4351,Springfield French Quarter,springfield french quarter
4352,Vacant Lot,vacant lot
4353,Ranch House,ranch house
4354,All Sales Vinyl,all sales vinyl
4355,Dreamscape,dreamscape
4356,Small Apartment Building,small apartment building
4357,Rural Area,rural area
4358,Giuseppe'S Workspace,giuseppe workspace
4359,Fireworks Barge,fireworks barge
4360,Roast,roast
4361,Broadway Stage,broadway stage
4362,Jewish Heaven,jewish heaven
4363,Krusty Roast Set,krusty roast set
4364,Concrete Steps,concrete steps
4365,Open Seas,open seas
4366,The Relation Ship,the relation ship
4367,Crew'S Quarters,crew quarters
4368,Simpson'S Yard,simpson yard
4369,Mother Hubbard'S Sandwich Cupboard,mother hubbard sandwich cupboard
4370,Marge'S Sub Shop,marge sub shop
4371,Manager'S Office,manager office
4372,Mother Hubbard'S,mother hubbard
4373,Mother Hubbard Express,mother hubbard express
4374,Primordial Springfield,primordial springfield
4375,Grasslands,grasslands
4376,Demonic Detention Room,demonic detention room
4377,Demonic Elementary School,demonic elementary school
4378,Demon School,demon school
4379,Demonic Amphitheater,demonic amphitheater
4380,Futuristic Bar,futuristic bar
4381,Record Shop,record shop
4382,Dum'S Room,dum room
4383,Milk Bar,milk bar
4384,Moog'S Apartment,moog apartment
4385,Futuristic Simpson House,futuristic simpson house
4386,Futuristic (1970S-Style) Springfield Streets,futuristic springfield streets
4387,The Rich Texan'S Mansion,the rich texan mansion
4388,"Large, Boxy Building",large boxy building
4389,Strange Building,strange building
4390,State House,state house
4391,State Capitol Building,state capitol building
4392,Maxine'S Office,maxine office
4393,Upscale Hotel Room,upscale hotel room
4394,Fracking Building,fracking building
4395,Fracking Site,fracking site
4396,Springfield Heights,springfield heights
4397,Planet Express,planet express
4398,New New York,new new york
4399,Springfield Downs Horse Track,springfield downs horse track
4400,Planet Express Ship,planet express ship
4401,Omicron Persei 8,omicron persei 8
4402,Lassen'S Class,lassen class
4403,New Simpson Tent,new simpson tent
4404,Burning Guy,burning guy
4405,Blazing Guy,blazing guy
4406,Big Box Mall,big box mall
4407,Guitar Central,guitar central
4408,Chain Restaurant,chain restaurant
4409,'Zerz,zerz
4410,Van Houten Garage,van houten garage
4411,Springfield Cabbage Festival,springfield cabbage festival
4412,Performance Area,performance area
4413,Cabbage Festival,cabbage festival
4414,Los Angeles,los angeles
4415,Mexican Resort,mexican resort
4416,Costington Center,costington center
4417,Springfield Police Department Jail,springfield police department jail
4418,Outdoor Springfield Shopping Mall,outdoor springfield shopping mall
4419,Dizzneeland,dizzneeland
4420,Outside Park,outside park
4421,Rooftop,rooftop
4422,Ferry,ferry
4423,Theme Park,theme park
4424,Mr. Bug'S Slow Crawl Ride,mr bug slow crawl ride
4425,Kooky Cat'S Deli-Cat-Essen,kooky cat deli-cat-essen
4426,Ride Entrance,ride entrance
4427,Rocket To Your Doom,rocket to your doom
4428,Simpsons Cabin,simpsons cabin
4429,Simpsons' Ship,simpsons ship
4430,Alien Zoo,alien zoo
4431,Simpsons' Cage,simpsons cage
4432,Planet,planet
4433,Circus With Midway,circus with midway
4434,Hypnotist Tent,hypnotist tent
4435,Springfield Fishing Hole,springfield fishing hole
4436,Soarin' Over Springfield Ride,soarin over springfield ride
4437,Subterranean Glass Cell,subterranean glass cell
4438,Subterranean Cell,subterranean cell
4439,High-Tech Skyrocket Factory,high-tech skyrocket factory
4440,Roof Near The Power Plant,roof near the power plant
4441,Outer Space,outer space
4442,Rocket,rocket
4443,Classic Old Theatre,classic old theatre
4444,Springfield Jail Cell,springfield jail cell
4445,Markup Brothers Funeral Home,markup brothers funeral home
4446,Walk-In Freezer,walk-in freezer
4447,Nuclear Plant Cafeteria,nuclear plant cafeteria
4448,Five Seasons Hotel,five seasons hotel
4449,Fancy Hotel Suite,fancy hotel suite
4450,Above Springfield,above springfield
4451,Over Springfield,over springfield
4452,Ruined Church,ruined church
4453,Flanders,flanders
4454,Riverboat Casino,riverboat casino
4455,Skobo'S,skobo
4456,Flanders' Basement,flanders basement
4457,Casino Floor,casino floor
4458,Burned Church,burned church
4459,Playdude Mansion,playdude mansion
