character_id,name,normalized_name,gender
7,Children,children,unknown
12,Mechanical Santa,mechanical santa,unknown
13,Tattoo Man,tattoo man,unknown
16,DOCTOR ZITSOFSKY,doctor zitsofsky,unknown
20,Students,students,unknown
24,Little Boy,little boy,unknown
26,Lewis Clark,lewis clark,unknown
27,Little Girl,little girl,unknown
29,Bubbles,bubbles,unknown
30,Moldy,moldy,unknown
34,Ticket Seller,ticket seller,unknown
35,Elf #1,elf 1,unknown
36,Elves,elves,unknown
37,Dog's Owner,dogs owner,unknown
39,Kids,kids,unknown
41,Conductor,conductor,unknown
42,Secretary,secretary,unknown
46,Sydney,sydney,unknown
47,Cecile Shapiro,cecile shapiro,unknown
48,Ian,ian,unknown
49,Calvin,calvin,unknown
50,"Martin Prince, Sr.",martin prince sr,unknown
51,Richard,richard,unknown
53,Wendell Borton,wendell borton,unknown
57,Smilin' Joe Fission,smilin joe fission,unknown
58,Rod #1,rod 1,unknown
59,Rod #2,rod 2,unknown
60,RODS,rods,unknown
61,Workman #1,workman 1,unknown
62,Foreman,foreman,unknown
63,TERRI & SHERRI,terri sherri,unknown
64,PUNK TEENAGER,punk teenager,unknown
65,Tv Announcer #1,tv announcer 1,unknown
66,Tv Announcer #2,tv announcer 2,unknown
67,Jingle Chorus,jingle chorus,unknown
68,Sylvia Winfield,sylvia winfield,unknown
69,Old Man Winfield,old man winfield,unknown
70,Councilman #1,councilman 1,unknown
72,Councilman #2,councilman 2,unknown
73,COUNCILMEN #1/#2,councilmen 12,unknown
74,Demonstrator #1,demonstrator 1,unknown
75,Crowd,crowd,unknown
76,MR. GAMMILL,mr gammill,unknown
77,TOM,tom,unknown
78,Mrs. Long,mrs long,unknown
79,Wife #1,wife 1,unknown
80,Wife #2,wife 2,unknown
81,Other Women,other women,unknown
82,Nice Father,nice father,unknown
83,Nice Boy,nice boy,unknown
84,NICE GIRL,nice girl,unknown
85,Nice Mother,nice mother,unknown
86,NICE FAMILY,nice family,unknown
87,Williams Boy,williams boy,unknown
88,Mr. Williams,mr williams,unknown
89,BOXING ANNOUNCER,boxing announcer,unknown
92,TV-STATION ANNOUNCER,tv-station announcer,unknown
93,Tv Wife,tv wife,unknown
94,Tv Husband,tv husband,unknown
95,Small Boy,small boy,unknown
97,Pawn Broker,pawn broker,unknown
99,Homer-ish Husband,homer-ish husband,unknown
100,Weasel #1,weasel 1,unknown
102,ALL AT THE TABLE,all at the table,unknown
103,Kid,kid,unknown
104,Weasel #2,weasel 2,unknown
105,Maggie Simpson,maggie simpson,unknown
106,Homer's Image,homers image,unknown
107,Elderly Gentleman,elderly gentleman,unknown
109,All,all,unknown
1,Marge Simpson,marge simpson,f
8,Bart Simpson,bart simpson,m
9,Lisa Simpson,lisa simpson,f
17,Moe Szyslak,moe szyslak,m
3,Seymour Skinner,seymour skinner,m
11,Ned Flanders,ned flanders,m
31,Grampa Simpson,grampa simpson,m
71,Chief Wiggum,chief wiggum,m
25,Milhouse Van Houten,milhouse van houten,m
14,Waylon Smithers,waylon smithers,m
101,Nelson Muntz,nelson muntz,m
40,Edna Krabappel-Flanders,edna krabappel-flanders,f
33,Announcer,announcer,m
22,Selma Bouvier,selma bouvier,f
18,Barney Gumble,barney gumble,m
10,Patty Bouvier,patty bouvier,f
38,Martin Prince,martin prince,m
52,Otto Mann,otto mann,m
91,Lou,lou,m
5,Todd Flanders,todd flanders,m
96,Dr. Marvin Monroe,dr marvin monroe,m
43,Dr. J. Loren Pyror,dr j loren pyror,m
6,Dewey Largo,dewey largo,m
90,Eddie,eddie,m
21,Teacher,teacher,m
28,Clerk,clerk,m
32,Father,father,m
54,Sherri Mackleberry,sherri mackleberry,f
4,JANEY,janey,f
44,Ms. Melon,ms melon,f
19,Interviewer,interviewer,m
45,Ethan Foley,ethan foley,m
55,Terri Mackleberry,terri mackleberry,f
23,Voice,voice,m
98,Receptionist,receptionist,f
110,Ms. Barr,ms barr,unknown
113,Newsman,newsman,unknown
114,Barflies,barflies,unknown
116,Boy Onlooker,boy onlooker,unknown
117,Champ,champ,unknown
122,NED,ned,unknown
125,Homer's Canyon Echo,homers canyon echo,unknown
126,Camper Father,camper father,unknown
127,Camper Mother,camper mother,unknown
128,Photographer,photographer,unknown
129,Game Warden,game warden,unknown
130,Reporter #1,reporter 1,unknown
131,Reporter #2,reporter 2,unknown
132,Flunky,flunky,unknown
133,Map Boy,map boy,unknown
134,Man #1,man 1,unknown
135,Man #2,man 2,unknown
136,German Scientist,german scientist,unknown
137,Beautiful French Scientist,beautiful french scientist,unknown
138,English Scientist,english scientist,unknown
141,Announcer #1,announcer 1,unknown
142,Radio Announcer #1,radio announcer 1,unknown
143,Churchgoing Woman,churchgoing woman,unknown
147,Girl On Screen,girl on screen,unknown
148,Boy On Screen,boy on screen,unknown
149,Usher,usher,unknown
150,Mr. Dandy,mr dandy,unknown
151,Radio Announcer #3,radio announcer 3,unknown
152,Jebediah Springfield,jebediah springfield,unknown
154,TV ANNOUNCER #3 CONT'D,tv announcer 3 contd,unknown
155,Mob,mob,unknown
157,Waiters,waiters,unknown
158,1st Waiter Quartet,1st waiter quartet,unknown
159,2nd Waiter Quartet,2nd waiter quartet,unknown
160,3rd Waiter Quartet,3rd waiter quartet,unknown
161,4TH QUARTET OF WAITERS,4th quartet of waiters,unknown
162,Counter Guy,counter guy,unknown
164,HELEN,helen,unknown
166,Another Worker,another worker,unknown
167,Female Mail Carrier,female mail carrier,unknown
168,Mr. Fisk,mr fisk,unknown
169,Eugene Fisk,eugene fisk,unknown
172,Workers,workers,unknown
173,Princess Kashmir,princess kashmir,unknown
174,Hoyt,hoyt,unknown
175,Girl #1,girl 1,unknown
176,Boy #1,boy 1,unknown
177,All Kids,all kids,unknown
178,Freddie,freddie,unknown
179,Lewis's Dad,lewiss dad,unknown
180,Al,al,unknown
181,Happy Man,happy man,unknown
182,Funky Guy,funky guy,unknown
184,Man At Door,man at door,unknown
185,Ticket-seller,ticket-seller,unknown
186,Stage Manager,stage manager,unknown
188,Theatre-goer #1,theatre-goer 1,unknown
189,Theatre-goer #2,theatre-goer 2,unknown
190,Theatre-goer #3,theatre-goer 3,unknown
193,Steward,steward,unknown
195,Adil Hoxha,adil hoxha,unknown
196,UGOLIN,ugolin,unknown
198,Male Announcer,male announcer,unknown
199,Military Man,military man,unknown
200,MARGE & BART,marge bart,unknown
201,Gendarme,gendarme,unknown
202,Cia Agent #1,cia agent 1,unknown
203,Cia Agent #2,cia agent 2,unknown
204,Brad,brad,unknown
205,Female Announcer,female announcer,unknown
206,Brittany,brittany,unknown
207,ITCHY & SCRATCHY CHORUS,itchy scratchy chorus,unknown
209,Police Artist,police artist,unknown
210,Scott Christian,scott christian,unknown
212,Reporter #3,reporter 3,unknown
215,District Attorney,district attorney,unknown
216,Merchant,merchant,unknown
211,Kent Brockman,kent brockman,m
208,Apu Nahasapeemapetilon,apu nahasapeemapetilon,m
165,Lenny Leonard,lenny leonard,m
170,Carl Carlson,carl carlson,m
153,Sideshow Bob,sideshow bob,m
119,Ralph Wiggum,ralph wiggum,m
144,Jimbo Jones,jimbo jones,m
192,Agnes Skinner,agnes skinner,f
145,Kearney Zzyzwicz,kearney zzyzwicz,m
146,DOLPH,dolph,m
214,Judge Snyder,judge snyder,m
163,Jacques,jacques,m
124,Salesman,salesman,m
118,Woman,woman,f
121,Rod Flanders,rod flanders,m
183,Manager,manager,m
111,Bleeding Gums Murphy,bleeding gums murphy,m
123,Cowboy Bob,cowboy bob,m
112,Jacqueline Bouvier,jacqueline bouvier,f
171,Waiter,waiter,m
187,Gulliver Dark,gulliver dark,m
197,Cesar,cesar,m
120,Stan,stan,m
115,Cashier,cashier,m
191,Krusty Doll,krusty doll,m
213,Lawyer,lawyer,m
194,Mother,mother,f
217,Foreperson,foreperson,unknown
219,Merchandiser #1,merchandiser 1,unknown
220,Merchandiser #3,merchandiser 3,unknown
221,Kbbl Weatherman,kbbl weatherman,unknown
224,Screener,screener,unknown
225,Worker One,worker one,unknown
226,Florist,florist,unknown
227,Lucille Botzcowski,lucille botzcowski,unknown
228,Maitre D',maitre d,unknown
229,Doofy,doofy,unknown
230,U-Squeal Operator,u-squeal operator,unknown
231,Tv Reporter,tv reporter,unknown
233,Bart's Voice,barts voice,unknown
234,Krabappel's Mouth,krabappels mouth,unknown
235,GRANDMA,grandma,unknown
236,Nurse Farrell,nurse farrell,unknown
241,Entire Town,entire town,unknown
242,Thomas Jefferson,thomas jefferson,unknown
243,John Adams,john adams,unknown
244,Samuel Chase,samuel chase,unknown
245,Roger Sherman,roger sherman,unknown
246,Benjamin Franklin,benjamin franklin,unknown
247,Tv Host,tv host,unknown
248,Tv Contestant,tv contestant,unknown
249,Good-looking Man,good-looking man,unknown
250,Dr. H. Boyle,dr h boyle,unknown
251,Mr. Winfield,mr winfield,unknown
252,Mourners,mourners,unknown
253,Other Runner,other runner,unknown
254,Jake,jake,unknown
255,Woman Applicant,woman applicant,unknown
257,Man In Tuxedo,man in tuxedo,unknown
258,Executive #1,executive 1,unknown
259,Executive #3,executive 3,unknown
260,Moving Man,moving man,unknown
261,House,house,unknown
262,Kang,kang,unknown
263,Serak The Preparer,serak the preparer,unknown
264,Kodos,kodos,unknown
265,V.O.,vo,unknown
266,Raven,raven,unknown
267,Dave Shutton,dave shutton,unknown
268,Chief Inspector,chief inspector,unknown
269,Dean Danielson,dean danielson,unknown
271,DANEILSON,daneilson,unknown
274,OLD BEARDED GUY,old bearded guy,unknown
275,Charles Darwin,charles darwin,unknown
276,Singers,singers,unknown
277,MARY BAILEY,mary bailey,unknown
278,Investigator #1,investigator 1,unknown
279,Investigator #2,investigator 2,unknown
280,Investigator #3,investigator 3,unknown
281,Make-up Man,make-up man,unknown
282,Gregor,gregor,unknown
283,GAMMILL,gammill,unknown
284,FLASH,flash,unknown
285,Player #1,player 1,unknown
286,P.A. Announcer,pa announcer,unknown
288,Dan Hoard,dan hoard,unknown
289,Vendor,vendor,unknown
290,VENDER,vender,unknown
291,MR. O'HARA,mr ohara,unknown
292,Man On Bus,man on bus,unknown
293,Player #2,player 2,unknown
294,Rasta #1,rasta 1,unknown
295,Rasta #2,rasta 2,unknown
296,Supervisor,supervisor,unknown
297,Tony Bennett,tony bennett,unknown
298,Capital City Goofball,capital city goofball,unknown
299,Dave Glass,dave glass,unknown
300,First Wife #3,first wife 3,unknown
301,First Wife #1,first wife 1,unknown
302,Hot Dog Man,hot dog man,unknown
303,Spectator #1,spectator 1,unknown
304,Spectator #2,spectator 2,unknown
305,Spectator #3,spectator 3,unknown
306,Clubhouse Attendant,clubhouse attendant,unknown
307,Dave Rosenfield,dave rosenfield,unknown
310,Librarian,librarian,unknown
312,SENIOR CITIZENS,senior citizens,unknown
314,Announcer #2,announcer 2,unknown
315,Mrs. Spencer,mrs spencer,unknown
316,Security Guard #1,security guard 1,unknown
317,Casey,casey,unknown
318,Rory,rory,unknown
319,Transient,transient,unknown
320,Uncle Sam,uncle sam,unknown
321,Audience,audience,unknown
322,Tv Voice #1,tv voice 1,unknown
323,Tv Voice #2,tv voice 2,unknown
324,Tv Voice #3,tv voice 3,unknown
325,ALL THREE TV VOICES,all three tv voices,unknown
240,Mayor Joe Quimby,mayor joe quimby,m
308,Maude Flanders,maude flanders,f
309,Helen Lovejoy,helen lovejoy,f
273,Jasper Beardly,jasper beardly,m
311,Man,man,m
238,Marty,marty,m
272,TV Announcer,tv announcer,m
239,Bill,bill,m
218,Director,director,m
222,Arnie Pye,arnie pye,m
237,Nurse,nurse,f
256,Karl,karl,m
223,Radio Announcer,radio announcer,m
313,British Commentator,british commentator,m
270,DANIELSON,danielson,m
326,ALL 3 ANNOUNCERS,all 3 announcers,unknown
327,LARGO,largo,unknown
328,SCRAPER,scraper,unknown
329,CLARK,clark,unknown
333,SMYTHE,smythe,unknown
334,Itchy & Scratchy Singers,itchy scratchy singers,unknown
336,Her Group,her group,unknown
337,Animator,animator,unknown
338,1ST BOARD MEMBER,1st board member,unknown
339,2nd Board Member,2nd board member,unknown
340,Squirrel,squirrel,unknown
342,Scratchy,scratchy,unknown
343,Itchy,itchy,unknown
344,Curator,curator,unknown
348,Della,della,unknown
350,Bailiff,bailiff,unknown
352,BURNS LAWYER,burns lawyer,unknown
354,Sushi Bar Chefs,sushi bar chefs,unknown
355,Hostess,hostess,unknown
357,Toshiro,toshiro,unknown
358,Master,master,unknown
359,Richie Sakai,richie sakai,unknown
360,Cellmate,cellmate,unknown
361,Crazy Calls,crazy calls,unknown
362,Smitty,smitty,unknown
363,Larry King,larry king,unknown
364,LARRY KING V.O.,larry king vo,unknown
365,Bald One,bald one,unknown
366,Police Captain,police captain,unknown
368,Fat One,fat one,unknown
369,Kim,kim,unknown
371,Estelle,estelle,unknown
372,MCINTYRE,mcintyre,unknown
374,Mrs. Bloominstein,mrs bloominstein,unknown
375,Coach Flanagan,coach flanagan,unknown
376,Mr. Seckofsky,mr seckofsky,unknown
377,Mr. Bouvier,mr bouvier,unknown
378,Chauffeur,chauffeur,unknown
379,PRINCIPAL,principal,unknown
380,Homer The Thief,homer the thief,unknown
381,Hezron,hezron,unknown
382,Zohar,zohar,unknown
383,Moses,moses,unknown
384,Cable Guy,cable guy,unknown
385,Comic,comic,unknown
386,Woman #1,woman 1,unknown
387,Woman #2,woman 2,unknown
388,Mexican Announcer,mexican announcer,unknown
389,Representative,representative,unknown
390,Cockfight Announcer,cockfight announcer,unknown
391,Davey,davey,unknown
392,Goliath,goliath,unknown
394,Panelist #1,panelist 1,unknown
395,Blockbuster Announcer,blockbuster announcer,unknown
396,Top Hat Announcer,top hat announcer,unknown
397,Stock Reporter,stock reporter,unknown
398,Boxing Announcer #1,boxing announcer 1,unknown
399,Boxing Announcer #2,boxing announcer 2,unknown
400,Challenger,challenger,unknown
401,Referee,referee,unknown
402,Kindly Old Gent,kindly old gent,unknown
403,Stanley,stanley,unknown
405,Busboy,busboy,unknown
406,Australian Boy,australian boy,unknown
407,Australian Girl,australian girl,unknown
408,Jeweler,jeweler,unknown
409,Senator Mendoza,senator mendoza,unknown
410,Board Member,board member,unknown
411,Female Commando,female commando,unknown
412,Theatre Manager,theatre manager,unknown
413,Floozy,floozy,unknown
416,Attendant,attendant,unknown
418,Policeman,policeman,unknown
419,Executive #2,executive 2,unknown
420,Head Engineer,head engineer,unknown
421,Engineer #2,engineer 2,unknown
422,Engineer #3,engineer 3,unknown
423,Female Singer,female singer,unknown
424,Counter Man,counter man,unknown
425,Flanders's Thoughts,flanderss thoughts,unknown
428,Kelly,kelly,unknown
430,Father McGrath,father mcgrath,unknown
431,Salesboy,salesboy,unknown
432,Hula Woman,hula woman,unknown
434,BEA,bea,unknown
435,Checker,checker,unknown
332,Dr. Julius Hibbert,dr julius hibbert,m
404,Groundskeeper Willie,groundskeeper willie,m
426,Troy McClure,troy mcclure,m
347,Lionel Hutz,lionel hutz,m
417,HERB,herb,m
414,Mona Simpson,mona simpson,f
335,"Roger Meyers, Jr.",roger meyers jr,m
351,Blue-Haired Lawyer,blue-haired lawyer,m
349,Dr. Nick Riviera,dr nick riviera,m
373,Artie Ziff,artie ziff,m
353,Larry,larry,m
370,Principal Dondelinger,principal dondelinger,m
427,Emily,emily,f
356,Akira,akira,m
429,Jack,jack,m
330,Track Announcer,track announcer,m
346,Devil,devil,m
433,Farmer,farmer,m
345,Reporter,reporter,m
331,MURDOCK,murdock,m
437,Tracker,tracker,unknown
438,Mr. Hazelwood,mr hazelwood,unknown
439,Cabbie,cabbie,unknown
440,KENT,kent,unknown
441,MONROE,monroe,unknown
443,Old Man Daly,old man daly,unknown
444,Old Man McGrath,old man mcgrath,unknown
445,Plato,plato,unknown
446,Croupier,croupier,unknown
447,Recorded Announcer,recorded announcer,unknown
448,Old Woman In Line,old woman in line,unknown
449,Monitor #1,monitor 1,unknown
450,Monitor #2,monitor 2,unknown
451,Female Newscaster,female newscaster,unknown
452,Mr. Schindler,mr schindler,unknown
453,Student,student,unknown
454,Registrar,registrar,unknown
455,Professor Lombardo,professor lombardo,unknown
456,BART & LISA,bart lisa,unknown
457,Artist,artist,unknown
458,Delivery Man,delivery man,unknown
459,MR. BURNS' GEOMETRIC SHAPES,mr burns geometric shapes,unknown
460,RINGO,ringo,unknown
461,WETHERBY,wetherby,unknown
462,MRS. HOOVER,mrs hoover,unknown
463,Chuck,chuck,unknown
466,Classmate,classmate,unknown
467,Terri/sherri,terrisherri,unknown
468,Woman In Booth,woman in booth,unknown
469,Landlady,landlady,unknown
470,Kid Reporter,kid reporter,unknown
471,Husband Of Marge's Friend,husband of marges friend,unknown
472,Sophisticate #1,sophisticate 1,unknown
473,Sophisticate #2,sophisticate 2,unknown
474,Sophisticate #3,sophisticate 3,unknown
475,Sultan,sultan,unknown
476,Worm Man,worm man,unknown
480,Convict,convict,unknown
481,Customer,customer,unknown
482,DIAMOND JOE,diamond joe,unknown
483,Lost And Found Guy,lost and found guy,unknown
484,Radioactive Man,radioactive man,unknown
485,Fallout Boy,fallout boy,unknown
486,Convention Director,convention director,unknown
487,BUDDY,buddy,unknown
488,Dealer,dealer,unknown
489,Young Patty,young patty,unknown
490,Young Selma,young selma,unknown
492,Older Patty,older patty,unknown
493,Older Selma,older selma,unknown
494,Adult Narrator,adult narrator,unknown
495,Teller,teller,unknown
497,Asa,asa,unknown
498,Soap Actress,soap actress,unknown
499,Soap Actor,soap actor,unknown
500,Osvaldo,osvaldo,unknown
501,Mail Person,mail person,unknown
502,Roman,roman,unknown
503,Postal Worker,postal worker,unknown
505,Joey,joey,unknown
506,Guard #1,guard 1,unknown
507,Guard #2,guard 2,unknown
509,Psychiatrist,psychiatrist,unknown
510,Orderly,orderly,unknown
512,Floyd,floyd,unknown
513,Bart's Head,barts head,unknown
515,Voice On Phone,voice on phone,unknown
519,Leon Kompowsky,leon kompowsky,unknown
520,Minnesota Girl,minnesota girl,unknown
521,Alabama Boy,alabama boy,unknown
522,QUEENS BOY,queens boy,unknown
523,Female Judge,female judge,unknown
524,Dad,dad,unknown
525,Flight Attendant,flight attendant,unknown
527,Irs Man,irs man,unknown
528,Hotel Guest,hotel guest,unknown
529,Miss Crowley,miss crowley,unknown
530,Truong/maria,truongmaria,unknown
531,TRUONG,truong,unknown
532,MARIA,maria,unknown
534,Worker,worker,unknown
535,Guide,guide,unknown
536,Lobbyist,lobbyist,unknown
537,Arnold,arnold,unknown
538,Newlywed Wife,newlywed wife,unknown
539,White Trash Woman #1,white trash woman 1,unknown
540,Man #3,man 3,unknown
541,Old Timer,old timer,unknown
542,Guy,guy,unknown
543,Songster,songster,unknown
544,Page,page,unknown
545,Senator,senator,unknown
546,Oil Developer,oil developer,unknown
442,Professor Jonathan Frink,professor jonathan frink,m
518,Snake Jailbird,snake jailbird,m
464,Miss Hoover,miss hoover,f
465,BERGSTROM,bergstrom,m
511,MICHAEL,michael,m
526,Pilot,pilot,m
478,John,john,m
508,Host,host,m
436,Guard,guard,m
477,Gloria,gloria,f
479,Captain,captain,m
496,Mrs. Glick,mrs glick,f
516,Doctor,doctor,m
533,BARBARA,barbara,f
517,Dave,dave,m
514,Wiseguy,wiseguy,m
547,Agent,agent,unknown
548,Speaker,speaker,unknown
549,Majority Leader,majority leader,unknown
550,Everyone Else,everyone else,unknown
551,President,president,unknown
552,Foreign Dignitary,foreign dignitary,unknown
553,Paper Boy,paper boy,unknown
554,Sportscaster #1,sportscaster 1,unknown
555,Girl,girl,unknown
556,Neighborhood Guy,neighborhood guy,unknown
557,Homemaker,homemaker,unknown
558,Landscaper,landscaper,unknown
559,Choreographer,choreographer,unknown
560,George Washington,george washington,unknown
561,Video Voice,video voice,unknown
562,Man Shopper,man shopper,unknown
563,HOMER (CONT'D,homer contd,unknown
564,Collection Agent,collection agent,unknown
565,Wife,wife,unknown
566,Shoppers,shoppers,unknown
569,Legs,legs,unknown
571,Race Announcer,race announcer,unknown
572,Jack Larson,jack larson,unknown
573,Fbi Agent #1,fbi agent 1,unknown
574,Fbi Agent #2,fbi agent 2,unknown
575,Rival Gang Leader,rival gang leader,unknown
576,Psychic,psychic,unknown
577,Skinner Body,skinner body,unknown
578,Prosecuting Attorney,prosecuting attorney,unknown
579,Joe,joe,unknown
580,Neil,neil,unknown
581,Calm Woman,calm woman,unknown
582,Mr. Devereaux,mr devereaux,unknown
583,Margarita,margarita,unknown
584,Program Voices,program voices,unknown
586,Female Worker,female worker,unknown
587,Male Worker,male worker,unknown
588,Contestant,contestant,unknown
589,Magic Johnson,magic johnson,unknown
590,Aristotle,aristotle,unknown
592,Thought Bubble Barney,thought bubble barney,unknown
593,Female Voice,female voice,unknown
594,SCOTT,scott,unknown
595,Miss Lois Pennycandy,miss lois pennycandy,unknown
596,Sexy Female Recording,sexy female recording,unknown
597,PENNYCANDY,pennycandy,unknown
600,Rabbi #1,rabbi 1,unknown
601,Rowdy Rabbi,rowdy rabbi,unknown
602,Martian,martian,unknown
604,Caller,caller,unknown
605,MONSIGNOR DALEY,monsignor daley,unknown
606,Yiddle,yiddle,unknown
607,Rabbi #2,rabbi 2,unknown
608,Waitress,waitress,unknown
609,Stagehand,stagehand,unknown
610,Airport Announcer,airport announcer,unknown
611,Customs Agent,customs agent,unknown
612,Military Cops,military cops,unknown
613,English Diplomat,english diplomat,unknown
614,Argentine Diplomat,argentine diplomat,unknown
616,Female Office Worker,female office worker,unknown
617,Male Office Worker,male office worker,unknown
618,Townspeople,townspeople,unknown
619,Patrons,patrons,unknown
620,Vin Scully,vin scully,unknown
621,Kids In Audience,kids in audience,unknown
622,DR MONROE,dr monroe,unknown
623,Crypt Keeper Willie,crypt keeper willie,unknown
624,Robot,robot,unknown
625,Homer-Ape,homer-ape,unknown
627,Little Man,little man,unknown
628,Teenager,teenager,unknown
630,Baby Lisa,baby lisa,unknown
631,Salesclerk,salesclerk,unknown
632,Millicent,millicent,unknown
633,Female Clerk,female clerk,unknown
634,Kevin,kevin,unknown
635,Johnny Carson,johnny carson,unknown
636,Scoey,scoey,unknown
637,Teenage Clerk,teenage clerk,unknown
639,DAVE JR.,dave jr,unknown
640,Official,official,unknown
641,Voice From Trunk,voice from trunk,unknown
642,Ronnie,ronnie,unknown
643,DREDERICK,drederick,unknown
644,Wanda,wanda,unknown
646,Girls,girls,unknown
647,Patron #1,patron 1,unknown
648,Patron #2,patron 2,unknown
649,Collette,collette,unknown
650,HARV,harv,unknown
651,Bernard,bernard,unknown
653,Aerosmith,aerosmith,unknown
654,Steven Tyler,steven tyler,unknown
655,Joe Perry,joe perry,unknown
656,Brad Whitford,brad whitford,unknown
568,Fat Tony,fat tony,m
570,Louie,louie,m
598,Rabbi Hyman Krustofsky,rabbi hyman krustofsky,m
591,Luann Van Houten,luann van houten,f
615,Colonel,colonel,m
638,Football Announcer,football announcer,m
567,Executive,executive,m
603,D.J.,dj,m
645,Becky,becky,f
585,Instructor,instructor,m
652,Aide,aide,m
626,Lunchlady Doris,lunchlady doris,f
658,Everyone,everyone,unknown
659,Bartender,bartender,unknown
660,One-eyed Bartender,one-eyed bartender,unknown
661,Flowers,flowers,unknown
662,Tom Hamilton,tom hamilton,unknown
663,Joey Kramer,joey kramer,unknown
664,Snappy,snappy,unknown
665,Broker,broker,unknown
666,Hans,hans,unknown
667,Fritz,fritz,unknown
670,German Teacher,german teacher,unknown
671,Boxer,boxer,unknown
672,Mr. Thorson,mr thorson,unknown
673,Angel,angel,unknown
674,Patient,patient,unknown
675,Justice Of The Peace,justice of the peace,unknown
676,Groom,groom,unknown
677,Applicant #1,applicant 1,unknown
678,Applicant #2,applicant 2,unknown
679,Applicants,applicants,unknown
680,Tourist Kid,tourist kid,unknown
681,Tourist Dad,tourist dad,unknown
682,Boss,boss,unknown
683,Elderly Lady,elderly lady,unknown
684,Repo Man,repo man,unknown
685,Driver,driver,unknown
686,M.C.,mc,unknown
687,Boy,boy,unknown
688,Operator,operator,unknown
689,Barber,barber,unknown
690,Rosarita,rosarita,unknown
691,Weasel,weasel,unknown
692,Robot Weasel,robot weasel,unknown
693,Señor Beaver-otti,señor beaver-otti,unknown
694,Robot Animals,robot animals,unknown
695,Fat Cop,fat cop,unknown
696,Falcon Man,falcon man,unknown
697,Sailor,sailor,unknown
698,Sting,sting,unknown
700,Choir,choir,unknown
701,Souvenir Hawker,souvenir hawker,unknown
702,Station Announcer,station announcer,unknown
703,Old Lady #1,old lady 1,unknown
704,Bret,bret,unknown
705,JIMMY,jimmy,unknown
706,Sportscaster,sportscaster,unknown
707,Coach,coach,unknown
708,Football Announcer #2,football announcer 2,unknown
709,Player,player,unknown
710,Marco,marco,unknown
711,Box,box,unknown
712,Nutty Comedian,nutty comedian,unknown
713,Alien,alien,unknown
714,Duff Announcer,duff announcer,unknown
716,Nick #2,nick 2,unknown
717,Commercial Guy,commercial guy,unknown
718,Man On Phone,man on phone,unknown
719,Bus Driver,bus driver,unknown
720,Policewoman,policewoman,unknown
721,Different Announcer,different announcer,unknown
722,Chef Rodrigo,chef rodrigo,unknown
723,Gregory,gregory,unknown
724,FABRIZIO,fabrizio,unknown
725,Woman On Tv #1,woman on tv 1,unknown
726,Woman On Tv #2,woman on tv 2,unknown
727,Teenage Boy,teenage boy,unknown
728,CHIF WIGGUM,chif wiggum,unknown
729,Service Manager,service manager,unknown
730,Ted,ted,unknown
731,Sound-alikes,sound-alikes,unknown
732,Mister Amazing,mister amazing,unknown
733,Sparkle,sparkle,unknown
734,Romantic Lover Voice,romantic lover voice,unknown
735,Southern Private,southern private,unknown
736,Charles Boyer,charles boyer,unknown
737,Umpire,umpire,unknown
738,Dispatcher,dispatcher,unknown
739,ARI,ari,unknown
740,Jose Canseco,jose canseco,unknown
743,Ozzie Smith,ozzie smith,unknown
744,Don Mattingly,don mattingly,unknown
745,Steve Sax,steve sax,unknown
746,Roger Clemens,roger clemens,unknown
747,Wade Boggs,wade boggs,unknown
748,KEN GRIFFEY JR.,ken griffey jr,unknown
749,Darryl Strawberry,darryl strawberry,unknown
750,Hypnotist,hypnotist,unknown
751,ALL THE PLAYERS,all the players,unknown
752,JOSE CONSECO,jose conseco,unknown
753,Ticket Taker,ticket taker,unknown
754,Courier,courier,unknown
756,FORTE,forte,unknown
757,Donna,donna,unknown
759,PRINCIPAL WILLIE,principal willie,unknown
760,Prosecutor,prosecutor,unknown
761,Steve Allen,steve allen,unknown
762,Mr. Montone,mr montone,unknown
763,Former Teacher,former teacher,unknown
764,Teacher #1,teacher 1,unknown
765,Teacher #2,teacher 2,unknown
766,Hippie Teacher,hippie teacher,unknown
768,Employer,employer,unknown
699,Sideshow Mel,sideshow mel,m
742,Tour Guide,tour guide,m
657,HUGH,hugh,m
758,Tammy,tammy,f
767,Employee,employee,m
741,Mike Scioscia,mike scioscia,m
668,Charlie,charlie,m
715,Nick,nick,m
769,Window Washers,window washers,unknown
770,Sanjay Nahasapeemapetilon,sanjay nahasapeemapetilon,unknown
771,Lottery Announcer,lottery announcer,unknown
772,Vet,vet,unknown
773,Mr. Danielson,mr danielson,unknown
775,Sadistic Barfly,sadistic barfly,unknown
776,Young Barfly,young barfly,unknown
777,Trainee,trainee,unknown
778,Butler,butler,unknown
779,Ticket Man,ticket man,unknown
780,General,general,unknown
781,Cowboy #1,cowboy 1,unknown
782,Cowboy #2,cowboy 2,unknown
783,Bar Owner,bar owner,unknown
784,Yodelin' Zeke,yodelin zeke,unknown
786,Male Nurse,male nurse,unknown
787,Music Store Owner,music store owner,unknown
788,Mr. Boylan,mr boylan,unknown
789,Mule,mule,unknown
790,Young Girl,young girl,unknown
791,Pretty Girl,pretty girl,unknown
792,Orville,orville,unknown
793,Hurley,hurley,unknown
794,Dinosaur Dad,dinosaur dad,unknown
795,Dinosaur Son,dinosaur son,unknown
796,Cellmate #1,cellmate 1,unknown
797,FAMILY/EVERYONE,familyeveryone,unknown
798,Crooner,crooner,unknown
799,MacGyver,macgyver,unknown
800,T-shirt Guy,t-shirt guy,unknown
802,David,david,unknown
804,DEREK,derek,unknown
805,Roadie,roadie,unknown
806,Stoned Guy,stoned guy,unknown
807,Promoter,promoter,unknown
808,DAVID/NIGEL,davidnigel,unknown
809,DAVID/NIGEL/DEREK,davidnigelderek,unknown
810,Landlord,landlord,unknown
811,Samantha Stanky,samantha stanky,unknown
812,Grave Digger,grave digger,unknown
813,Crane Operator,crane operator,unknown
814,Worker #1,worker 1,unknown
815,Worker #2,worker 2,unknown
816,Mr. Stanky,mr stanky,unknown
818,Nun,nun,unknown
819,NUN #2,nun 2,unknown
820,Bum,bum,unknown
821,WILLIAM POWEL LOOKALIKE,william powel lookalike,unknown
822,Bum #2,bum 2,unknown
823,Nbc Anchorman,nbc anchorman,unknown
824,Jittery Private,jittery private,unknown
825,Angry Sergeant,angry sergeant,unknown
826,Men Singers,men singers,unknown
827,Female Singers,female singers,unknown
828,Smokin' Joe Frazier,smokin joe frazier,unknown
829,Herb Powell,herb powell,unknown
830,Mom,mom,unknown
831,Teachers,teachers,unknown
832,Mr. Black,mr black,unknown
833,Sergeant,sergeant,unknown
834,Campers,campers,unknown
835,Line Judge,line judge,unknown
836,Stablehand,stablehand,unknown
837,Little Boy #1,little boy 1,unknown
838,Queen Elizabeth II,queen elizabeth ii,unknown
839,Yoga Instructor,yoga instructor,unknown
840,HOMER'S THOUGHT,homers thought,unknown
841,Contestants,contestants,unknown
842,Mr. Bozwell,mr bozwell,unknown
843,DEBORAH JO SMALLWOOD,deborah jo smallwood,unknown
845,Auditioning Woman #1,auditioning woman 1,unknown
846,Auditioning Woman #2,auditioning woman 2,unknown
847,Auditioning Woman #3,auditioning woman 3,unknown
848,Ms. Sinclair,ms sinclair,unknown
849,Video Game Voice,video game voice,unknown
850,Company,company,unknown
851,Actress,actress,unknown
852,Male Parishoner,male parishoner,unknown
853,Stooge #1,stooge 1,unknown
854,Stooge #2,stooge 2,unknown
855,Boring Guy,boring guy,unknown
856,Commentator,commentator,unknown
857,Abraham Lincoln,abraham lincoln,unknown
858,Flanders Family,flanders family,unknown
859,Jamshed,jamshed,unknown
860,Insurance Agent,insurance agent,unknown
861,Barker,barker,unknown
862,Booth Man,booth man,unknown
863,Caricaturist,caricaturist,unknown
864,Small Voice,small voice,unknown
865,Tv Father,tv father,unknown
866,Tv Daughter,tv daughter,unknown
867,Bitsy,bitsy,unknown
868,Ramona,ramona,unknown
869,Owner,owner,unknown
870,Ice Cream Lady,ice cream lady,unknown
871,Amber Dempsey,amber dempsey,unknown
872,Pahasatira,pahasatira,unknown
873,Judges,judges,unknown
874,Museum Worker,museum worker,unknown
875,Show Announcer,show announcer,unknown
876,Bob Hope,bob hope,unknown
817,Kirk Van Houten,kirk van houten,m
785,Lurleen Lumpkin,lurleen lumpkin,f
774,God,god,m
803,Nigel Bakerbutcher,nigel bakerbutcher,m
877,Advance Man,advance man,unknown
878,Soldier #1,soldier 1,unknown
879,Soldier #2,soldier 2,unknown
881,Nerd #1,nerd 1,unknown
882,Nerd #2,nerd 2,unknown
883,Football Player,football player,unknown
884,Shopkeeper,shopkeeper,unknown
885,Gangster,gangster,unknown
886,Repairman,repairman,unknown
887,Sailor #1,sailor 1,unknown
888,Sailor #2,sailor 2,unknown
889,Natives,natives,unknown
890,'30s Reporter,30s reporter,unknown
891,Girl Star,girl star,unknown
892,Co-pilot,co-pilot,unknown
893,Monkey,monkey,unknown
894,Faces,faces,unknown
895,Zombies,zombies,unknown
896,Skinner Zombie,skinner zombie,unknown
897,Zombie Krusty,zombie krusty,unknown
898,Zombie Flanders,zombie flanders,unknown
899,Zombie D.J.'s,zombie djs,unknown
900,Zombie Shakespeare,zombie shakespeare,unknown
901,Lisa Snail,lisa snail,unknown
902,Zombie,zombie,unknown
903,Pilgrim Zombie,pilgrim zombie,unknown
904,Cowboy Zombie,cowboy zombie,unknown
905,Helmsman,helmsman,unknown
906,Chief Engineer,chief engineer,unknown
907,Rowdy Woman,rowdy woman,unknown
909,Astronaut,astronaut,unknown
910,Booth Attendant,booth attendant,unknown
911,MCCLURE,mcclure,unknown
912,Contractor,contractor,unknown
913,Headless Brakeman,headless brakeman,unknown
914,Marley,marley,unknown
915,Donut Man,donut man,unknown
916,Tom Jones,tom jones,unknown
917,Animal Handler,animal handler,unknown
918,Homer,homer,unknown
919,Hunk,hunk,unknown
920,Price,price,unknown
924,Mrs. Powers,mrs powers,unknown
925,Guy #1,guy 1,unknown
926,Guy #2,guy 2,unknown
927,Chef,chef,unknown
928,Waiter #2,waiter 2,unknown
929,Old Man,old man,unknown
930,Attorney,attorney,unknown
931,Mailman,mailman,unknown
932,Delivery Boy,delivery boy,unknown
933,Fat Foreman,fat foreman,unknown
934,Old Woman,old woman,unknown
935,RICARDO,ricardo,unknown
936,Alan Thicke,alan thicke,unknown
937,Adjuster,adjuster,unknown
938,Model,model,unknown
939,Second Man,second man,unknown
940,German Engineer,german engineer,unknown
941,Adam West,adam west,unknown
942,President Bush,president bush,unknown
943,"""Just Stamp the Ticket"" Man",just stamp the ticket man,unknown
945,Linda Ronstadt,linda ronstadt,unknown
946,Teenage Barney,teenage barney,unknown
948,Copy Writer,copy writer,unknown
949,Cameraman,cameraman,unknown
950,Bigfoot,bigfoot,unknown
951,Mountain Goat,mountain goat,unknown
952,Fruit Vendor,fruit vendor,unknown
953,Irish Lady,irish lady,unknown
954,Italian Lady,italian lady,unknown
955,Talk Show Host,talk show host,unknown
956,Sidekick,sidekick,unknown
957,Realtor,realtor,unknown
958,Ad Man,ad man,unknown
959,Female Messenger,female messenger,unknown
960,Clown Bed,clown bed,unknown
961,Korean Gymnast,korean gymnast,unknown
962,Pig,pig,unknown
964,Gas Station Boy,gas station boy,unknown
965,Billy,billy,unknown
966,Homer's Spirit,homers spirit,unknown
967,INTERCOM,intercom,unknown
968,Reporters,reporters,unknown
969,Sunday School Teacher,sunday school teacher,unknown
970,VIDEO TAPE NARRATOR,video tape narrator,unknown
971,Pumpkin Man,pumpkin man,unknown
972,Med Students,med students,unknown
973,Handsome Young Man,handsome young man,unknown
974,Andre,andre,unknown
975,Young Riviera,young riviera,unknown
976,Angry Man,angry man,unknown
977,Warrior,warrior,unknown
979,Truckosaurus,truckosaurus,unknown
980,Sebastian Kobb,sebastian kobb,unknown
981,Woman With Baby,woman with baby,unknown
982,Baby,baby,unknown
983,NIMOY,nimoy,unknown
984,Engineer #1,engineer 1,unknown
985,Haverbrook Man,haverbrook man,unknown
944,Captain Horatio McCallister,captain horatio mccallister,m
963,Hans Moleman,hans moleman,m
923,Squeaky-Voiced Teen,squeaky-voiced teen,m
978,LANLEY,lanley,m
921,Laura Powers,laura powers,f
908,Bumblebee Man,bumblebee man,m
880,Santa Claus,santa claus,m
986,Bart Anchor,bart anchor,unknown
987,Lance Murdock,lance murdock,unknown
988,2nd Announcer,2nd announcer,unknown
989,Homer's Thought Bubble,homers thought bubble,unknown
990,Reverend,reverend,unknown
991,Aunt Gladys's Corpse,aunt gladyss corpse,unknown
992,Aunt Gladys,aunt gladys,unknown
993,HUTZ' VOICE,hutz voice,unknown
994,MR. HUTZ,mr hutz,unknown
995,Princess Opal,princess opal,unknown
996,Bag Boy,bag boy,unknown
997,Waitress #2,waitress 2,unknown
998,Sperm Doctor,sperm doctor,unknown
999,Babies,babies,unknown
1000,MAN ON RADIO,man on radio,unknown
1001,Surly,surly,unknown
1002,Attractive Woman,attractive woman,unknown
1003,Man On Tv,man on tv,unknown
1004,Beer Singers,beer singers,unknown
1005,Hercules,hercules,unknown
1006,Security Man,security man,unknown
1007,Washington,washington,unknown
1008,Man In White Coat,man in white coat,unknown
1009,Boys,boys,unknown
1010,Santa's Little Helper,santas little helper,unknown
1011,Homer's Bloody Skull,homers bloody skull,unknown
1012,Sketch Announcer,sketch announcer,unknown
1013,Agency Worker,agency worker,unknown
1014,Fans,fans,unknown
1015,Small Man,small man,unknown
1016,Chihuahua,chihuahua,unknown
1017,Cat,cat,unknown
1018,Corey,corey,unknown
1019,Pepi,pepi,unknown
1020,Apu's Brain,apus brain,unknown
1021,JOHNNY,johnny,unknown
1022,Truck Driver,truck driver,unknown
1023,Rex,rex,unknown
1024,Homer's Conscience,homers conscience,unknown
1025,Robert Frost,robert frost,unknown
1026,FROST,frost,unknown
1027,Raheem,raheem,unknown
1028,Presidents,presidents,unknown
1029,Harrison,harrison,unknown
1030,Presidents' Heads,presidents heads,unknown
1031,Teddy Roosevelt,teddy roosevelt,unknown
1032,3rd World Father,3rd world father,unknown
1033,3rd World Family,3rd world family,unknown
1034,Mechanical Figure,mechanical figure,unknown
1035,Tourists,tourists,unknown
1036,Cartoon Doctor,cartoon doctor,unknown
1037,Richard Nixon,richard nixon,unknown
1038,Kennedy,kennedy,unknown
1039,Mrs. Phillips,mrs phillips,unknown
1040,Assembly,assembly,unknown
1041,Chuck's Dad,chucks dad,unknown
1043,Parent One,parent one,unknown
1044,Parent Two,parent two,unknown
1045,Feminists,feminists,unknown
1047,Train,train,unknown
1048,Receiver,receiver,unknown
1049,Burns' Grandfather,burns grandfather,unknown
1050,Dr. Wolfe,dr wolfe,unknown
1051,Gummy Joe,gummy joe,unknown
1052,Donut Vendor,donut vendor,unknown
1053,Mop Top #1,mop top 1,unknown
1054,Mop Top #2,mop top 2,unknown
1055,Mop Top #3,mop top 3,unknown
1056,Mop Tops,mop tops,unknown
1057,Goon,goon,unknown
1058,Bird,bird,unknown
1059,Quigley,quigley,unknown
1060,Robots,robots,unknown
1061,DR. JOYCE,dr joyce,unknown
1062,Pagan Simpsons,pagan simpsons,unknown
1063,Waiters/cooks,waiterscooks,unknown
1064,Specialist,specialist,unknown
1065,Intern,intern,unknown
1066,Elvis,elvis,unknown
1068,Writer,writer,unknown
1069,Roxie,roxie,unknown
1070,Bobby Mindich,bobby mindich,unknown
1072,Barney's Boss,barneys boss,unknown
1073,Writer #2,writer 2,unknown
1074,Cowboys,cowboys,unknown
1075,BROOKE,brooke,unknown
1076,Child,child,unknown
1077,Seagull,seagull,unknown
1079,Scottish Woman,scottish woman,unknown
1080,Exhaust Pipe Lid,exhaust pipe lid,unknown
1081,Chicken,chicken,unknown
1082,Mr. Ogden,mr ogden,unknown
1083,Scientist #1,scientist 1,unknown
1084,Scientist #2,scientist 2,unknown
1085,Evil Homer,evil homer,unknown
1086,Hitler,hitler,unknown
1087,Recruiter,recruiter,unknown
1088,Actor,actor,unknown
1089,Teenaged Guide,teenaged guide,unknown
1090,Children's Choir,childrens choir,unknown
1091,Boy Soloist,boy soloist,unknown
1092,Driver Of Foreign Car,driver of foreign car,unknown
1093,Barry White,barry white,unknown
1094,Miss Springfield,miss springfield,unknown
1095,Irishman,irishman,unknown
1078,Gary Chalmers,gary chalmers,m
1046,Baseball Announcer,baseball announcer,m
1071,ARTIE,artie,m
1096,Old Mrs. Glick,old mrs glick,unknown
1097,SICK JAPANESE WORKER,sick japanese worker,unknown
1098,Japanese Worker #2,japanese worker 2,unknown
1099,JAPANESE WORKERS,japanese workers,unknown
1100,White Blood Cell #1,white blood cell 1,unknown
1101,White Blood Cell #2,white blood cell 2,unknown
1102,Virus,virus,unknown
1103,JAMAICAN MAN,jamaican man,unknown
1104,Husband,husband,unknown
1105,Jury,jury,unknown
1106,David Crosby,david crosby,unknown
1107,Jury Foreman,jury foreman,unknown
1109,Phillips,phillips,unknown
1110,Tattoo Annie,tattoo annie,unknown
1111,Park Commissioner,park commissioner,unknown
1112,Assistant,assistant,unknown
1113,Jacqueline,jacqueline,unknown
1115,Coast Guard Officer,coast guard officer,unknown
1116,Charley Weaver,charley weaver,unknown
1117,Gabbo,gabbo,unknown
1118,CRANDALL,crandall,unknown
1119,Soldier Puppets,soldier puppets,unknown
1120,Cossack Puppets,cossack puppets,unknown
1121,Alphonse,alphonse,unknown
1122,Commercial Announcer,commercial announcer,unknown
1123,Casting Director,casting director,unknown
1124,Old Man Singers,old man singers,unknown
1125,Bette Midler,bette midler,unknown
1126,Hugh Hefner,hugh hefner,unknown
1127,Anthony Kiedis,anthony kiedis,unknown
1128,Flea,flea,unknown
1129,Elizabeth Taylor,elizabeth taylor,unknown
1130,Counter Boy,counter boy,unknown
1131,Mr. Johannson,mr johannson,unknown
1132,Luke Perry,luke perry,unknown
1133,LUKE PERRY IN DREAM,luke perry in dream,unknown
1134,Chad Smith,chad smith,unknown
1135,ARIK MARSHAL,arik marshal,unknown
1136,Krusty Announcer,krusty announcer,unknown
1137,Chili Peppers,chili peppers,unknown
1138,Man At Table,man at table,unknown
1139,SPEEDED UP VOICES,speeded up voices,unknown
1140,Melvin,melvin,unknown
1141,Quartet,quartet,unknown
1142,Tenor,tenor,unknown
1143,Be Sharps,be sharps,unknown
1144,Paul Harvey,paul harvey,unknown
1145,Ronald Reagan,ronald reagan,unknown
1146,Panicky Man,panicky man,unknown
1147,Sarah Wiggum,sarah wiggum,unknown
1148,Female Talk Show Host,female talk show host,unknown
1149,George Harrison,george harrison,unknown
1150,2-Year-Old Lisa,2-year-old lisa,unknown
1151,Teenage Bellboy,teenage bellboy,unknown
1152,Surly Man,surly man,unknown
1153,Kako,kako,unknown
1154,Human Fly,human fly,unknown
1155,Sinister Male Voice,sinister male voice,unknown
1156,Schoolyard Girls,schoolyard girls,unknown
1157,MRS KRABAPPEL,mrs krabappel,unknown
1158,Parole Board Head,parole board head,unknown
1159,People In Court,people in court,unknown
1160,Parole Board Member #1,parole board member 1,unknown
1161,Parole Board,parole board,unknown
1162,Parole Board Member #2,parole board member 2,unknown
1163,Man On Screen,man on screen,unknown
1164,Woman On Tape,woman on tape,unknown
1165,Investigator,investigator,unknown
1166,Celestial Choir,celestial choir,unknown
1167,Woman's Voice,womans voice,unknown
1168,Nrc Woman,nrc woman,unknown
1169,Nrc Man,nrc man,unknown
1170,Dumb Employee #1,dumb employee 1,unknown
1171,Dumb Employee #2,dumb employee 2,unknown
1172,Counselor,counselor,unknown
1173,Admissions Man,admissions man,unknown
1174,Admissions Woman,admissions woman,unknown
1175,Hillbilly Man,hillbilly man,unknown
1176,Angry Dean,angry dean,unknown
1177,Nerdlinger,nerdlinger,unknown
1178,Scholar,scholar,unknown
1179,Overseers,overseers,unknown
1180,Jock,jock,unknown
1181,Skinny Student,skinny student,unknown
1182,Dean Bobby Peterson,dean bobby peterson,unknown
1183,Professor,professor,unknown
1184,Architect,architect,unknown
1185,Men,men,unknown
1186,Dean,dean,unknown
1187,Doug,doug,unknown
1188,Gary,gary,unknown
1189,Benjamin,benjamin,unknown
1190,Automated Voice,automated voice,unknown
1191,Guards,guards,unknown
1192,7-YEAR OLD BURNS,7-year old burns,unknown
1193,Burns' Mother,burns mother,unknown
1194,Burns's Father,burnss father,unknown
1195,George Burns,george burns,unknown
1196,Jimmy Carter,jimmy carter,unknown
1198,RAMONE #1,ramone 1,unknown
1199,RAMONE #2,ramone 2,unknown
1200,RAMONE #3,ramone 3,unknown
1201,RAMONE #4,ramone 4,unknown
1197,George H.W. Bush,george hw bush,m
1108,Warden,warden,m
1202,Drummer,drummer,unknown
1203,Mechanic,mechanic,unknown
1204,Explorer,explorer,unknown
1205,Bear,bear,unknown
1206,Workman,workman,unknown
1207,Workman #2,workman 2,unknown
1208,Hooded Man,hooded man,unknown
1209,Dinosaur,dinosaur,unknown
1210,Mr. Boswell,mr boswell,unknown
1211,Pieces Of Homer,pieces of homer,unknown
1212,Demon Technician,demon technician,unknown
1213,Skeleton Judge,skeleton judge,unknown
1214,Blackbeard,blackbeard,unknown
1215,Benedict Arnold,benedict arnold,unknown
1216,Lizzie Borden,lizzie borden,unknown
1217,KODO,kodo,unknown
1218,Exchange Student,exchange student,unknown
1219,Gremlin,gremlin,unknown
1220,GROUNDKEEPER WILLIE,groundkeeper willie,unknown
1221,Bart Bat,bart bat,unknown
1222,Humorist,humorist,unknown
1224,The Pope,the pope,unknown
1226,Scientist,scientist,unknown
1227,Technician #1,technician 1,unknown
1228,Technician #2,technician 2,unknown
1229,Lady,lady,unknown
1230,Tape Player,tape player,unknown
1231,Lenny's Wife,lennys wife,unknown
1232,Tough Guy,tough guy,unknown
1233,Mohawk Girl,mohawk girl,unknown
1235,Woman #3,woman 3,unknown
1236,Woman #4,woman 4,unknown
1237,Fry Cook,fry cook,unknown
1238,Diner Owner,diner owner,unknown
1240,Flanders' Inner Child,flanders inner child,unknown
1241,Homer's Inner Child,homers inner child,unknown
1242,Moe's Inner Child,moes inner child,unknown
1243,Women In Crowd,women in crowd,unknown
1244,Old Folks,old folks,unknown
1245,MR. KRABAPPEL,mr krabappel,unknown
1246,James Brown,james brown,unknown
1247,Carpenter,carpenter,unknown
1248,Dorky Teenager,dorky teenager,unknown
1249,MCGARNIGAL,mcgarnigal,unknown
1250,Atari Andre Gregory,atari andre gregory,unknown
1251,Manuel Noriega,manuel noriega,unknown
1252,Arcade Manager,arcade manager,unknown
1253,Wise Old Hobo,wise old hobo,unknown
1254,Triple Milhouse,triple milhouse,unknown
1255,Dorky Kid,dorky kid,unknown
1256,Pudgy Boy,pudgy boy,unknown
1257,Fathers,fathers,unknown
1258,Ernest Borgnine,ernest borgnine,unknown
1259,Dolphins,dolphins,unknown
1261,Arab Men,arab men,unknown
1262,Agent #1,agent 1,unknown
1263,Zutroy,zutroy,unknown
1264,Agent #2,agent 2,unknown
1265,Optometrist,optometrist,unknown
1266,Dermatologist,dermatologist,unknown
1267,Podiatrist,podiatrist,unknown
1268,Internist,internist,unknown
1269,Jerry Lewis Bart,jerry lewis bart,unknown
1271,Cherub Lenny,cherub lenny,unknown
1272,Cherub Carl,cherub carl,unknown
1273,Fish,fish,unknown
1274,Sexy Woman Announcer,sexy woman announcer,unknown
1275,Jeeves,jeeves,unknown
1276,WHITE HOUSE AIDE,white house aide,unknown
1277,Turban Kid,turban kid,unknown
1278,Fat Kid,fat kid,unknown
1279,Nerds,nerds,unknown
1280,Big Hand Man,big hand man,unknown
1281,Bellhop,bellhop,unknown
1282,Passerby #1,passerby 1,unknown
1283,Passerby #2,passerby 2,unknown
1284,Chinese Waiter #1,chinese waiter 1,unknown
1285,Chinese Waiter #2,chinese waiter 2,unknown
1286,Newsreel Announcer,newsreel announcer,unknown
1287,Amos Guy,amos guy,unknown
1288,Young Jasper,young jasper,unknown
1289,Panhandler,panhandler,unknown
1290,Angry Voice From Stall,angry voice from stall,unknown
1291,Henry Kissinger,henry kissinger,unknown
1292,HENRY KISSINGER'S BRAIN,henry kissingers brain,unknown
1293,Little Burns,little burns,unknown
1294,British Guy,british guy,unknown
1295,British Waitress,british waitress,unknown
1296,Hippie,hippie,unknown
1297,Gerry Cooney,gerry cooney,unknown
1298,Blackjack Players,blackjack players,unknown
1299,BIG TEXAN,big texan,unknown
1300,Ernst,ernst,unknown
1301,Gunter,gunter,unknown
1302,Teenage Attendant,teenage attendant,unknown
1303,Someone,someone,unknown
1304,Rain Man,rain man,unknown
1305,Gambler,gambler,unknown
1306,CRAP PLAYERS,crap players,unknown
1307,Farmboy,farmboy,unknown
1308,Slot Player #1,slot player 1,unknown
1309,Slot Player #2,slot player 2,unknown
1239,GOODMAN,goodman,m
1225,RUTH,ruth,f
1270,Mindy,mindy,f
1223,Edward,edward,m
1260,Accountant,accountant,m
1310,Audience Member,audience member,unknown
1311,Robert Goulet,robert goulet,unknown
1312,Wheelman,wheelman,unknown
1313,Wheel Players,wheel players,unknown
1314,Craps Players,craps players,unknown
1315,Molloy,molloy,unknown
1316,Voice From The Back,voice from the back,unknown
1317,IRISH PETE,irish pete,unknown
1318,Beatnik Poet,beatnik poet,unknown
1319,Twelve-year-old,twelve-year-old,unknown
1320,Cat Burglar,cat burglar,unknown
1321,Box Executive,box executive,unknown
1322,Organ Grinder,organ grinder,unknown
1323,Crowd Member,crowd member,unknown
1324,2nd Crowd Member,2nd crowd member,unknown
1325,Mrs. Quimby,mrs quimby,unknown
1326,Fireman,fireman,unknown
1327,Hammer,hammer,unknown
1328,CONAN,conan,unknown
1329,Kitty,kitty,unknown
1330,Customer #1,customer 1,unknown
1331,Customer #2,customer 2,unknown
1332,Dog,dog,unknown
1334,Bum #1,bum 1,unknown
1335,Comedian,comedian,unknown
1338,Stockboy,stockboy,unknown
1339,Christians,christians,unknown
1340,Robed Indian,robed indian,unknown
1341,Aged Man,aged man,unknown
1342,ROBBER,robber,unknown
1343,Old Ladies,old ladies,unknown
1344,Onlookers,onlookers,unknown
1345,Girl #2,girl 2,unknown
1346,Hip Old Man,hip old man,unknown
1347,Buzz Announcer,buzz announcer,unknown
1348,Malibu Stacy,malibu stacy,unknown
1349,Goofy Girl,goofy girl,unknown
1350,Goofy Girl's Stacy,goofy girls stacy,unknown
1351,Recorded Voice,recorded voice,unknown
1352,Claire Harper,claire harper,unknown
1353,Ugly Man,ugly man,unknown
1354,Leroy,leroy,unknown
1355,Angry Customer,angry customer,unknown
1356,Young Man,young man,unknown
1357,Stacy Lovell,stacy lovell,unknown
1358,GI JOE,gi joe,unknown
1359,Doll,doll,unknown
1360,Grim C.E.O.,grim ceo,unknown
1361,Brockman's Daughter,brockmans daughter,unknown
1362,Executives,executives,unknown
1363,Old Lady Customer,old lady customer,unknown
1364,Old People,old people,unknown
1365,GIRL#2,girl2,unknown
1366,Crowd Noise,crowd noise,unknown
1367,Nasa Announcer #1,nasa announcer 1,unknown
1368,Nasa Announcer #2,nasa announcer 2,unknown
1369,Dr. Babcock,dr babcock,unknown
1371,Chimp,chimp,unknown
1372,Female Scientist,female scientist,unknown
1373,TIM ALLEN-TYPE,tim allen-type,unknown
1374,Peg,peg,unknown
1375,Nerdy Scientist,nerdy scientist,unknown
1376,Jim Wallace,jim wallace,unknown
1377,Toby Hunter,toby hunter,unknown
1378,BUZZ,buzz,unknown
1379,Mission Control,mission control,unknown
1380,Race,race,unknown
1381,Everybody,everybody,unknown
1382,Ants,ants,unknown
1383,Ant #1,ant 1,unknown
1384,Ant #2,ant 2,unknown
1385,Ant #3,ant 3,unknown
1386,Ant #4,ant 4,unknown
1387,James Taylor,james taylor,unknown
1388,RERPORTER #4,rerporter 4,unknown
1389,Star Child Homer,star child homer,unknown
1390,First Guy In Line,first guy in line,unknown
1391,Eddie Money,eddie money,unknown
1392,Jeremiah,jeremiah,unknown
1393,Priest,priest,unknown
1394,Rappin' Ronnie,rappin ronnie,unknown
1395,Voice #1,voice 1,unknown
1396,Voice #2,voice 2,unknown
1397,Voice #3,voice 3,unknown
1398,Voice #4,voice 4,unknown
1399,Congregation,congregation,unknown
1400,Ernie Ford,ernie ford,unknown
1401,Carter,carter,unknown
1402,Gomer,gomer,unknown
1404,Saxophone,saxophone,unknown
1405,Mr. Clean-style Character,mr clean-style character,unknown
1406,Goofy Recording,goofy recording,unknown
1407,Station Owner,station owner,unknown
1408,Dj3000,dj3000,unknown
1409,Arboretum Guy,arboretum guy,unknown
1410,Small Kid,small kid,unknown
1411,MEDIUM-SIZED KID,medium-sized kid,unknown
1412,Kid's Mother,kids mother,unknown
1414,Grizzled Guy,grizzled guy,unknown
1415,Wildlife Man,wildlife man,unknown
1416,Ivory Dealer,ivory dealer,unknown
1417,Speaker Box,speaker box,unknown
1418,GAME SHOW MAN,game show man,unknown
1403,Bill Clinton,bill clinton,m
1337,James Woods,james woods,m
1524,Jessica,jessica,f
1370,STILLWATER,stillwater,m
1333,Technician,technician,m
1419,Baby Burns,baby burns,unknown
1420,Teenage Burns,teenage burns,unknown
1421,Greenpeace Hippie #1,greenpeace hippie 1,unknown
1422,Greenpeace Hippie #2,greenpeace hippie 2,unknown
1423,Lee Majors,lee majors,unknown
1424,Street Urchin,street urchin,unknown
1425,Elf,elf,unknown
1426,Deprogrammer,deprogrammer,unknown
1427,Marge,marge,unknown
1428,Lisa,lisa,unknown
1429,Homer Actor,homer actor,unknown
1430,Marge Actress,marge actress,unknown
1431,Lisa Actress,lisa actress,unknown
1432,Baby Bart,baby bart,unknown
1433,Class,class,unknown
1434,Leopold,leopold,unknown
1436,Hayseed #1,hayseed 1,unknown
1437,Hayseed #2,hayseed 2,unknown
1438,Flanders's Beatnik Dad,flanderss beatnik dad,unknown
1439,Private,private,unknown
1440,Rowdy Soldier,rowdy soldier,unknown
1441,Huck,huck,unknown
1442,Freddy,freddy,unknown
1443,Lincoln Hobo,lincoln hobo,unknown
1445,Various Quimbys,various quimbys,unknown
1446,French Waiter,french waiter,unknown
1447,Quimby's Lawyer,quimbys lawyer,unknown
1448,Lunchlady Bart,lunchlady bart,unknown
1449,JIMBO JR.,jimbo jr,unknown
1450,Jurors,jurors,unknown
1451,Monkeys,monkeys,unknown
1453,Grampa's Brain,grampas brain,unknown
1454,Generation X Guy,generation x guy,unknown
1455,Nelson Apparition,nelson apparition,unknown
1456,Voice Inside Cake,voice inside cake,unknown
1457,Kaiser Wilhelm Guy,kaiser wilhelm guy,unknown
1458,Administrator,administrator,unknown
1459,SQUEAKY-VOICED TEENAGER,squeaky-voiced teenager,unknown
1460,Smithers's Wife,smitherss wife,unknown
1461,Carl's Wife,carls wife,unknown
1462,Snowball II,snowball ii,unknown
1463,Musician,musician,unknown
1464,Another Man,another man,unknown
1465,Amish Man,amish man,unknown
1466,Mob Of Teenagers,mob of teenagers,unknown
1467,Last Teenager,last teenager,unknown
1468,A Dozen Little Girls,a dozen little girls,unknown
1469,George,george,unknown
1470,STEWART CHARACTER,stewart character,unknown
1471,RAVI,ravi,unknown
1472,English Boy,english boy,unknown
1473,Police Dept. Machine,police dept machine,unknown
1474,Jimmy Stewart Character,jimmy stewart character,unknown
1475,Swashbuckler,swashbuckler,unknown
1477,Fbi #1,fbi 1,unknown
1478,Fbi #2,fbi 2,unknown
1479,Professor Taylor,professor taylor,unknown
1480,Englishman,englishman,unknown
1481,Beekeeper #1,beekeeper 1,unknown
1482,Beekeeper #2,beekeeper 2,unknown
1483,Üter,Üter,unknown
1484,Sherry,sherry,unknown
1485,Various Kids,various kids,unknown
1486,Radio Preacher,radio preacher,unknown
1487,2nd Radio Preacher,2nd radio preacher,unknown
1488,3rd Radio Preacher,3rd radio preacher,unknown
1489,Engineer,engineer,unknown
1490,Waiter #1,waiter 1,unknown
1491,Childcare Worker,childcare worker,unknown
1492,Little Kid,little kid,unknown
1493,Mother #1,mother 1,unknown
1494,Childcare Supervisor,childcare supervisor,unknown
1495,Pinitchio,pinitchio,unknown
1496,Technician #3,technician 3,unknown
1497,Loud Speaker,loud speaker,unknown
1498,Technician #4,technician 4,unknown
1499,French Ticket Taker,french ticket taker,unknown
1500,Jingle Singers,jingle singers,unknown
1502,Chinese Principal #1,chinese principal 1,unknown
1503,Chinese Principal #2,chinese principal 2,unknown
1504,Dr. Demento,dr demento,unknown
1505,DR. DEMEMTO,dr dememto,unknown
1506,Protesters,protesters,unknown
1507,Others,others,unknown
1509,Big Moose,big moose,unknown
1510,Scary Announcer,scary announcer,unknown
1511,Kindergarten Teacher,kindergarten teacher,unknown
1512,FRED FLINTSTONE,fred flintstone,unknown
1513,Shadowy Figure,shadowy figure,unknown
1514,Spectators,spectators,unknown
1515,Prisoner #1,prisoner 1,unknown
1516,Prisoner #2,prisoner 2,unknown
1517,GROUNDSKEEPER WILLIE'S BRAIN,groundskeeper willies brain,unknown
1518,Chorus,chorus,unknown
1519,Mr. Peabody,mr peabody,unknown
1520,Sherman,sherman,unknown
1521,Sloth,sloth,unknown
1522,Kid Behind Glass,kid behind glass,unknown
1523,Jewish Man,jewish man,unknown
1435,Luigi,luigi,m
1452,Old Jewish Man,old jewish man,m
1501,Birch Barlow,birch barlow,m
1444,Auctioneer,auctioneer,m
1476,Allison,allison,f
1525,Trucker #1,trucker 1,unknown
1526,Trucker #2,trucker 2,unknown
1527,Library Boy,library boy,unknown
1528,Various Congregation Members,various congregation members,unknown
1529,Car,car,unknown
1530,Car #3,car 3,unknown
1531,News Announcer,news announcer,unknown
1532,Weatherman,weatherman,unknown
1533,Gym Teacher,gym teacher,unknown
1534,Female Coach,female coach,unknown
1535,Justice,justice,unknown
1536,Running Man,running man,unknown
1537,Hockey Announcer,hockey announcer,unknown
1538,Ashley,ashley,unknown
1539,Pa,pa,unknown
1540,German Gummy Salesman,german gummy salesman,unknown
1541,Heavy Woman,heavy woman,unknown
1542,Deep Voice,deep voice,unknown
1543,Godfrey,godfrey,unknown
1544,ROCK BOTTOM ANNOUNCER,rock bottom announcer,unknown
1545,Crying Woman,crying woman,unknown
1546,Female Host,female host,unknown
1547,Ben Announcer,ben announcer,unknown
1549,Trainer,trainer,unknown
1550,Fox Announcer,fox announcer,unknown
1551,Young Babysitter,young babysitter,unknown
1552,Dennis Franz,dennis franz,unknown
1553,Aussie Reporter,aussie reporter,unknown
1554,David Letterman,david letterman,unknown
1555,Standup,standup,unknown
1556,Teenage Manager,teenage manager,unknown
1557,Bike Rider,bike rider,unknown
1558,Uncle Doobie,uncle doobie,unknown
1559,GOODTIME SLIM,goodtime slim,unknown
1560,Colonel Leslie Hapablap,colonel leslie hapablap,unknown
1561,Vice President Gore,vice president gore,unknown
1562,Kool & the Gang,kool the gang,unknown
1563,Desk Clerk,desk clerk,unknown
1564,Goony-looking Man,goony-looking man,unknown
1565,Cows,cows,unknown
1566,John F. Kennedy,john f kennedy,unknown
1567,Onlooker,onlooker,unknown
1568,Carla,carla,unknown
1569,Sam,sam,unknown
1570,Norm,norm,unknown
1571,Woody,woody,unknown
1572,Cliff,cliff,unknown
1573,Runway Signaler,runway signaler,unknown
1574,Alan,alan,unknown
1575,Stewardess,stewardess,unknown
1576,Additional Man,additional man,unknown
1578,Gramma Bouvier,gramma bouvier,unknown
1579,Plumber,plumber,unknown
1580,7-Year-Old Homer,7-year-old homer,unknown
1581,7-YEAR-OLD-HOMER,7-year-old-homer,unknown
1582,Homer Glumpet,homer glumpet,unknown
1584,Last Signer,last signer,unknown
1585,Innkeeper,innkeeper,unknown
1586,Stonecutters,stonecutters,unknown
1587,School Kids,school kids,unknown
1588,Kid #3,kid 3,unknown
1589,Redenbacher,redenbacher,unknown
1590,NICHOLSON,nicholson,unknown
1591,Mr. T,mr t,unknown
1592,BUSH,bush,unknown
1593,Knightboat's Partner,knightboats partner,unknown
1594,Knightboat,knightboat,unknown
1595,Villain,villain,unknown
1596,Sperm #1,sperm 1,unknown
1597,Sperm #2,sperm 2,unknown
1598,"SPERM #3, #4, & #5",sperm 3 4 5,unknown
1599,Sperm #40012,sperm 40012,unknown
1600,Customers,customers,unknown
1601,Various Patrons,various patrons,unknown
1602,Pilot #2,pilot 2,unknown
1603,Female Astronomer,female astronomer,unknown
1604,Ham,ham,unknown
1605,Database,database,unknown
1606,E-Mail,e-mail,unknown
1607,Report Card,report card,unknown
1608,SUPERFRIENDS,superfriends,unknown
1609,Male Astronomer,male astronomer,unknown
1610,Panicked Man,panicked man,unknown
1611,Congressman #1,congressman 1,unknown
1612,Congressman #2,congressman 2,unknown
1613,Congress,congress,unknown
1614,Johnny Unitas,johnny unitas,unknown
1615,Angelique,angelique,unknown
1616,Transport Driver,transport driver,unknown
1617,Georgian,georgian,unknown
1618,Texan,texan,unknown
1619,2nd Texan,2nd texan,unknown
1620,Russian,russian,unknown
1621,New Englander,new englander,unknown
1622,Kid In Crowd,kid in crowd,unknown
1623,Krusty Burglar,krusty burglar,unknown
1624,Dick Cavett,dick cavett,unknown
1625,Plastic Surgeon,plastic surgeon,unknown
1626,Don Vitorio,don vitorio,unknown
1627,Gangsters,gangsters,unknown
1628,Second Scientist,second scientist,unknown
1629,Translator,translator,unknown
1630,Dictator,dictator,unknown
1631,Elderly Nazi,elderly nazi,unknown
1632,Gus,gus,unknown
1633,Prime Minister,prime minister,unknown
1583,Number One,number one,m
1635,Shiva,shiva,unknown
1636,Bullfrog,bullfrog,unknown
1637,Sentry,sentry,unknown
1638,Ambassador,ambassador,unknown
1639,Australian,australian,unknown
1640,All Legislators,all legislators,unknown
1641,Bullfrogs,bullfrogs,unknown
1642,Australians,australians,unknown
1643,Bart's Fist,barts fist,unknown
1644,Lender,lender,unknown
1645,Ballet Teacher,ballet teacher,unknown
1646,Mel Brooks,mel brooks,unknown
1647,Head Rabbi,head rabbi,unknown
1648,Back-up Rabbis,back-up rabbis,unknown
1649,Man In Background,man in background,unknown
1650,Japanese Man,japanese man,unknown
1651,Japanese Woman,japanese woman,unknown
1652,Person,person,unknown
1654,Charles Bronson,charles bronson,unknown
1655,Man In Audience,man in audience,unknown
1656,New York Pilot,new york pilot,unknown
1657,Spielbergo,spielbergo,unknown
1658,Jay's Stomach,jays stomach,unknown
1659,Actor #1,actor 1,unknown
1660,Actor #3,actor 3,unknown
1661,Villagers,villagers,unknown
1662,BEN HUR,ben hur,unknown
1663,EUDORA WELTY,eudora welty,unknown
1664,Fortune Teller,fortune teller,unknown
1665,FORTUNE-TELLER,fortune-teller,unknown
1666,Student In Jeans,student in jeans,unknown
1667,Moustached Man,moustached man,unknown
1668,Mrs. Parkfield,mrs parkfield,unknown
1669,Mr. Parkfield,mr parkfield,unknown
1670,Eldred,eldred,unknown
1671,Other Player,other player,unknown
1672,Adult Nelson,adult nelson,unknown
1673,NELSON JR.,nelson jr,unknown
1674,Aged Krusty,aged krusty,unknown
1675,Cable Announcer,cable announcer,unknown
1676,Pet Store Man,pet store man,unknown
1677,DRILL SGT.,drill sgt,unknown
1678,Irs Agent,irs agent,unknown
1679,Fat Cheeked Housekeeper,fat cheeked housekeeper,unknown
1680,Ticket Lady,ticket lady,unknown
1681,Shelbyville Principal,shelbyville principal,unknown
1682,Enemy Soldier #1,enemy soldier 1,unknown
1683,Enemy Soldier #2,enemy soldier 2,unknown
1684,Soldier #3,soldier 3,unknown
1685,Soldier #4,soldier 4,unknown
1686,Ring Girl,ring girl,unknown
1687,Tape Recorder,tape recorder,unknown
1688,Tutor,tutor,unknown
1689,Onlooker #1,onlooker 1,unknown
1690,Opponent #1,opponent 1,unknown
1691,Opponent #2,opponent 2,unknown
1692,Opponent #3,opponent 3,unknown
1693,Parents,parents,unknown
1694,Tiny Student,tiny student,unknown
1695,All Students,all students,unknown
1696,Old Jazz Musician,old jazz musician,unknown
1697,Store Clerk,store clerk,unknown
1698,Rudi,rudi,unknown
1699,Bart Butterfly,bart butterfly,unknown
1700,Lion's Head,lions head,unknown
1701,Darth,darth,unknown
1702,Black Man,black man,unknown
1703,Shill,shill,unknown
1704,News Vendor,news vendor,unknown
1705,Psychotic Guy,psychotic guy,unknown
1706,Hairdresser,hairdresser,unknown
1707,Players,players,unknown
1708,Sinister Man,sinister man,unknown
1709,Henchman,henchman,unknown
1710,1st Tourist,1st tourist,unknown
1711,2nd Tourist,2nd tourist,unknown
1712,Outfielder,outfielder,unknown
1713,Shelby,shelby,unknown
1714,Backpack Kid,backpack kid,unknown
1715,Shelbyville Kids,shelbyville kids,unknown
1716,Springfield,springfield,unknown
1717,Shelbyville,shelbyville,unknown
1718,Tough Kid,tough kid,unknown
1719,Dads,dads,unknown
1720,Bigger Kid,bigger kid,unknown
1721,1st Kid,1st kid,unknown
1722,2nd Kid,2nd kid,unknown
1723,Gas Station Attendant,gas station attendant,unknown
1724,Second Customer,second customer,unknown
1725,Shelbyvillers,shelbyvillers,unknown
1726,Groundskeeper Wilma,groundskeeper wilma,unknown
1727,Tow Truck Man,tow truck man,unknown
1728,Shelbyville Grampa,shelbyville grampa,unknown
1729,Prendergast,prendergast,unknown
1730,Guillermo,guillermo,unknown
1731,Tito Puente,tito puente,unknown
1732,High School Student,high school student,unknown
1733,Roughneck,roughneck,unknown
1734,Veterinarian,veterinarian,unknown
1735,Nelson's Parrot,nelsons parrot,unknown
1736,All Teachers,all teachers,unknown
1737,Male Inspector,male inspector,unknown
1738,Female Inspector,female inspector,unknown
1739,Other Old People,other old people,unknown
1740,Imaginary Burns #1,imaginary burns 1,unknown
1741,Imaginary Burns #2,imaginary burns 2,unknown
1742,Imaginary Burns #3,imaginary burns 3,unknown
1743,Ten Imaginary Burnses,ten imaginary burnses,unknown
1744,Elderly Guard,elderly guard,unknown
1745,Smithers's Brain,smitherss brain,unknown
1746,SUPER-VILLAIN,super-villain,unknown
1747,Teenage Employee,teenage employee,unknown
1748,Pigeon,pigeon,unknown
1749,Police Dispatcher,police dispatcher,unknown
1750,Old Board Member,old board member,unknown
1752,Scoutmaster,scoutmaster,unknown
1753,Different Announcers,different announcers,unknown
1754,Casting Lady,casting lady,unknown
1755,Teamster,teamster,unknown
1756,Dialogue Coach,dialogue coach,unknown
1758,Movie Prop Guy,movie prop guy,unknown
1759,Estonian Dwarf,estonian dwarf,unknown
1760,Prop Guy,prop guy,unknown
1761,Editor,editor,unknown
1762,Spirograph Man,spirograph man,unknown
1763,Mickey Rooney,mickey rooney,unknown
1764,Helicopter Pilot,helicopter pilot,unknown
1765,SHALLOW-LOOKING HOLLYWOODITE,shallow-looking hollywoodite,unknown
1766,Bentley Salesman,bentley salesman,unknown
1767,Head Lice,head lice,unknown
1768,Bully Girls,bully girls,unknown
1769,Old Mafia Guy,old mafia guy,unknown
1771,Officer Noble,officer noble,unknown
1772,FROM SPEAKER,from speaker,unknown
1773,Father In Burlap Sack,father in burlap sack,unknown
1774,Crow,crow,unknown
1775,Pre-Teen Hibbert Kid,pre-teen hibbert kid,unknown
1776,Little Hibbert Girl,little hibbert girl,unknown
1777,Teenage Hibbert Boy,teenage hibbert boy,unknown
1778,Barney-Shaped Form,barney-shaped form,unknown
1779,Jinglers,jinglers,unknown
1780,SHERRI/TERRI/THEIR SOULS,sherriterritheir souls,unknown
1781,NELSON/HIS SOUL,nelsonhis soul,unknown
1782,MARTIN'S SOUL,martins soul,unknown
1783,Unctuous Waiter,unctuous waiter,unknown
1784,Figure,figure,unknown
1785,SHERRI/TERRI,sherriterri,unknown
1786,VERY CUTE LITTLE GIRL,very cute little girl,unknown
1787,Raving Derelict,raving derelict,unknown
1788,Nana Van Houten,nana van houten,unknown
1789,Wolf,wolf,unknown
1790,Pigs,pigs,unknown
1791,Papa Bear,papa bear,unknown
1792,Mama Bear,mama bear,unknown
1793,Baby Bear,baby bear,unknown
1794,Mother Goose,mother goose,unknown
1795,100 Flanderses,100 flanderses,unknown
1796,Jose Flanders,jose flanders,unknown
1797,Thistlewick Flanders,thistlewick flanders,unknown
1798,Lamb,lamb,unknown
1799,MS. HOOVER,ms hoover,unknown
1800,Worm,worm,unknown
1801,Child Voice,child voice,unknown
1802,Linda McCartney,linda mccartney,unknown
1803,Paul McCartney,paul mccartney,unknown
1804,Lard Lad,lard lad,unknown
1805,College Students,college students,unknown
1806,Store Owner,store owner,unknown
1807,Mr. Van Brunt,mr van brunt,unknown
1808,Paul Anka,paul anka,unknown
1809,Kindergarten Kids,kindergarten kids,unknown
1810,All Parents,all parents,unknown
1811,Homer's Mouth,homers mouth,unknown
1812,Muscular Guy,muscular guy,unknown
1813,Glamorous Woman,glamorous woman,unknown
1814,Rugged Man,rugged man,unknown
1815,Moviegoer,moviegoer,unknown
1816,Ice Cream Man,ice cream man,unknown
1817,Worker #3,worker 3,unknown
1818,Line Man,line man,unknown
1819,County Clerk,county clerk,unknown
1820,Grave-digger,grave-digger,unknown
1821,Howard Cosell,howard cosell,unknown
1822,Protestors,protestors,unknown
1823,Student Wiggum,student wiggum,unknown
1824,Dennis Hopper,dennis hopper,unknown
1825,Postal Clerk,postal clerk,unknown
1826,Postal Clerk #2,postal clerk 2,unknown
1827,Van Driver,van driver,unknown
1828,Enraged Prisoner,enraged prisoner,unknown
1829,Teenage Girl,teenage girl,unknown
1830,Tv Audience,tv audience,unknown
1831,AIRMAN AT THE GATE,airman at the gate,unknown
1832,Very Normal Prisoner,very normal prisoner,unknown
1833,Another Prisoner,another prisoner,unknown
1834,Airman Tour Guide,airman tour guide,unknown
1835,M.P.,mp,unknown
1836,ENTIRE AUDIENCE,entire audience,unknown
1837,Loudspeaker,loudspeaker,unknown
1838,Airman At Gate,airman at gate,unknown
1839,Airman With Pistol,airman with pistol,unknown
1840,Airman In Tank,airman in tank,unknown
1841,Matt Groening,matt groening,unknown
1842,Network Executive #1,network executive 1,unknown
1843,Network Executive #2,network executive 2,unknown
1751,Producer,producer,m
1844,Supervillain,supervillain,unknown
1845,Bont,bont,unknown
1846,Indian Woman,indian woman,unknown
1847,Bare-chested Man,bare-chested man,unknown
1848,Richard Simmons Robot,richard simmons robot,unknown
1849,Carolers,carolers,unknown
1850,Rich Suburban Mom,rich suburban mom,unknown
1851,SPOILED LITTLE BOY,spoiled little boy,unknown
1852,Gavin,gavin,unknown
1853,Mario,mario,unknown
1854,"""Mario"" #2",mario 2,unknown
1855,Donkey Kong,donkey kong,unknown
1856,Lee Carvallo,lee carvallo,unknown
1857,Sonic the Hedgehog,sonic the hedgehog,unknown
1859,Answering Machine,answering machine,unknown
1860,Mangy Santa,mangy santa,unknown
1861,Quimby #2,quimby 2,unknown
1862,Quimbys,quimbys,unknown
1863,Bowling Clerk,bowling clerk,unknown
1864,Nurselady Doris,nurselady doris,unknown
1865,Sportscaster #2,sportscaster 2,unknown
1866,Guy In Crowd,guy in crowd,unknown
1869,GEORGE BUSH & FLANDERS,george bush flanders,unknown
1870,Teenage Kid,teenage kid,unknown
1871,HOMER AND BART,homer and bart,unknown
1872,Elks,elks,unknown
1873,GORBACHEV,gorbachev,unknown
1874,Gerald Ford,gerald ford,unknown
1877,Simpsons,simpsons,unknown
1878,Women,women,unknown
1879,Dorothy Parker-ish Socialite,dorothy parker-ish socialite,unknown
1880,Patricia,patricia,unknown
1881,Roberta,roberta,unknown
1882,Brittany Brockman,brittany brockman,unknown
1883,Tom Kite,tom kite,unknown
1884,Saleslady,saleslady,unknown
1885,Mr. Dewey,mr dewey,unknown
1886,Bank Employee,bank employee,unknown
1887,Teller #2,teller 2,unknown
1888,Cayman Islands Bank Guy,cayman islands bank guy,unknown
1889,Chief Agent,chief agent,unknown
1890,2ND IRS AGENT,2nd irs agent,unknown
1891,Phone Bid Taker,phone bid taker,unknown
1892,Man's Voice,mans voice,unknown
1893,Bob Newhart,bob newhart,unknown
1894,GLOBAL POSITIONING SYSTEM,global positioning system,unknown
1895,Pioneers,pioneers,unknown
1896,Troy-jebediah,troy-jebediah,unknown
1897,Fatherly Pioneer,fatherly pioneer,unknown
1898,Mechanical Voice,mechanical voice,unknown
1900,Committee Members,committee members,unknown
1901,Sprüngfeld,sprüngfeld,unknown
1902,Betsy Ross,betsy ross,unknown
1903,Corporate Type,corporate type,unknown
1904,Skull,skull,unknown
1905,Sharpshooter,sharpshooter,unknown
1906,Employees,employees,unknown
1907,Mrs. Burns,mrs burns,unknown
1908,Middle-aged Man,middle-aged man,unknown
1909,Brinkley,brinkley,unknown
1910,Suzanne Somers,suzanne somers,unknown
1913,Courtroom Spectators,courtroom spectators,unknown
1914,Amendment,amendment,unknown
1915,Congressman,congressman,unknown
1916,Mob Of Amendments,mob of amendments,unknown
1917,Crazy Amendment,crazy amendment,unknown
1918,Lester,lester,unknown
1919,Miss Piggy,miss piggy,unknown
1920,Sir Kermit,sir kermit,unknown
1921,Paparazzo,paparazzo,unknown
1922,PHONE VOICE,phone voice,unknown
1924,Diners,diners,unknown
1925,Obnoxious Diner,obnoxious diner,unknown
1926,TROY/ONSCREEN TROY,troyonscreen troy,unknown
1927,Male Co-host,male co-host,unknown
1928,Female Co-host,female co-host,unknown
1929,Ape,ape,unknown
1930,Ape #2,ape 2,unknown
1931,Chorus Of Ape Elders,chorus of ape elders,unknown
1932,Ape Nurse,ape nurse,unknown
1933,Dr. Zaius,dr zaius,unknown
1934,Jub-Jub,jub-jub,unknown
1935,Ticketing Agent,ticketing agent,unknown
1936,Crackerman,crackerman,unknown
1937,Other Traders,other traders,unknown
1938,Angry Dad,angry dad,unknown
1939,Deranged-looking Hitchhiker,deranged-looking hitchhiker,unknown
1940,Andy Williams,andy williams,unknown
1941,Commanding-voiced Man,commanding-voiced man,unknown
1942,Proprietor,proprietor,unknown
1943,Al Gore Doll,al gore doll,unknown
1944,Pawn Shop Clerk,pawn shop clerk,unknown
1945,Chinese Doctor,chinese doctor,unknown
1946,Oak Ridge Engineer,oak ridge engineer,unknown
1947,Review Board Members,review board members,unknown
1948,Review Board Chairman,review board chairman,unknown
1875,Brandine Del Roy,brandine del roy,f
1899,HURLBUT,hurlbut,m
1867,Disco Stu,disco stu,m
1911,Chester Lampwick,chester lampwick,m
1923,Macarthur Parker,macarthur parker,m
1858,Detective,detective,m
1876,Evelyn,evelyn,f
1949,Señora Bumblebee Man,señora bumblebee man,unknown
1950,Twangy Singers,twangy singers,unknown
1951,Very Tall Man,very tall man,unknown
1952,Grampa Van Houten,grampa van houten,unknown
1953,Judge Grandfather,judge grandfather,unknown
1954,VIDAL,vidal,unknown
1955,Voice On Intercom,voice on intercom,unknown
1956,Phony Homer,phony homer,unknown
1957,Phony Marge,phony marge,unknown
1958,Iggy Wiggum,iggy wiggum,unknown
1959,Sheldon Skinner,sheldon skinner,unknown
1960,Arnie Gumble,arnie gumble,unknown
1961,Ox,ox,unknown
1962,Platoon,platoon,unknown
1963,Etch,etch,unknown
1964,ROD/TODD,rodtodd,unknown
1965,State Dept. Man #1,state dept man 1,unknown
1966,State Dept. Man #2,state dept man 2,unknown
1967,Von Wörtzenburger,von wörtzenburger,unknown
1968,VON WÖRTZENURGER,von wÖrtzenurger,unknown
1969,GREAT GRAMPA,great grampa,unknown
1970,Great Grampa Simpson,great grampa simpson,unknown
1971,GREAT GRAMMA SIMPSON,great gramma simpson,unknown
1972,Apu's Father,apus father,unknown
1973,Apu's Mother,apus mother,unknown
1974,Young Apu,young apu,unknown
1976,Young Frink,young frink,unknown
1977,Tom Cruise,tom cruise,unknown
1978,Nicole Kidman,nicole kidman,unknown
1979,I.N.S. AGENT,ins agent,unknown
1980,Radio,radio,unknown
1981,Sales Teen,sales teen,unknown
1982,First Cool Guy,first cool guy,unknown
1983,All Other Guys,all other guys,unknown
1984,Second Girl,second girl,unknown
1985,Ticket,ticket,unknown
1986,Blockhead,blockhead,unknown
1987,B-Real,b-real,unknown
1988,Sales Kid,sales kid,unknown
1989,Sour Kid,sour kid,unknown
1990,Many Kids,many kids,unknown
1991,Sour Kid #2,sour kid 2,unknown
1992,Sour Girl,sour girl,unknown
1993,Peter Frampton,peter frampton,unknown
1994,Billy Corgan,billy corgan,unknown
1995,Sonic Youth,sonic youth,unknown
1996,Cypress Hill,cypress hill,unknown
1997,Smashing Pumpkins,smashing pumpkins,unknown
1998,First Gen-x Kid,first gen-x kid,unknown
1999,Second Gen-x Kid,second gen-x kid,unknown
2001,Jimmy Chamberlin,jimmy chamberlin,unknown
2002,James Iha,james iha,unknown
2003,DJ Muggs,dj muggs,unknown
2004,London Orchestra Guy,london orchestra guy,unknown
2005,FRAMPTON'S GUITAR,framptons guitar,unknown
2006,Otto's Left Shoe,ottos left shoe,unknown
2007,Otto's Right Shoe,ottos right shoe,unknown
2008,Thurston Moore,thurston moore,unknown
2009,Steve Shelley,steve shelley,unknown
2010,Lee Ranaldo,lee ranaldo,unknown
2011,Kim Gordon,kim gordon,unknown
2012,Sen-Dog,sen-dog,unknown
2013,Ice Cream Truck Supervisor,ice cream truck supervisor,unknown
2014,Nerdy Girl,nerdy girl,unknown
2015,OTHER NERDY GIRL,other nerdy girl,unknown
2016,Pippi Longstocking,pippi longstocking,unknown
2017,Eustace Tilley,eustace tilley,unknown
2018,Alice,alice,unknown
2019,COOL KID VOICE,cool kid voice,unknown
2020,COOL GIRL VOICE,cool girl voice,unknown
2021,Rick,rick,unknown
2022,Erin,erin,unknown
2023,Apu II,apu ii,unknown
2024,Something,something,unknown
2025,"Hulking, Shambling Figure",hulking shambling figure,unknown
2026,Hugo,hugo,unknown
2027,Prof. Mini-Frink,prof mini-frink,unknown
2028,Notable,notable,unknown
2029,Fat Man,fat man,unknown
2030,Dole,dole,unknown
2031,Committee Staff,committee staff,unknown
2032,Clinton,clinton,unknown
2033,KODOS-CLINTON,kodos-clinton,unknown
2034,KANG-DOLE,kang-dole,unknown
2035,Spokesman,spokesman,unknown
2036,SECRET SERVICEMAN,secret serviceman,unknown
2037,Man In Crowd,man in crowd,unknown
2038,Alien Crier,alien crier,unknown
2039,Businesswoman,businesswoman,unknown
2041,Technicians,technicians,unknown
2042,Student In Sunglasses,student in sunglasses,unknown
2043,Milhouse,milhouse,unknown
2044,Mr. Doyle,mr doyle,unknown
2045,Leg-up Kid,leg-up kid,unknown
2046,2nd Leg-up Kid,2nd leg-up kid,unknown
2047,3RD LEG-UP KID,3rd leg-up kid,unknown
2048,Leg-up Teacher,leg-up teacher,unknown
2049,Rest Of Class,rest of class,unknown
2050,Mrs. Owl,mrs owl,unknown
2051,U.N. Member,un member,unknown
2052,2nd U.N. Member,2nd un member,unknown
2053,Jumpsuited Guy,jumpsuited guy,unknown
3001,Duncan,duncan,unknown
2040,Hank Scorpio,hank scorpio,m
2000,D'arcy,darcy,f
2054,Record/children,recordchildren,unknown
2055,Computer,computer,unknown
2056,Messenger,messenger,unknown
2057,Mall Announcer,mall announcer,unknown
2058,Indian #1,indian 1,unknown
2059,Indian #2,indian 2,unknown
2060,Microchip Voice,microchip voice,unknown
2061,Jimbo's Dad,jimbos dad,unknown
2062,Dolph's Dad,dolphs dad,unknown
2063,Kearney's Dad,kearneys dad,unknown
2064,LUCIUS,lucius,unknown
2066,Prisoners,prisoners,unknown
2067,Questioner #1,questioner 1,unknown
2068,Questioner #2,questioner 2,unknown
2069,Questioner #3,questioner 3,unknown
2070,PAROLE BOARD MEMBERS,parole board members,unknown
2071,T-shirt Vendor,t-shirt vendor,unknown
2072,Michael Buffer,michael buffer,unknown
2073,Fan Man,fan man,unknown
2074,Park Ranger,park ranger,unknown
2075,Tour Group,tour group,unknown
2076,Old Preppie,old preppie,unknown
2077,Willy Loman,willy loman,unknown
2078,Wealthy Dowager,wealthy dowager,unknown
2079,Male Admissions Officer,male admissions officer,unknown
2080,Female Admissions Officer,female admissions officer,unknown
2081,Costume Shop Clerk,costume shop clerk,unknown
2082,Child's Voice,childs voice,unknown
2083,Simulated Homer,simulated homer,unknown
2084,Starlet,starlet,unknown
2085,Sports Announcer,sports announcer,unknown
2086,Dancer #1,dancer 1,unknown
2088,Rusty,rusty,unknown
2089,Bernice Hibbert,bernice hibbert,unknown
2090,Dancer #2,dancer 2,unknown
2091,BELLE/DANCERS,belledancers,unknown
2092,Townsmen Chorus,townsmen chorus,unknown
2093,Marge's Dummy,marges dummy,unknown
2094,Hibbert Family,hibbert family,unknown
2095,"Kearney, Jr.",kearney jr,unknown
2096,Single Man,single man,unknown
2097,Cracker Executive,cracker executive,unknown
2098,Chase,chase,unknown
2099,Starla,starla,unknown
2100,Flashback Homer,flashback homer,unknown
2101,Flashback Marge,flashback marge,unknown
2102,COMBO FRONTMAN,combo frontman,unknown
2103,Bandmembers,bandmembers,unknown
2104,Homer's Recording,homers recording,unknown
2105,Milhouse's Thoughts,milhouses thoughts,unknown
2106,Paramedic,paramedic,unknown
2107,Nelson's Brain,nelsons brain,unknown
2108,National Guardsman,national guardsman,unknown
2109,Main Title Singers,main title singers,unknown
2110,Prison Officials,prison officials,unknown
2111,Citizens,citizens,unknown
2112,Older Nurse,older nurse,unknown
2114,Young Ned,young ned,unknown
2115,Young Dr. Foster,young dr foster,unknown
2116,"Nedward Flanders, Sr.",nedward flanders sr,unknown
2117,Mona Flanders,mona flanders,unknown
2118,Crazy Man,crazy man,unknown
2119,Jay Sherman,jay sherman,unknown
2120,Various Onlookers,various onlookers,unknown
2121,Coyote,coyote,unknown
2122,Furniture Salesman,furniture salesman,unknown
2123,First Mate,first mate,unknown
2124,Leonard Nimoy,leonard nimoy,unknown
2125,Video Arcade Man,video arcade man,unknown
2126,Kevin Costner Voice,kevin costner voice,unknown
2127,Guilty Man,guilty man,unknown
2128,Fox Mulder,fox mulder,unknown
2129,Dana Scully,dana scully,unknown
2130,Alf,alf,unknown
2131,MARVIN-THE-MARTIAN-TYPE,marvin-the-martian-type,unknown
2132,Whale,whale,unknown
2133,Frog #1,frog 1,unknown
2134,Frog #2,frog 2,unknown
2135,Frog #3,frog 3,unknown
2136,alligator,alligator,unknown
2137,Hot Dog Stand Guy,hot dog stand guy,unknown
2138,SMITHERS',smithers,unknown
2139,NICK RIVIERA,nick riviera,unknown
2140,Motivational Man,motivational man,unknown
2141,Picture Man,picture man,unknown
2142,Pita Saleswoman,pita saleswoman,unknown
2143,Investorettes,investorettes,unknown
2144,Frank Ormand,frank ormand,unknown
2145,1st Sportscaster,1st sportscaster,unknown
2146,Entire Stadium,entire stadium,unknown
2147,2nd Sportscaster,2nd sportscaster,unknown
2148,Mobster,mobster,unknown
2149,Little Yakuza,little yakuza,unknown
2150,Yakuza,yakuza,unknown
2151,1st Panicked Employee,1st panicked employee,unknown
2152,2nd Panicked Employee,2nd panicked employee,unknown
2153,Ranger,ranger,unknown
2154,Smokey Bear,smokey bear,unknown
2155,Smithers's Echo,smitherss echo,unknown
2156,John Muir,john muir,unknown
2157,Drunk Man,drunk man,unknown
2158,McFadden,mcfadden,unknown
2113,Dr. Foster,dr foster,m
2087,Belle,belle,f
2159,Mr. Burns's Thoughts,mr burnss thoughts,unknown
2160,Family,family,unknown
2161,FORD,ford,unknown
2162,Older Woman,older woman,unknown
2163,Elderly Woman,elderly woman,unknown
2164,Nanny,nanny,unknown
2166,Fidgety Lieutenant,fidgety lieutenant,unknown
2167,Quentin Tarantino,quentin tarantino,unknown
2168,Moderator,moderator,unknown
2169,Writer #1,writer 1,unknown
2170,Writer #3,writer 3,unknown
2171,Writing Staff,writing staff,unknown
2172,Head Animator,head animator,unknown
2173,Roy,roy,unknown
2174,David Cohen,david cohen,unknown
2175,Sound Engineer,sound engineer,unknown
2176,June,june,unknown
2177,Nerd In Audience,nerd in audience,unknown
2178,Theme Singers,theme singers,unknown
2179,Very Deep Voice,very deep voice,unknown
2180,Poochie,poochie,unknown
2181,Hip Saleswoman,hip saleswoman,unknown
2182,100 Workers,100 workers,unknown
2183,Buffed Worker,buffed worker,unknown
2184,Worker In Crowd,worker in crowd,unknown
2185,Convicts,convicts,unknown
2186,Fat Convict,fat convict,unknown
2188,Sideshow Bob's Brain,sideshow bobs brain,unknown
2189,1986 Cecil,1986 cecil,unknown
2190,1986 BOB,1986 bob,unknown
2191,1986 Krusty,1986 krusty,unknown
2192,EVERYONE BUT BOB AND CECIL,everyone but bob and cecil,unknown
2193,Cousin Merl,cousin merl,unknown
2194,Man In Lower Outhouse,man in lower outhouse,unknown
2195,Comedy Nurse,comedy nurse,unknown
2196,Distressed Yuppie,distressed yuppie,unknown
2197,Young Italian Man #1,young italian man 1,unknown
2198,Limo Driver,limo driver,unknown
2199,Emergency Operator,emergency operator,unknown
2200,Irish Cops,irish cops,unknown
2201,Drunken Revelers,drunken revelers,unknown
2202,Shocked Old Woman,shocked old woman,unknown
2203,Bar Crowd,bar crowd,unknown
2204,Temperance Women,temperance women,unknown
2205,Very Old Clerk,very old clerk,unknown
2206,Councilmen,councilmen,unknown
2207,Head Of Duff,head of duff,unknown
2208,Quimby's Aide,quimbys aide,unknown
2210,"HOMER, MARGE AND BART",homer marge and bart,unknown
2211,Helpful Clerk,helpful clerk,unknown
2212,Voice In Crowd,voice in crowd,unknown
2213,Magician,magician,unknown
2214,Cafeteria Worker,cafeteria worker,unknown
2215,Computerized Japanese Voice,computerized japanese voice,unknown
2216,Laddie,laddie,unknown
2217,Credit Representative,credit representative,unknown
2218,Repo Goon #2,repo goon 2,unknown
2219,Heiress,heiress,unknown
2220,Lumley,lumley,unknown
2221,Distant Voice,distant voice,unknown
2222,FIRE-STOKER,fire-stoker,unknown
2223,Tommy,tommy,unknown
2224,Mitchell,mitchell,unknown
2225,Stockbroker,stockbroker,unknown
2226,ADVISORS & SMITHERS,advisors smithers,unknown
2227,Real Estate Agent,real estate agent,unknown
2228,"Bret ""The Hitman"" Hart",bret the hitman hart,unknown
2229,Shrieking Sheik,shrieking sheik,unknown
2230,Activity Coordinator,activity coordinator,unknown
2231,Female Resident,female resident,unknown
2232,Male Resident,male resident,unknown
2233,Several Residents,several residents,unknown
2234,Hospital Intercom,hospital intercom,unknown
2235,Test Blast Announcer,test blast announcer,unknown
2236,Nearby Patient,nearby patient,unknown
2237,P.A. SYSTEM,pa system,unknown
2238,Young Flanders,young flanders,unknown
2239,Young Lovejoy,young lovejoy,unknown
2240,Japanese Worker #1,japanese worker 1,unknown
2241,St. Eleutherius,st eleutherius,unknown
2242,St. Bartholomew,st bartholomew,unknown
2243,St. Lucian,st lucian,unknown
2244,St. Donickus,st donickus,unknown
2245,Japanese Businessman,japanese businessman,unknown
2246,Mr. Sparkle,mr sparkle,unknown
2247,UNDERWATER GIRLS #1 & #2,underwater girls 1 2,unknown
2248,UNDERWATER GIRL #3,underwater girl 3,unknown
2249,Sumo Wrestlers,sumo wrestlers,unknown
2250,Japanese Announcer,japanese announcer,unknown
2251,Donny,donny,unknown
2252,Baboon,baboon,unknown
2253,Japanese Tourist,japanese tourist,unknown
2254,Zookeeper,zookeeper,unknown
2255,Baboons,baboons,unknown
2257,City Employee,city employee,unknown
2258,Portly Chef,portly chef,unknown
2259,Big Daddy,big daddy,unknown
2260,Scary Huge-headed Figure,scary huge-headed figure,unknown
2261,Betty,betty,unknown
2187,Cecil Terwilliger,cecil terwilliger,m
2165,SHARY,shary,f
2209,Rex Banner,rex banner,m
2262,BETTY & MOE,betty moe,unknown
2263,MOE & BETTY,moe betty,unknown
2264,Tim Conway,tim conway,unknown
2265,Ozmodiar,ozmodiar,unknown
2266,OSMODIAR AND TROY,osmodiar and troy,unknown
2267,Adlai Stevenson,adlai stevenson,unknown
2268,Parrots,parrots,unknown
2270,Cadet,cadet,unknown
2271,Cadet Larsen,cadet larsen,unknown
2272,Cadet Franklin,cadet franklin,unknown
2273,Cadet Platt,cadet platt,unknown
2274,Cadets,cadets,unknown
2275,CADET ANDERSEN,cadet andersen,unknown
2276,Cadet Anderson,cadet anderson,unknown
2278,Cheerleaders,cheerleaders,unknown
2279,Hasidic Man,hasidic man,unknown
2280,Immigrants,immigrants,unknown
2281,OFFICE WORKER IN TOWER ONE,office worker in tower one,unknown
2282,OFFICE WORKER IN TOWER TWO,office worker in tower two,unknown
2283,Undershirt Guy,undershirt guy,unknown
2284,Dmv Recording,dmv recording,unknown
2285,Gruff Voice,gruff voice,unknown
2286,Crazy Guy,crazy guy,unknown
2287,Fireworks Vendor,fireworks vendor,unknown
2288,Society Matron,society matron,unknown
2289,Alfred E. Neuman,alfred e neuman,unknown
2290,Angry Cab Driver,angry cab driver,unknown
2291,Bike Messenger,bike messenger,unknown
2292,Song On Radio,song on radio,unknown
2293,Jury Member #1,jury member 1,unknown
2294,Jury Member #2,jury member 2,unknown
2295,Jury Chorus,jury chorus,unknown
2296,Mr. Cleary,mr cleary,unknown
2297,Staff/patients,staffpatients,unknown
2298,Construction Worker,construction worker,unknown
2299,Picnickers,picnickers,unknown
2300,Carriage Driver,carriage driver,unknown
2301,Student Choir,student choir,unknown
2302,Stranger,stranger,unknown
2305,Young Armin,young armin,unknown
2306,Frog,frog,unknown
2307,Krusty,krusty,unknown
2308,Asian Boy,asian boy,unknown
2309,Young Barney,young barney,unknown
2310,Little Girls,little girls,unknown
2311,Headmistress,headmistress,unknown
2312,Man At Bar,man at bar,unknown
2313,French President,french president,unknown
2314,Mutant Sideshow Mel,mutant sideshow mel,unknown
2315,Mutant Dr. Hibbert,mutant dr hibbert,unknown
2316,Mutant Moe,mutant moe,unknown
2317,Mutant Skinner,mutant skinner,unknown
2318,Mutant Burns,mutant burns,unknown
2319,Mutant Lenny,mutant lenny,unknown
2320,Mutants,mutants,unknown
2321,Mutant Wiggum,mutant wiggum,unknown
2322,MUTANT FLANDERS,mutant flanders,unknown
2323,MUTANT MEL/SKINNER/MOE/BURNS/WIGGUM,mutant melskinnermoeburnswiggum,unknown
2324,Creature,creature,unknown
2325,Fly-head,fly-head,unknown
2326,Governor Quimby,governor quimby,unknown
2327,Constable Wiggum,constable wiggum,unknown
2328,Goodman Skinner,goodman skinner,unknown
2329,Goodman Flanders,goodman flanders,unknown
2330,Pastor Lovejoy,pastor lovejoy,unknown
2331,Goodman Moe,goodman moe,unknown
2332,Goody Krabappel,goody krabappel,unknown
2333,Goodman Lenny,goodman lenny,unknown
2334,Snowman Eddie,snowman eddie,unknown
2335,Princess Lou,princess lou,unknown
2336,Goody Maude,goody maude,unknown
2337,Pelé,pelé,unknown
2338,Foreign Announcer,foreign announcer,unknown
2339,Soccer Hooligans,soccer hooligans,unknown
2340,Soccer Hooligan,soccer hooligan,unknown
2341,Security Salesman,security salesman,unknown
2342,Gun Clerk,gun clerk,unknown
2343,Hooker,hooker,unknown
2344,Muffled Voice,muffled voice,unknown
2345,Team,team,unknown
2346,Roy Firestone,roy firestone,unknown
2347,Teenage Smithers,teenage smithers,unknown
2348,MIDDLE-AGE GRAMPA,middle-age grampa,unknown
2349,Teenage Lenny,teenage lenny,unknown
2351,Joe Namath,joe namath,unknown
2352,Other Players,other players,unknown
2353,HANK,hank,unknown
2354,Female Voices,female voices,unknown
2355,Female Crowd Members,female crowd members,unknown
2356,Manjula's Mother,manjulas mother,unknown
2357,Siegfried,siegfried,unknown
2358,Guests,guests,unknown
2359,Ganesh,ganesh,unknown
2360,Burly Guest,burly guest,unknown
2361,Indian Singers,indian singers,unknown
2362,Mall Executive,mall executive,unknown
2363,Pr Man,pr man,unknown
2364,Caveman,caveman,unknown
2365,Stephen Jay Gould,stephen jay gould,unknown
2277,Duffman,duffman,m
2304,Armin,armin,m
2269,Commandant,commandant,m
2303,Sgt. Skinner,sgt skinner,m
2366,SOUTH AMERICAN BIDDER,south american bidder,unknown
2367,Johnny D,johnny d,unknown
2368,City Clerk,city clerk,unknown
2370,Cookie,cookie,unknown
2371,Assorted Agents,assorted agents,unknown
2372,Lionel Hutz's Head,lionel hutzs head,unknown
2373,Female Victim,female victim,unknown
2374,Other Realtors,other realtors,unknown
2375,Dove,dove,unknown
2376,Shopper,shopper,unknown
2377,Cheerleader,cheerleader,unknown
2378,Toy,toy,unknown
2379,Patches,patches,unknown
2380,Poor Violet,poor violet,unknown
2381,Sullen Teen,sullen teen,unknown
2382,Sean,sean,unknown
2383,Alex Trebek,alex trebek,unknown
2384,Goon #1,goon 1,unknown
2385,Hombre,hombre,unknown
2386,Clint Eastwood,clint eastwood,unknown
2387,Townspeople Chorus,townspeople chorus,unknown
2388,Lee Marvin,lee marvin,unknown
2389,Female Chorus,female chorus,unknown
2390,SECOND FEMALE CHORUS,second female chorus,unknown
2391,Kids On Ride,kids on ride,unknown
2392,Carny,carny,unknown
2393,Dracula Voice,dracula voice,unknown
2394,Maintenance Man,maintenance man,unknown
2395,Game Announcer,game announcer,unknown
2397,Spud,spud,unknown
2398,Performer,performer,unknown
2399,Camel,camel,unknown
2400,Fantastic Dan,fantastic dan,unknown
2401,Passengers,passengers,unknown
2402,Hari Krishna,hari krishna,unknown
2403,Christian,christian,unknown
2404,Jane,jane,unknown
2406,Movementarians,movementarians,unknown
2407,Don,don,unknown
2408,Homer's Stomach,homers stomach,unknown
2409,Homer's Feet,homers feet,unknown
2410,Leader,leader,unknown
2411,THE LEADER,the leader,unknown
2412,Noah,noah,unknown
2413,Singing Children,singing children,unknown
2414,Chinese Sailor #1,chinese sailor 1,unknown
2415,Chinese Sailor #2,chinese sailor 2,unknown
2416,Bill Gates,bill gates,unknown
2417,James Earl Jones,james earl jones,unknown
2418,Volunteer,volunteer,unknown
2419,Steven Wright,steven wright,unknown
2420,Bobcat Goldthwaite,bobcat goldthwaite,unknown
2421,JANEANE,janeane,unknown
2422,Bruce Baum,bruce baum,unknown
2423,COMPUTER ON STOOL,computer on stool,unknown
2424,Comics,comics,unknown
2425,Mr. Teeny,mr teeny,unknown
2426,Businessman #1,businessman 1,unknown
2427,Businessman #2,businessman 2,unknown
2428,Jay Leno,jay leno,unknown
2429,HANK WILLIAMS JR.,hank williams jr,unknown
2431,Republican Candidate,republican candidate,unknown
2432,Drunken Cop,drunken cop,unknown
2433,Photographer Cop,photographer cop,unknown
2434,Homer's Voice,homers voice,unknown
2435,GHOSTLY HOMER,ghostly homer,unknown
2436,Square Guy,square guy,unknown
2437,Station Manager,station manager,unknown
2438,Great Uncle Chet,great uncle chet,unknown
2439,Well-dressed Relative,well-dressed relative,unknown
2440,Relative #1,relative 1,unknown
2441,Relative #2,relative 2,unknown
2442,Relative #3,relative 3,unknown
2443,Relative #4,relative 4,unknown
2444,Relative #5,relative 5,unknown
2445,Dr. Simpson,dr simpson,unknown
2446,Simpson Woman #1,simpson woman 1,unknown
2447,Simpson Woman #2,simpson woman 2,unknown
2448,Simpson Woman #3,simpson woman 3,unknown
2449,Nerdy Kids,nerdy kids,unknown
2450,Female Computer,female computer,unknown
2451,Bullies,bullies,unknown
2452,Elderly Night Watchman,elderly night watchman,unknown
2453,Leprechaun,leprechaun,unknown
2454,General Donut,general donut,unknown
2455,Donuts,donuts,unknown
2456,Roddy McDonut,roddy mcdonut,unknown
2457,Big Donut,big donut,unknown
2458,Big Hand Guy,big hand guy,unknown
2459,Naval Announcer,naval announcer,unknown
2460,Recruiting Officer,recruiting officer,unknown
2461,Asian Man,asian man,unknown
2462,Drill Instructor,drill instructor,unknown
2463,Barney's Mom,barneys mom,unknown
2464,Head Chef,head chef,unknown
2465,Head Instructor,head instructor,unknown
2466,WORLD WAR I RECREATIONISTS,world war i recreationists,unknown
2467,Other Kids,other kids,unknown
2468,Bob Denver,bob denver,unknown
2469,Captain Tenille,captain tenille,unknown
2470,Female Ensign,female ensign,unknown
2471,Enemy Crewperson,enemy crewperson,unknown
2396,Cooder,cooder,m
2405,Glen,glen,m
2430,Renee,renee,f
2472,Enemy Captain,enemy captain,unknown
2473,Asian Ensign,asian ensign,unknown
2474,Hick,hick,unknown
2475,Russian Ambassador,russian ambassador,unknown
2476,U.S. Ambassador,us ambassador,unknown
2477,Lenin,lenin,unknown
2478,Sonar Operator,sonar operator,unknown
2479,AIRCRAFT CARRIER CAPTAIN,aircraft carrier captain,unknown
2480,Thought Bubble Moe,thought bubble moe,unknown
2481,Thought Bubble Bart,thought bubble bart,unknown
2482,Penguins,penguins,unknown
2483,Admiral #1,admiral 1,unknown
2484,Admiral #3,admiral 3,unknown
2485,Admiral #4,admiral 4,unknown
2486,Janitor,janitor,unknown
2487,Myron,myron,unknown
2488,Agent Miller,agent miller,unknown
2489,Lucius Sweet,lucius sweet,unknown
2490,Mission Impossible Voice,mission impossible voice,unknown
2491,Truman,truman,unknown
2492,British Official,british official,unknown
2493,Spanish Official,spanish official,unknown
2494,French Official,french official,unknown
2495,Customs Official,customs official,unknown
2496,Street Vendor,street vendor,unknown
2497,Castro,castro,unknown
2498,Cuban Officials,cuban officials,unknown
2499,Cuban Undersecretary,cuban undersecretary,unknown
2500,Agency Clerk,agency clerk,unknown
2501,Mojo,mojo,unknown
2502,Cat Lady,cat lady,unknown
2503,Computer Voice,computer voice,unknown
2504,Head Chocobot,head chocobot,unknown
2505,Major Nougat,major nougat,unknown
2506,All Chocobots,all chocobots,unknown
2507,Young Exec,young exec,unknown
2508,Older Exec,older exec,unknown
2509,Female Exec,female exec,unknown
2510,Other Executives,other executives,unknown
2511,Garbage Man #1,garbage man 1,unknown
2512,Garbage Man #2,garbage man 2,unknown
2514,Paul,paul,unknown
2515,Susie,susie,unknown
2516,Bono,bono,unknown
2517,The Edge,the edge,unknown
2518,Adam Clayton,adam clayton,unknown
2519,Security Guys,security guys,unknown
2520,A Few People,a few people,unknown
2521,Giant-nosed Man,giant-nosed man,unknown
2522,Garbage Men,garbage men,unknown
2523,U2,u2,unknown
2524,Oskar,oskar,unknown
2525,Union Leader,union leader,unknown
2526,Second Indian,second indian,unknown
2527,First Indian,first indian,unknown
2528,Commie Nazi,commie nazi,unknown
2529,Other Team,other team,unknown
2530,Muscular Man,muscular man,unknown
2531,Sherpa #1,sherpa 1,unknown
2532,Sherpa #2,sherpa 2,unknown
2533,Sherpas,sherpas,unknown
2534,Geese,geese,unknown
2535,Faucet-head Kid's Mother,faucet-head kids mother,unknown
2536,Soldier,soldier,unknown
2537,Russian Man #1,russian man 1,unknown
2538,Russian Man #2,russian man 2,unknown
2539,HOMER'S VOICE MAIL,homers voice mail,unknown
2540,FISH-HAG,fish-hag,unknown
2541,Telephone Repairman,telephone repairman,unknown
2542,Bridge Operator,bridge operator,unknown
2543,Cow,cow,unknown
2544,Studio Audience,studio audience,unknown
2545,Pirate Captain,pirate captain,unknown
2546,Pirate #1,pirate 1,unknown
2547,Ilsa,ilsa,unknown
2548,Golf Course Crowd,golf course crowd,unknown
2549,Minister,minister,unknown
2550,Stadium Announcer,stadium announcer,unknown
2551,Stadium Crowd,stadium crowd,unknown
2552,Kicker,kicker,unknown
2554,Thug #1,thug 1,unknown
2555,Thug #2,thug 2,unknown
2556,Cardinal Flanders,cardinal flanders,unknown
2557,President Lenny,president lenny,unknown
2558,Heckle,heckle,unknown
2559,Jeckle,jeckle,unknown
2560,Passerby,passerby,unknown
2561,Edison's Ghost,edisons ghost,unknown
2562,Visitor,visitor,unknown
2563,Female Visitor,female visitor,unknown
2564,Eagle,eagle,unknown
2565,Toucan,toucan,unknown
2566,Vulture,vulture,unknown
2567,Birds,birds,unknown
2568,Library Lady Tress,library lady tress,unknown
2569,Birders,birders,unknown
2570,Ed McMahon,ed mcmahon,unknown
2571,Regis Philbin,regis philbin,unknown
2572,KATHIE LEE,kathie lee,unknown
2573,Jerry Springer,jerry springer,unknown
2574,Woman In Audience,woman in audience,unknown
2575,Homie Bear,homie bear,unknown
2576,BART BART,bart bart,unknown
2577,Ranger Ned,ranger ned,unknown
2579,Alec Baldwin,alec baldwin,m
2578,Kim Basinger,kim basinger,f
2553,Alex,alex,f
2581,Gentleman,gentleman,unknown
2582,ALEC/KIM,aleckim,unknown
2583,ALEC/KIM/RON,aleckimron,unknown
2584,STUDIO EXECUTIVE,studio executive,unknown
2585,Seth,seth,unknown
2586,Munchie,munchie,unknown
2587,Middle-aged Grampa,middle-aged grampa,unknown
2588,Young Mona,young mona,unknown
2589,Young Munchie,young munchie,unknown
2590,Young Seth,young seth,unknown
2591,Hippie Girl #1,hippie girl 1,unknown
2592,Hippie Girl #2,hippie girl 2,unknown
2593,Ginsberg,ginsberg,unknown
2594,Jill St. John,jill st john,unknown
2595,Phyllis Diller,phyllis diller,unknown
2596,Sarah Ferguson,sarah ferguson,unknown
2597,Skeleton,skeleton,unknown
2598,Lips,lips,unknown
2599,Range-rover Mom,range-rover mom,unknown
2600,Lobster Clerk,lobster clerk,unknown
2601,Documentary Narrator,documentary narrator,unknown
2602,Taskmaster,taskmaster,unknown
2603,Mr. Toad,mr toad,unknown
2604,President Of Harvard,president of harvard,unknown
2605,Comptroller Atkins,comptroller atkins,unknown
2606,REAL COMPT. ATKINS,real compt atkins,unknown
2607,Robot Cowboy #1,robot cowboy 1,unknown
2608,Robot Cowboy #2,robot cowboy 2,unknown
2609,Robot Cowboy #3,robot cowboy 3,unknown
2610,Curly,curly,unknown
2611,Old Curly,old curly,unknown
2612,3-Year-Old Homer,3-year-old homer,unknown
2613,Admitting Nurse,admitting nurse,unknown
2614,Taffy Shop Clerk,taffy shop clerk,unknown
2615,Sad-looking Frenchman,sad-looking frenchman,unknown
2616,Man In Dinner Jacket,man in dinner jacket,unknown
2617,British Raj Man,british raj man,unknown
2618,Woman In Wedding Dress,woman in wedding dress,unknown
2619,Caribbean Outcast,caribbean outcast,unknown
2620,Son,son,unknown
2621,Young Woman,young woman,unknown
2622,Hideous Alien #1,hideous alien 1,unknown
2623,Hideous Alien #2,hideous alien 2,unknown
2624,C-3PO,c-3po,unknown
2625,Chewbacca,chewbacca,unknown
2626,Neil Armstrong,neil armstrong,unknown
2627,Dr. Smith,dr smith,unknown
2628,Nerdy Young Woman,nerdy young woman,unknown
2629,Crowd Of Nerds,crowd of nerds,unknown
2631,Ernie,ernie,unknown
2632,Big Tom,big tom,unknown
2633,Leavelle,leavelle,unknown
2634,Gangsters/molls,gangstersmolls,unknown
2635,Theater Owner,theater owner,unknown
2636,Demolition Foreman,demolition foreman,unknown
2637,Don Rickles,don rickles,unknown
2638,Car Wash Employee,car wash employee,unknown
2639,Babe,babe,unknown
2640,Samoan Attorney,samoan attorney,unknown
2641,Hunter S. Thompson,hunter s thompson,unknown
2642,Joan Rivers,joan rivers,unknown
2643,LANCE,lance,unknown
2644,Pit Boss,pit boss,unknown
2645,WAITRESS #1,waitress 1,unknown
2646,Ginger,ginger,unknown
2647,Tiger,tiger,unknown
2648,Graeme Edge,graeme edge,unknown
2649,Justin Hayward,justin hayward,unknown
2650,John Lodge,john lodge,unknown
2651,Ray Thomas,ray thomas,unknown
2652,VULTURES,vultures,unknown
2653,Cyndi Lauper,cyndi lauper,unknown
2654,Dennis Conroy,dennis conroy,unknown
2655,WHINY TWENTYSOMETHING GUY,whiny twentysomething guy,unknown
2656,SASSY TWENTYSOMETHING GAL,sassy twentysomething gal,unknown
2657,Wacky Friend,wacky friend,unknown
2658,Deep-voiced Announcer,deep-voiced announcer,unknown
2659,Higher Nasal Announcer,higher nasal announcer,unknown
2661,Craggy Farmer,craggy farmer,unknown
2662,Creepy English Boy #2,creepy english boy 2,unknown
2663,Creepy English Girl #1,creepy english girl 1,unknown
2664,Constable,constable,unknown
2665,Creepy English Girl #2,creepy english girl 2,unknown
2666,Townsfolk,townsfolk,unknown
2667,Pyro,pyro,unknown
2668,Adults,adults,unknown
2669,Postmaster Bill,postmaster bill,unknown
2670,Man In Military Uniform,man in military uniform,unknown
2671,Government Official,government official,unknown
2672,Mailman #1,mailman 1,unknown
2673,Mailman #2,mailman 2,unknown
2674,Mailman #3,mailman 3,unknown
2676,Guys,guys,unknown
2677,Rudy,rudy,unknown
2678,Rosey Grier,rosey grier,unknown
2679,Old Player,old player,unknown
2680,Little Guy,little guy,unknown
2681,Troy Aikman,troy aikman,unknown
2682,Dan Marino,dan marino,unknown
2683,Man Next To Dan,man next to dan,unknown
2660,Mrs. Muntz,mrs muntz,f
2630,Mark Hamill,mark hamill,m
2580,Ron Howard,ron howard,m
2684,Male Voice,male voice,unknown
2685,Vincent Price,vincent price,unknown
2686,Ticket Scalper,ticket scalper,unknown
2687,Pat Summerall,pat summerall,unknown
2688,John Madden,john madden,unknown
2689,Dolly Parton,dolly parton,unknown
2690,Rupert Murdoch,rupert murdoch,unknown
2691,Enchanted Policemen,enchanted policemen,unknown
2692,Football Players,football players,unknown
2693,Reporter #4,reporter 4,unknown
2694,Linemen,linemen,unknown
2695,JODY PRICE,jody price,unknown
2696,Archie Bunker,archie bunker,unknown
2697,Bad Flanders,bad flanders,unknown
2698,Lieutenant,lieutenant,unknown
2699,Commander,commander,unknown
2700,Bank Robber #1,bank robber 1,unknown
2701,Bank Robber #2,bank robber 2,unknown
2702,POLICECOP #2,policecop 2,unknown
2703,POLICECOP #1,policecop 1,unknown
2704,Banker,banker,unknown
2705,DETECTIVE HOMER SIMPSON,detective homer simpson,unknown
2706,2nd Producer,2nd producer,unknown
2707,3rd Producer,3rd producer,unknown
2708,4th Producer,4th producer,unknown
2709,5th Producer,5th producer,unknown
2711,TRENT,trent,unknown
2712,Valet,valet,unknown
2713,Guest #1,guest 1,unknown
2714,"Ed Begley, Jr.",ed begley jr,unknown
2715,Lorne Michaels,lorne michaels,unknown
2716,Guest #2,guest 2,unknown
2717,Bald Eagle,bald eagle,unknown
2718,Police Car,police car,unknown
2719,MACAW,macaw,unknown
2720,Crewman,crewman,unknown
2721,Elton John,elton john,unknown
2722,Female S.U.V. Voice,female suv voice,unknown
2723,Sergeant Crew,sergeant crew,unknown
2724,Astronaut In Space Suit,astronaut in space suit,unknown
2725,Curtis E. Bear,curtis e bear,unknown
2726,Lemur,lemur,unknown
2727,Australian Gamekeeper,australian gamekeeper,unknown
2728,Workmen,workmen,unknown
2729,Omnitouch Rep,omnitouch rep,unknown
2730,Security Guard #2,security guard 2,unknown
2731,New Age Clerk,new age clerk,unknown
2732,Deep Male Voice,deep male voice,unknown
2733,Repo Man #1,repo man 1,unknown
2734,Repo Man #2,repo man 2,unknown
2735,RED,red,unknown
2736,Cow #1,cow 1,unknown
2737,Red's Friend #1,reds friend 1,unknown
2738,Red's Friend #2,reds friend 2,unknown
2739,ABBA,abba,unknown
2740,Missionary #1,missionary 1,unknown
2741,Missionary #2,missionary 2,unknown
2742,Old Lady,old lady,unknown
2743,Tourist #1,tourist 1,unknown
2744,Trucker #3,trucker 3,unknown
2745,Various Truckers,various truckers,unknown
2746,Trucker #5,trucker 5,unknown
2747,Trucker #4,trucker 4,unknown
2748,Navitron Auto-drive,navitron auto-drive,unknown
2749,Truckers,truckers,unknown
2750,Señor Ding-Dong,señor ding-dong,unknown
2751,Gopher,gopher,unknown
2752,Unicorn,unicorn,unknown
2753,Slavedriver Willie,slavedriver willie,unknown
2754,Pharaoh Skinner,pharaoh skinner,unknown
2755,BURNING BUSH,burning bush,unknown
2756,Moses/milhouse,mosesmilhouse,unknown
2757,LISA & MOSES/MILHOUSE,lisa mosesmilhouse,unknown
2758,Egyptians,egyptians,unknown
2759,Methuselah Grampa,methuselah grampa,unknown
2760,Goliath/nelson,goliathnelson,unknown
2761,Sheep,sheep,unknown
2762,Teen,teen,unknown
2763,Tv Handyman,tv handyman,unknown
2764,HANDYMAN,handyman,unknown
2765,Astrid Weller,astrid weller,unknown
2766,Jasper Johns,jasper johns,unknown
2767,Human Proportions Guy,human proportions guy,unknown
2768,Cubist Musician,cubist musician,unknown
2769,Andy Warhol,andy warhol,unknown
2770,Burn Victims,burn victims,unknown
2771,French Representative,french representative,unknown
2772,Ioc Chairman,ioc chairman,unknown
2773,Russian Representative,russian representative,unknown
2774,Latin Representative,latin representative,unknown
2775,OTHER REPRESENTATIVES,other representatives,unknown
2776,JAPANESE REPRESENTATIVE,japanese representative,unknown
2777,Olympic Representatives,olympic representatives,unknown
2778,Swiss Representative,swiss representative,unknown
2779,Seniors,seniors,unknown
2780,Sweet Elderly Lady,sweet elderly lady,unknown
2781,Scarlett,scarlett,unknown
2782,Rhett,rhett,unknown
2783,Other Seniors,other seniors,unknown
2784,Native-american Man,native-american man,unknown
2785,Jack LaLanne,jack lalanne,unknown
2786,Male Host,male host,unknown
2787,Appraiser,appraiser,unknown
3108,SATAN,satan,unknown
2788,Everyone In Store,everyone in store,unknown
2789,Kevin Costner,kevin costner,unknown
2790,PEOPLE,people,unknown
2791,Arthur Fortune,arthur fortune,unknown
2792,Conga Line,conga line,unknown
2793,PEDESTRIANS,pedestrians,unknown
2794,Crickets,crickets,unknown
2795,Jerry Rude,jerry rude,unknown
2796,Local,local,unknown
2797,3rd Local,3rd local,unknown
2798,Loch Ness Monster,loch ness monster,unknown
2799,Commercial Anncr,commercial anncr,unknown
2800,Pudding Representative,pudding representative,unknown
2801,Horse,horse,unknown
2802,MENSANS,mensans,unknown
2803,HAWKING,hawking,unknown
2804,Computer Voice 2,computer voice 2,unknown
2805,GARABEDIAN,garabedian,unknown
2806,Mr. Pennybags,mr pennybags,unknown
2807,Japanese Stewardess,japanese stewardess,unknown
2808,Jim Belushi,jim belushi,unknown
2809,Toilet,toilet,unknown
2810,TV CHARACTER,tv character,unknown
2811,Woody Allen,woody allen,unknown
2812,Sumo,sumo,unknown
2813,Magic Fish,magic fish,unknown
2814,Cartoon Squid,cartoon squid,unknown
2815,Japanese Father,japanese father,unknown
2816,Gameshow Host,gameshow host,unknown
2817,Canadian Man,canadian man,unknown
2818,CANADIAN WOMAN,canadian woman,unknown
2819,Somber Announcer,somber announcer,unknown
2820,Salesperson,salesperson,unknown
2821,Electric Car Computer,electric car computer,unknown
2822,WILLIAM/ROBYN,williamrobyn,unknown
2823,Mel Gibson,mel gibson,unknown
2824,WILLIAM,william,unknown
2825,ROBYN,robyn,unknown
2826,MR.SMITH/MEL,mrsmithmel,unknown
2827,John Travolta,john travolta,unknown
2828,MAN ON RIGHT,man on right,unknown
2829,MAN ON LEFT,man on left,unknown
2830,Bus Tour Guide,bus tour guide,unknown
2831,Anne,anne,unknown
2832,MR. SMITH/MEL,mr smithmel,unknown
2833,Senators,senators,unknown
2834,Senator Payne,senator payne,unknown
2835,Senate Leader,senate leader,unknown
2836,DISTINGUISHED-LOOKING MAN,distinguished-looking man,unknown
2837,Tram Guide,tram guide,unknown
2838,Irene Ryan,irene ryan,unknown
2839,Batman,batman,unknown
2840,Robin,robin,unknown
2841,EDWARD/WILLIAM/ROBYN,edwardwilliamrobyn,unknown
2842,Hosey the Bear,hosey the bear,unknown
2843,Researcher #1,researcher 1,unknown
2844,Researcher #2,researcher 2,unknown
2845,Video Game,video game,unknown
2846,Staffer,staffer,unknown
2847,Electronic Organizer,electronic organizer,unknown
2848,Navajo Boy,navajo boy,unknown
2849,Dancer,dancer,unknown
2850,SOLIDIER #1,solidier 1,unknown
2851,Sir Widebottom,sir widebottom,unknown
2852,SCHOOLKIDS,schoolkids,unknown
2853,Satellite,satellite,unknown
2854,Mark McGwire,mark mcgwire,unknown
2855,Homer Effigy,homer effigy,unknown
2856,Newspaper Worker #1,newspaper worker 1,unknown
2857,Newspaper Worker #2,newspaper worker 2,unknown
2858,SHREWISH WOMAN,shrewish woman,unknown
2860,Mimi,mimi,unknown
2861,German Man,german man,unknown
2862,German Woman,german woman,unknown
2863,Farm Critic,farm critic,unknown
2864,Tv Critic,tv critic,unknown
2865,Theater Critic,theater critic,unknown
2866,Herald,herald,unknown
2867,Salvatore,salvatore,unknown
2868,DINNER THEATRE OWNER,dinner theatre owner,unknown
2869,Deli Owner,deli owner,unknown
2870,French Chef,french chef,unknown
2871,Dinner Theater Owner,dinner theater owner,unknown
2872,RESTAURANT OWNERS,restaurant owners,unknown
2873,CREEPY VOICE,creepy voice,unknown
2874,Lucy Lawless,lucy lawless,unknown
2875,Dick Clark,dick clark,unknown
2876,Band Member #1,band member 1,unknown
2877,Band Member #2,band member 2,unknown
2878,Band Member #3,band member 3,unknown
2879,Rick James,rick james,unknown
2880,WAFFLE IRON,waffle iron,unknown
2881,Tom Arnold,tom arnold,unknown
2882,Pauly Shore,pauly shore,unknown
2883,Rosie O'Donnell,rosie odonnell,unknown
2884,Terrible Celebrities,terrible celebrities,unknown
2885,ROSIE O'DONNEL,rosie odonnel,unknown
2886,GERMAN SOLDIER,german soldier,unknown
2887,G.I.,gi,unknown
2888,Dead German Soldier,dead german soldier,unknown
2889,Musketeer,musketeer,unknown
2890,Man In The Iron Mask,man in the iron mask,unknown
2891,Zorro,zorro,unknown
2892,Princess,princess,unknown
3109,Troll,troll,unknown
2893,Scarlet Pimpernel,scarlet pimpernel,unknown
2894,King Arthur,king arthur,unknown
2895,Rap Singer,rap singer,unknown
2896,B-52'S,b-52s,unknown
2897,HOMERA,homera,unknown
2898,COLONEL'S WIFE,colonels wife,unknown
2899,Farmer #2,farmer 2,unknown
2900,Storekeeper,storekeeper,unknown
2901,Elephant,elephant,unknown
2902,Sandy,sandy,unknown
2903,J.P.,jp,unknown
2904,Laramie Employees,laramie employees,unknown
2905,New Yorker,new yorker,unknown
2906,Burns Ball,burns ball,unknown
2907,PENN,penn,unknown
2908,Smiley the Elf,smiley the elf,unknown
2909,Happy The Elf,happy the elf,unknown
2910,Giggly The Elf,giggly the elf,unknown
2911,Pat O'Brien,pat obrien,unknown
2912,Nancy O'Dell,nancy odell,unknown
2913,Man In Line,man in line,unknown
2914,Boy In Car,boy in car,unknown
2915,Girl In Car,girl in car,unknown
2916,Homer Monster,homer monster,unknown
2917,Allen,allen,unknown
2918,Shelbyville Father,shelbyville father,unknown
2919,SHELBYVILLE FATHER AND MOTHER,shelbyville father and mother,unknown
2920,Forklift Driver,forklift driver,unknown
2921,OCTUPLETS,octuplets,unknown
2922,Businessman,businessman,unknown
2923,ZOO OWNER,zoo owner,unknown
2924,Butch Patrick,butch patrick,unknown
2925,Anoop,anoop,unknown
2926,Poonam,poonam,unknown
2927,Flamboyant Theater-type,flamboyant theater-type,unknown
2928,Christopher,christopher,unknown
2929,Koala,koala,unknown
2930,Mother Gorilla,mother gorilla,unknown
2931,Man With No Face,man with no face,unknown
2932,Fast-talking Announcer,fast-talking announcer,unknown
2933,Jay North,jay north,unknown
2934,Johnny Bobby,johnny bobby,unknown
2935,NRBQ,nrbq,unknown
2936,Fretful Mother,fretful mother,unknown
2937,Grim Father,grim father,unknown
2938,Cop,cop,unknown
2939,Rebel,rebel,unknown
2941,Ramrod,ramrod,unknown
2942,Bikers,bikers,unknown
2943,BURLY BARTENDER,burly bartender,unknown
2944,NURSING STUDENTS,nursing students,unknown
2945,Plaintiff,plaintiff,unknown
2946,Defendant,defendant,unknown
2948,LINDSEY,lindsey,unknown
2950,Dixie Chicks,dixie chicks,unknown
2951,Funzo,funzo,unknown
2952,Gary Coleman,gary coleman,unknown
2953,Goodwill Driver,goodwill driver,unknown
2954,Chair Lift Operator,chair lift operator,unknown
2955,Ski Instructor,ski instructor,unknown
2956,DEER,deer,unknown
2957,Lodge Employee #1,lodge employee 1,unknown
2958,Lodge Employee #2,lodge employee 2,unknown
2959,Mr. Sakamoto,mr sakamoto,unknown
2960,Ricky,ricky,unknown
2961,Lucy,lucy,unknown
2962,Fred,fred,unknown
2963,John Wayne,john wayne,unknown
2964,RASPY VOICE,raspy voice,unknown
2965,Left Snake,left snake,unknown
2966,Right Snake,right snake,unknown
2967,Both Snakes,both snakes,unknown
2968,Virtual Doctor,virtual doctor,unknown
2969,Lubchenko,lubchenko,unknown
2970,Men's Singing Group,mens singing group,unknown
2971,Frat Boy #1,frat boy 1,unknown
2972,Frat Boy #2,frat boy 2,unknown
2974,Bart's Congregation,barts congregation,unknown
2975,Float Singers,float singers,unknown
2976,FAN,fan,unknown
2977,Britney Spears,britney spears,unknown
2978,SEAT FILLER,seat filler,unknown
2979,Chapman,chapman,unknown
2980,Coast Guard Guy,coast guard guy,unknown
2981,Party Guests,party guests,unknown
2982,Asian Pirate,asian pirate,unknown
2983,CLOSING,closing,unknown
2984,Rat-pack Kid,rat-pack kid,unknown
2985,SALESGUY,salesguy,unknown
2986,Randy Bachman,randy bachman,unknown
2987,Fred Turner,fred turner,unknown
2988,State Comptroller Atkins,state comptroller atkins,unknown
2989,Giant Pearl,giant pearl,unknown
2990,Dream Homer,dream homer,unknown
2991,Jockey #1,jockey 1,unknown
2992,Jockey #2,jockey 2,unknown
2993,Mrs. Vanderbilt,mrs vanderbilt,unknown
2994,Mr. Vanderbilt,mr vanderbilt,unknown
2995,Jockeys,jockeys,unknown
2996,Tree Jockey,tree jockey,unknown
2997,Toadstool Jockey,toadstool jockey,unknown
2998,Woman Jockey,woman jockey,unknown
2999,OTHER JOCKEYS,other jockeys,unknown
3000,Hank Jockey,hank jockey,unknown
2947,Jim Hope,jim hope,m
2940,Meathook,meathook,m
2949,Male Executive,male executive,m
3002,FIRST PARROT,first parrot,unknown
3003,SECOND PARROT,second parrot,unknown
3004,Clay Babcock,clay babcock,unknown
3005,Mrs. Babcock,mrs babcock,unknown
3006,Crew Chief,crew chief,unknown
3007,LINDSAY,lindsay,unknown
3009,Pbs-style Announcer,pbs-style announcer,unknown
3010,Teen-aged Hooligan,teen-aged hooligan,unknown
3012,Mr. Rogers,mr rogers,unknown
3013,Yo-Yo Ma,yo-yo ma,unknown
3014,Bigg Byrd,bigg byrd,unknown
3015,Ellmeaux,ellmeaux,unknown
3016,Craig,craig,unknown
3017,Amy,amy,unknown
3018,Qtoktok,qtoktok,unknown
3019,Ak,ak,unknown
3020,LISA JUNIOR,lisa junior,unknown
3021,ISLANDERS,islanders,unknown
3022,Chipper Guide,chipper guide,unknown
3023,Babe Ruth,babe ruth,unknown
3024,Titania,titania,unknown
3025,Phil Angelides,phil angelides,unknown
3026,Dr. Velimirovic,dr velimirovic,unknown
3027,Jailbird's Son,jailbirds son,unknown
3028,Slick-looking Man #1,slick-looking man 1,unknown
3029,Slick-looking Man #2,slick-looking man 2,unknown
3030,Slick-looking Man #3,slick-looking man 3,unknown
3031,Second Nurse,second nurse,unknown
3032,Other Nurses,other nurses,unknown
3033,20-ISH MOE,20-ish moe,unknown
3034,NO NONSENSE FEMALE VOICE,no nonsense female voice,unknown
3035,Helen Morehouse,helen morehouse,unknown
3036,Soap Announcer,soap announcer,unknown
3037,Ingenue,ingenue,unknown
3038,Contessa,contessa,unknown
3039,Arthur Crandall,arthur crandall,unknown
3041,Hologram Nelson,hologram nelson,unknown
3042,Heckler,heckler,unknown
3043,Old Barney,old barney,unknown
3044,Helen Thomas,helen thomas,unknown
3045,Advisors,advisors,unknown
3046,Security Advisor Kearney,security advisor kearney,unknown
3047,Bart's Friends,barts friends,unknown
3048,Old Krusty,old krusty,unknown
3049,Billy Carter's Ghost,billy carters ghost,unknown
3050,Foreign Delegates,foreign delegates,unknown
3051,German Delegate,german delegate,unknown
3052,British Delegate,british delegate,unknown
3053,French Delegate,french delegate,unknown
3054,Chinese Delegate,chinese delegate,unknown
3055,TIKI,tiki,unknown
3056,Bar Patrons,bar patrons,unknown
3058,Factory Foreman,factory foreman,unknown
3059,Burt Reynolds,burt reynolds,unknown
3060,Charlie Rose,charlie rose,unknown
3061,Robert Evans,robert evans,unknown
3062,Inspector,inspector,unknown
3063,Boisterous Student,boisterous student,unknown
3064,Veejay,veejay,unknown
3065,Younger Veejay,younger veejay,unknown
3066,JOE C.,joe c,unknown
3067,Kid Rock,kid rock,unknown
3068,Band,band,unknown
3070,Female Student,female student,unknown
3071,Male Student,male student,unknown
3072,RADIO ANNCR,radio anncr,unknown
3073,Southern Dowager,southern dowager,unknown
3074,Cyborganizer,cyborganizer,unknown
3075,Robobaby,robobaby,unknown
3077,Dance Coach,dance coach,unknown
3078,PLAIN JANE,plain jane,unknown
3079,Latin Milhouse,latin milhouse,unknown
3080,LISABELLA,lisabella,unknown
3082,Texan Man,texan man,unknown
3083,Thought Bubble Homer,thought bubble homer,unknown
3084,ORGAN SALESMAN,organ salesman,unknown
3085,Mall Manager,mall manager,unknown
3086,Bojangles,bojangles,unknown
3087,Lion,lion,unknown
3088,Martian Children,martian children,unknown
3089,Bret Michaels,bret michaels,unknown
3090,The Admiral,the admiral,unknown
3091,Lead Singer,lead singer,unknown
3092,Tourist,tourist,unknown
3093,Other Doctors,other doctors,unknown
3094,Dr. Wilmore,dr wilmore,unknown
3095,Waitresses,waitresses,unknown
3096,RUPERT,rupert,unknown
3097,Crew Member,crew member,unknown
3098,Dr. Stephen Hawking,dr stephen hawking,unknown
3099,Richie Rich,richie rich,unknown
3100,Female Artist,female artist,unknown
3101,Sidekick #2,sidekick 2,unknown
3102,LISA'S LAWYER,lisas lawyer,unknown
3103,Willie Nelson,willie nelson,unknown
3104,Huckleberry Hound,huckleberry hound,unknown
3105,St. Peter,st peter,unknown
3106,Ghost Homer,ghost homer,unknown
3107,SCOUT,scout,unknown
3081,Little Vicki,little vicki,f
3076,Eduardo,eduardo,m
3011,Betty White,betty white,f
3008,Rachel,rachel,f
3069,Sheriff,sheriff,m
3040,Casino Manager,casino manager,m
3110,Goldilocks,goldilocks,unknown
3111,RAPUNZEL,rapunzel,unknown
3112,Witch,witch,unknown
3113,Handsome Man,handsome man,unknown
3114,Snorky,snorky,unknown
3115,Wild Dolphin,wild dolphin,unknown
3116,Dumb-looking Dolphin,dumb-looking dolphin,unknown
3117,Drive-thru Speaker,drive-thru speaker,unknown
3118,THE SIMPSONS,the simpsons,unknown
3119,Woodpecker,woodpecker,unknown
3120,Phone Recording,phone recording,unknown
3121,BAD AUSTIN POWERS IMPRESSION,bad austin powers impression,unknown
3122,Phone Company Lady,phone company lady,unknown
3123,CARTOON MAN,cartoon man,unknown
3124,PHONEY,phoney,unknown
3125,939'ers,939ers,unknown
3126,TRANSPORTER,transporter,unknown
3127,Prospector,prospector,unknown
3128,Roger Daltrey,roger daltrey,unknown
3129,John Entwistle,john entwistle,unknown
3130,Pete Townshend,pete townshend,unknown
3131,PETE/ROGER/JOHN,peterogerjohn,unknown
3132,Olde Springfielders,olde springfielders,unknown
3133,Badger,badger,unknown
3134,Stephen King,stephen king,unknown
3135,"""For Dummies"" Author",for dummies author,unknown
3136,Christopher Walken,christopher walken,unknown
3137,Tom Clancy,tom clancy,unknown
3138,Maya Angelou,maya angelou,unknown
3139,Amy Tan,amy tan,unknown
3140,AUTHOR,author,unknown
3141,Sophie,sophie,unknown
3142,FEMALE SOLDIER,female soldier,unknown
3143,Soldiers,soldiers,unknown
3144,Stereo Voice,stereo voice,unknown
3145,Ace of Hearts,ace of hearts,unknown
3146,Ace of Clubs,ace of clubs,unknown
3147,Ace of Diamonds,ace of diamonds,unknown
3148,Ace of Spades,ace of spades,unknown
3149,ALL FOUR ACES,all four aces,unknown
3150,MAN WITH JEWELER'S LOUPE,man with jewelers loupe,unknown
3151,Female Teen #1,female teen 1,unknown
3152,Female Teen #2,female teen 2,unknown
3153,Mobsters,mobsters,unknown
3154,Squealer,squealer,unknown
3156,Old Barber,old barber,unknown
3157,Mr. Thai,mr thai,unknown
3158,LEAD PROTESTER,lead protester,unknown
3160,Activists,activists,unknown
3161,Caleb,caleb,unknown
3162,Wild Turkey,wild turkey,unknown
3163,Springfielders,springfielders,unknown
3164,Male Activist,male activist,unknown
3165,Singing Waiters,singing waiters,unknown
3166,Scanner,scanner,unknown
3167,Financial Planner,financial planner,unknown
3168,Albuquerquean Man,albuquerquean man,unknown
3169,Female Trainer,female trainer,unknown
3170,Mr. Costington,mr costington,unknown
3171,Leeza Gibbons,leeza gibbons,unknown
3172,CREDIT CARD SWIPER,credit card swiper,unknown
3173,Virtual Wiggum,virtual wiggum,unknown
3174,Terrorists,terrorists,unknown
3175,Head Terrorist,head terrorist,unknown
3176,Committee Woman,committee woman,unknown
3177,Citizen #1,citizen 1,unknown
3178,Citizen #2,citizen 2,unknown
3179,Patrick McGoohan,patrick mcgoohan,unknown
3180,Blind Man,blind man,unknown
3181,Number 2,number 2,unknown
3182,Fake Homer,fake homer,unknown
3183,Questo,questo,unknown
3184,QUESTO'S THOUGHTS,questos thoughts,unknown
3185,Cosmonaut #1,cosmonaut 1,unknown
3186,COSMONAUT #2,cosmonaut 2,unknown
3187,PUPPETEER,puppeteer,unknown
3188,Silver-haired Man,silver-haired man,unknown
3189,FBI MAN,fbi man,unknown
3190,Willie's Lawyer,willies lawyer,unknown
3191,Ex-jock #2,ex-jock 2,unknown
3192,Ex-jock #1,ex-jock 1,unknown
3193,EX-JOCKS,ex-jocks,unknown
3194,Costume Supervisor,costume supervisor,unknown
3195,Ex-jock #3,ex-jock 3,unknown
3196,Disheveled Clown,disheveled clown,unknown
3197,Ringmaster,ringmaster,unknown
3198,RADIO WEATHER MAN,radio weather man,unknown
3199,APU+,apu,unknown
3200,Hobgoblin,hobgoblin,unknown
3201,LITTLE BO PEEP,little bo peep,unknown
3202,G.I. #1,gi 1,unknown
3203,Young Skinner,young skinner,unknown
3204,G.I. #2,gi 2,unknown
3205,Wolf #1,wolf 1,unknown
3206,Wolf #2,wolf 2,unknown
3207,Camel Lisa,camel lisa,unknown
3208,Harem Girl Bart,harem girl bart,unknown
3209,Super-criminal,super-criminal,unknown
3210,Female Warrior,female warrior,unknown
3211,A.D.R. Sessions,adr sessions,unknown
3212,SMOOTH ANNOUNCER,smooth announcer,unknown
3213,Company Spokesman,company spokesman,unknown
3320,Hippo,hippo,unknown
3155,Johnny Tightlips,johnny tightlips,m
3214,Female Technician,female technician,unknown
3215,Cartoon Dog,cartoon dog,unknown
3216,Rockettes,rockettes,unknown
3217,King Kong,king kong,unknown
3218,Female Researcher,female researcher,unknown
3219,Male Researcher,male researcher,unknown
3220,SIX-YEAR-OLD HOMER,six-year-old homer,unknown
3221,CLASSICAL D.J.,classical dj,unknown
3222,Fire Inspector,fire inspector,unknown
3223,Groom #1 / Groom #2,groom 1 groom 2,unknown
3224,Ring Bearer,ring bearer,unknown
3225,Movie Audience,movie audience,unknown
3226,Burly Usher,burly usher,unknown
3227,Octoparrot,octoparrot,unknown
3228,Prisoner,prisoner,unknown
3229,Rodeo Clown #1,rodeo clown 1,unknown
3230,Rodeo Clown #2,rodeo clown 2,unknown
3231,Sardonicus,sardonicus,unknown
3232,Dr. Steve,dr steve,unknown
3233,Bruce Vilanch,bruce vilanch,unknown
3234,Johnny Cochran,johnny cochran,unknown
3235,Mrs. Prince,mrs prince,unknown
3236,Gallagher,gallagher,unknown
3237,Tom Savini,tom savini,unknown
3238,Mr. Rodgers,mr rodgers,unknown
3239,Officer,officer,unknown
3240,Weeping Widow,weeping widow,unknown
3241,Wolves,wolves,unknown
3242,Gophers,gophers,unknown
3243,Stephanie,stephanie,unknown
3244,Assistant Director,assistant director,unknown
3245,Black Pawn,black pawn,unknown
3246,Black Rook,black rook,unknown
3247,Black King,black king,unknown
3248,Tennis Audience,tennis audience,unknown
3249,Serena Williams,serena williams,unknown
3250,Venus Williams,venus williams,unknown
3251,SERENA,serena,unknown
3252,Pete Sampras,pete sampras,unknown
3253,Andre Agassi,andre agassi,unknown
3254,VENUS,venus,unknown
3255,Game Show Host,game show host,unknown
3256,GHOSTLY SIDESHOW BOB,ghostly sideshow bob,unknown
3257,CONSERVATIVE 50'S AUDIENCE,conservative 50s audience,unknown
3258,Judy Carne,judy carne,unknown
3259,Frances,frances,unknown
3260,Lighting Man,lighting man,unknown
3261,SUPEREXECUTIVE,superexecutive,unknown
3262,Djiboutian Runner,djiboutian runner,unknown
3263,Australian Runner,australian runner,unknown
3264,Runners,runners,unknown
3265,HIP-LOOKING MAN,hip-looking man,unknown
3267,Party Posse,party posse,unknown
3268,Joey Fatone,joey fatone,unknown
3269,Justin Timberlake,justin timberlake,unknown
3270,Lance Bass,lance bass,unknown
3271,Chris Kirkpatrick,chris kirkpatrick,unknown
3272,J.C. Chasez,jc chasez,unknown
3273,Cienega,cienega,unknown
3274,Arab Woman,arab woman,unknown
3275,Hippie #1,hippie 1,unknown
3276,Hippie #2,hippie 2,unknown
3277,Hippie #3,hippie 3,unknown
3278,ADMIRAL,admiral,unknown
3279,"""mad"" Writer #1",mad writer 1,unknown
3280,"""mad"" Writer #2",mad writer 2,unknown
3281,N'SYNC,nsync,unknown
3282,Other Writers,other writers,unknown
3283,Testimonial Kid,testimonial kid,unknown
3284,Blocko Cowboy,blocko cowboy,unknown
3285,Blocko Lincoln,blocko lincoln,unknown
3286,COWBOY/LINCOLN,cowboylincoln,unknown
3287,Souvenir Salesman,souvenir salesman,unknown
3288,Henri,henri,unknown
3290,KIRK/MILHOUSE,kirkmilhouse,unknown
3291,Vendor #1,vendor 1,unknown
3292,Vendor #2,vendor 2,unknown
3293,Vendor #3,vendor 3,unknown
3294,2nd Executive,2nd executive,unknown
3295,SPIRIT,spirit,unknown
3296,Chavez,chavez,unknown
3297,MAYOR,mayor,unknown
3298,Freakish Kid,freakish kid,unknown
3299,Francine Rhenquist,francine rhenquist,unknown
3300,Poison Service,poison service,unknown
3301,FEMALE AUDIENCE,female audience,unknown
3302,Business Owner,business owner,unknown
3303,Factory Owner,factory owner,unknown
3304,Scientist #3,scientist 3,unknown
3305,Francine's Mom,francines mom,unknown
3306,Francine's Dad,francines dad,unknown
3307,Bag Boys,bag boys,unknown
3308,Unattractive Waitress,unattractive waitress,unknown
3309,Female Lawyer,female lawyer,unknown
3310,Male Lawyer,male lawyer,unknown
3311,Villager,villager,unknown
3312,Ngongo,ngongo,unknown
3313,African Flight Attendant,african flight attendant,unknown
3314,Kitenge,kitenge,unknown
3315,Doorman,doorman,unknown
3316,Baby Rhino,baby rhino,unknown
3317,Cheetah,cheetah,unknown
3318,Masai Chief,masai chief,unknown
3319,Masai Tribesmen,masai tribesmen,unknown
3321,Bantu #1,bantu 1,unknown
3322,Bantu #2,bantu 2,unknown
3323,Joan Bushwell,joan bushwell,unknown
3324,Chimps,chimps,unknown
3325,POACHER,poacher,unknown
3326,ANIMAL ACTIVIST,animal activist,unknown
3327,Miner Chimp #1,miner chimp 1,unknown
3328,Miner Chimp #2,miner chimp 2,unknown
3329,Muntu,muntu,unknown
3330,Linguo,linguo,unknown
3331,BOOKISH BOY,bookish boy,unknown
3332,Thelonious,thelonious,unknown
3333,VOICE ON TRANSMITTER,voice on transmitter,unknown
3334,2ND VOICE ON TRANSMITTER,2nd voice on transmitter,unknown
3335,3RD VOICE,3rd voice,unknown
3336,Krusty Clock,krusty clock,unknown
3337,Rachel Jordan,rachel jordan,unknown
3338,King David,king david,unknown
3339,Frank Sinatra,frank sinatra,unknown
3340,Captain Kirk,captain kirk,unknown
3341,Uhura,uhura,unknown
3342,Ymca Representative,ymca representative,unknown
3343,Lugash,lugash,unknown
3344,Rapper,rapper,unknown
3345,Moon,moon,unknown
3346,MARVIN GAYE,marvin gaye,unknown
3347,Dog/cat,dogcat,unknown
3348,Bill Cosby,bill cosby,unknown
3349,Airline Rep,airline rep,unknown
3351,Country Doctor,country doctor,unknown
3352,Abe Bunyan,abe bunyan,unknown
3353,Mrs. Abe Bunyan,mrs abe bunyan,unknown
3354,Paul Bunyan,paul bunyan,unknown
3355,Sourdough Moe,sourdough moe,unknown
3356,PUAL BUNYAN,pual bunyan,unknown
3357,Connie Appleseed,connie appleseed,unknown
3358,FAINT VOICE,faint voice,unknown
3359,Huck Finn,huck finn,unknown
3360,Tom Sawyer,tom sawyer,unknown
3361,Becky Thatcher,becky thatcher,unknown
3362,Judge Thatcher,judge thatcher,unknown
3363,Parson Lovejoy,parson lovejoy,unknown
3364,Sheriff Wiggum,sheriff wiggum,unknown
3365,HUCK/TOM,hucktom,unknown
3366,Cholera Woman,cholera woman,unknown
3367,Baby Vendor,baby vendor,unknown
3368,Gypsy,gypsy,unknown
3369,Shrunken Head,shrunken head,unknown
3370,Gil Robot,gil robot,unknown
3371,Robot Worker #1,robot worker 1,unknown
3372,Robot Worker #2,robot worker 2,unknown
3373,ROBOT WORKERS #1 AND #2,robot workers 1 and 2,unknown
3374,Ultrahouse 3000,ultrahouse 3000,unknown
3375,Matthew Perry,matthew perry,unknown
3376,Dennis Miller,dennis miller,unknown
3378,Harry Potter,harry potter,unknown
3379,PRINCE,prince,unknown
3380,Prince William,prince william,unknown
3381,Bart's Prince,barts prince,unknown
3382,Montymort,montymort,unknown
3383,Slithers,slithers,unknown
3384,KRUSTY FACE,krusty face,unknown
3385,COMIC BOOK GUY FACE,comic book guy face,unknown
3386,FROG PRINCE,frog prince,unknown
3387,CAMPY 40'S MOVIE DETECTIVE,campy 40s movie detective,unknown
3388,Cora,cora,unknown
3389,Police Dog,police dog,unknown
3391,Seal,seal,unknown
3392,Dr. Kaufman,dr kaufman,unknown
3393,Super-muscular Soldier,super-muscular soldier,unknown
3394,Prof. Huntington,prof huntington,unknown
3395,Formico,formico,unknown
3396,Models,models,unknown
3397,Model #2,model 2,unknown
3398,Model #1,model 1,unknown
3399,Sad Robot,sad robot,unknown
3400,Female Bargoer,female bargoer,unknown
3401,Male Bargoer,male bargoer,unknown
3402,Bargoers,bargoers,unknown
3403,REM,rem,unknown
3404,Peter Buck,peter buck,unknown
3405,Michael Stipe,michael stipe,unknown
3406,Mike Mills,mike mills,unknown
3407,Turkey,turkey,unknown
3408,Animal Catcher #1,animal catcher 1,unknown
3409,Older Chinese Man,older chinese man,unknown
3410,WRITERS,writers,unknown
3411,MR. BURNS BRAIN,mr burns brain,unknown
3412,Anti-theft Device,anti-theft device,unknown
3413,Burly,burly,unknown
3414,Mama Celeste,mama celeste,unknown
3415,Paul Newman,paul newman,unknown
3416,Mesmerino,mesmerino,unknown
3417,Buddy Love,buddy love,unknown
3418,Young Lenny,young lenny,unknown
3419,Young Carl,young carl,unknown
3420,Young Louie,young louie,unknown
3421,Young Fat Tony,young fat tony,unknown
3422,Young Moe,young moe,unknown
3423,Young Legs,young legs,unknown
3424,"Waylon Smithers, Sr.",waylon smithers sr,unknown
3425,WAYLON JR.,waylon jr,unknown
3426,Space Ship Ensign,space ship ensign,unknown
4164,Cake,cake,unknown
3350,Hobo,hobo,m
3377,Pierce Brosnan,pierce brosnan,m
3427,Space Ship Captain,space ship captain,unknown
3428,Astronaut Pitchman,astronaut pitchman,unknown
3429,Wino,wino,unknown
3430,Council Members,council members,unknown
3431,Money Changer,money changer,unknown
3432,Ghostly Voice,ghostly voice,unknown
3433,Richard Gere,richard gere,unknown
3434,Strom Thurmond,strom thurmond,unknown
3435,Ralph Nader,ralph nader,unknown
3436,Dracula,dracula,unknown
3437,Bob Dole,bob dole,unknown
3438,Environmentalist,environmentalist,unknown
3439,Spotted Owl,spotted owl,unknown
3441,Other Students,other students,unknown
3442,Cougar,cougar,unknown
3443,Overweight Man,overweight man,unknown
3444,PEOPLE IN THE PYRAMID,people in the pyramid,unknown
3445,People In Pyramid,people in pyramid,unknown
3446,CEO,ceo,unknown
3447,MOTHERLOVING,motherloving,unknown
3448,Lawyers,lawyers,unknown
3449,Dia-Betty,dia-betty,unknown
3450,ELECTRONICALLY-ALTERED VOICE,electronically-altered voice,unknown
3451,Count Fudge-ula,count fudge-ula,unknown
3452,Sugar Dealer,sugar dealer,unknown
3453,Two Male Marchers,two male marchers,unknown
3454,Marcher,marcher,unknown
3455,Lesbians,lesbians,unknown
3456,Gay Man,gay man,unknown
3457,Duck,duck,unknown
3458,Justin,justin,unknown
3459,Soccer Mummy,soccer mummy,unknown
3460,Teenage Soccer Player,teenage soccer player,unknown
3461,Announcer #3,announcer 3,unknown
3462,Teenage Usher #1,teenage usher 1,unknown
3463,Teenage Usher #2,teenage usher 2,unknown
3465,Society Man,society man,unknown
3466,Barbara Walters,barbara walters,unknown
3467,Joy Behar,joy behar,unknown
3468,Gen X Girl,gen x girl,unknown
3469,Star Jones,star jones,unknown
3470,Professor Van Doren,professor van doren,unknown
3471,Derby Announcer,derby announcer,unknown
3472,Beer Vendor,beer vendor,unknown
3473,Derby Announcer #1,derby announcer 1,unknown
3474,Kristen Davis,kristen davis,unknown
3475,Kim Catrall,kim catrall,unknown
3476,Sarah Jessica Parker,sarah jessica parker,unknown
3477,Taxi Driver,taxi driver,unknown
3478,German Baron,german baron,unknown
3479,Dinosaur Doll,dinosaur doll,unknown
3480,One-armed Man,one-armed man,unknown
3481,Ant,ant,unknown
3482,Helicopter Cop,helicopter cop,unknown
3483,Headmaster,headmaster,unknown
3484,Headmaster's Wife,headmasters wife,unknown
3485,Wolfgang Puck,wolfgang puck,unknown
3486,Little Rich Boy,little rich boy,unknown
3487,Greta Wolfcastle,greta wolfcastle,unknown
3488,Snobby Bully #1,snobby bully 1,unknown
3489,Snobby Bully #2,snobby bully 2,unknown
3490,Lookalike,lookalike,unknown
3491,Teenage Waiter,teenage waiter,unknown
3492,Tram Driver,tram driver,unknown
3493,Bully #1,bully 1,unknown
3494,Bully #2,bully 2,unknown
3495,Canadian Player,canadian player,unknown
3496,Ostrich,ostrich,unknown
3497,COWBOY,cowboy,unknown
3499,Sad Cowboy,sad cowboy,unknown
3500,Bank Robber,bank robber,unknown
3501,Grampa's Recorded Voice,grampas recorded voice,unknown
3502,Zelda,zelda,unknown
3504,Elderly Ladies,elderly ladies,unknown
3505,OLD MEN,old men,unknown
3506,Black Best Friend,black best friend,unknown
3507,DISTINGUISHED VOICE,distinguished voice,unknown
3508,HISPANIC GENTLEMAN,hispanic gentleman,unknown
3509,1940S ANNOUNCER,1940s announcer,unknown
3510,Revue Cast Members,revue cast members,unknown
3511,Charo,charo,unknown
3512,"RAY JAY JOHNSON, JR.",ray jay johnson jr,unknown
3513,Charlie Callas,charlie callas,unknown
3514,Yakov Smirnov,yakov smirnov,unknown
3515,Audience Members,audience members,unknown
3516,CHARRO,charro,unknown
3517,Dionysus Barney,dionysus barney,unknown
3518,SEA CAPTAIN/POSEIDON,sea captainposeidon,unknown
3519,SEA CAPTAIN/POSEIDON CLOUD,sea captainposeidon cloud,unknown
3520,Sirens,sirens,unknown
3521,Crewmembers,crewmembers,unknown
3522,Discus Stu,discus stu,unknown
3523,Greek Sailors,greek sailors,unknown
3524,Circe,circe,unknown
3525,Lenny Pig,lenny pig,unknown
3526,Dead Souls,dead souls,unknown
3527,Other Suitors,other suitors,unknown
3528,Goose,goose,unknown
3529,Catapult Man,catapult man,unknown
3530,French Army,french army,unknown
4165,Pie #3,pie 3,unknown
3498,BUCK,buck,m
3503,Zack,zack,m
3440,Gabriel,gabriel,m
3531,English Soldier,english soldier,unknown
3532,English Soldier #1,english soldier 1,unknown
3533,English Soldier #2,english soldier 2,unknown
3534,Judge Lovejoy,judge lovejoy,unknown
3535,Courtroom Audience,courtroom audience,unknown
3536,Hamlet Bart,hamlet bart,unknown
3537,Court,court,unknown
3538,Viking,viking,unknown
3539,Guilden-Lenny,guilden-lenny,unknown
3540,Rosen-Carl,rosen-carl,unknown
3541,Man In The Moon,man in the moon,unknown
3542,Female Robot,female robot,unknown
3543,Mr. Movie Phone,mr movie phone,unknown
3544,Telemarketer,telemarketer,unknown
3545,Ronaldo,ronaldo,unknown
3546,Sexy Blonde Woman,sexy blonde woman,unknown
3547,PINEAPPLE MAN,pineapple man,unknown
3548,FLAMINGO,flamingo,unknown
3549,Lifeguard,lifeguard,unknown
3550,Potato,potato,unknown
3551,Crows,crows,unknown
3552,Present-Day Homer,present-day homer,unknown
3553,Trey Anastasio,trey anastasio,unknown
3554,Page McConnell,page mcconnell,unknown
3555,Jon Fishman,jon fishman,unknown
3556,SOME AUDIENCE MEMBERS,some audience members,unknown
3557,Mike Gordon,mike gordon,unknown
3558,Pete,pete,unknown
3559,Seamus,seamus,unknown
3560,Booking Agent,booking agent,unknown
3561,Mr. Blackwell,mr blackwell,unknown
3562,Jenkins,jenkins,unknown
3563,Danger Dog,danger dog,unknown
3564,Stan Lee,stan lee,unknown
3565,Stegosaurus,stegosaurus,unknown
3566,Todd Linux,todd linux,unknown
3567,Bin Laden,bin laden,unknown
3568,Lou Rawls,lou rawls,unknown
3569,Voice Actor,voice actor,unknown
3570,Cartoon Bart,cartoon bart,unknown
3571,Passersby,passersby,unknown
3572,Paperboy,paperboy,unknown
3573,Milkman,milkman,unknown
3574,Piano Lady,piano lady,unknown
3575,Squishee Lady,squishee lady,unknown
3576,Tom Brokaw,tom brokaw,unknown
3577,Dream Squishee Lady,dream squishee lady,unknown
3578,James Lipton,james lipton,unknown
3579,Delivery Guy,delivery guy,unknown
3580,Divorce Lawyer,divorce lawyer,unknown
3581,Sashi,sashi,unknown
3582,Pria,pria,unknown
3583,Uma,uma,unknown
3584,Sandeep,sandeep,unknown
3585,Nabendu,nabendu,unknown
3586,Gheet,gheet,unknown
3587,Deliveryman,deliveryman,unknown
3588,Ms. Pommelhorst,ms pommelhorst,unknown
3589,Liberace Doll,liberace doll,unknown
3590,Carrie,carrie,unknown
3591,Tina,tina,unknown
3592,Robert Pinsky,robert pinsky,unknown
3593,Student #1,student 1,unknown
3594,Student #2,student 2,unknown
3595,Glue-bottle Cow,glue-bottle cow,unknown
3596,Student #3,student 3,unknown
3597,Student #4,student 4,unknown
3598,CATERPILLAR,caterpillar,unknown
3599,Screamapillar,screamapillar,unknown
3600,Homer Devil,homer devil,unknown
3601,Homer Angel,homer angel,unknown
3602,VOICE OVER MEGAPHONE,voice over megaphone,unknown
3603,Mrs. Bellamy,mrs bellamy,unknown
3604,LADIES,ladies,unknown
3605,Prison Warden,prison warden,unknown
3606,Michael Clark Duncan,michael clark duncan,unknown
3607,Executioner,executioner,unknown
3608,Man With Braces,man with braces,unknown
3609,Carmen Electra,carmen electra,unknown
3610,Butterfly,butterfly,unknown
3611,Fonzie,fonzie,unknown
3612,Arnie,arnie,unknown
3613,Looters,looters,unknown
3614,Beatnik,beatnik,unknown
3615,Monster,monster,unknown
3616,Newsie,newsie,unknown
3617,Otis,otis,unknown
3618,Other Gangsters,other gangsters,unknown
3619,Maude Ghost,maude ghost,unknown
3620,Demon Maude,demon maude,unknown
3621,Peddler,peddler,unknown
3622,Homer Double,homer double,unknown
3623,Doubles,doubles,unknown
3624,HOMER DOUBLES,homer doubles,unknown
3625,TRACEY ULLMAN SHOW HOMER,tracey ullman show homer,unknown
3626,Farmer Gil,farmer gil,unknown
3627,Army General,army general,unknown
3628,Air Force General,air force general,unknown
3629,WILLIAM BONNEY,william bonney,unknown
3630,WILLIAM BONNEY/BILLY THE KID,william bonneybilly the kid,unknown
3631,BILLY THE KID,billy the kid,unknown
3632,Sundance Kid,sundance kid,unknown
3633,Frank James,frank james,unknown
3634,Kaiser,kaiser,unknown
3635,Future Homer,future homer,unknown
3636,Turkey Frink,turkey frink,unknown
3637,Panther Marge,panther marge,unknown
3638,Cow Flanders,cow flanders,unknown
3639,Ralph Peacock,ralph peacock,unknown
3640,Comic Book Ram,comic book ram,unknown
3641,Pig Wiggum,pig wiggum,unknown
3642,Owl Lisa,owl lisa,unknown
3643,Alligator Sea Captain,alligator sea captain,unknown
3644,Fox Burns,fox burns,unknown
3645,LISA OWL,lisa owl,unknown
3646,Spider Bart,spider bart,unknown
3647,Disco Shrew,disco shrew,unknown
3648,Other Manimals,other manimals,unknown
3649,Walrus Homer,walrus homer,unknown
3650,Cab Driver,cab driver,unknown
3651,Network Announcer,network announcer,unknown
3652,Female Cab Driver,female cab driver,unknown
3653,Drunk Homer,drunk homer,unknown
3655,Keith Richards,keith richards,unknown
3656,Elvis Costello,elvis costello,unknown
3657,Lenny Kravitz,lenny kravitz,unknown
3658,Kenny Loggins,kenny loggins,unknown
3659,Brian Setzer,brian setzer,unknown
3660,Tom Petty,tom petty,unknown
3661,GROUPIES,groupies,unknown
3662,Rock Stars,rock stars,unknown
3663,Salvadoran Rebel,salvadoran rebel,unknown
3664,Jeff Probst,jeff probst,unknown
3665,Rhino,rhino,unknown
3666,Male Game Show Host,male game show host,unknown
3667,Race Track Announcer,race track announcer,unknown
3668,Japanese Joey,japanese joey,unknown
3669,Japanese Phoebe,japanese phoebe,unknown
3670,Clock Announcer,clock announcer,unknown
3671,Robot #1,robot 1,unknown
3672,Robot #2,robot 2,unknown
3673,Clown,clown,unknown
3674,Characters,characters,unknown
3675,M.C. Safety,mc safety,unknown
3676,Caution Crew Member,caution crew member,unknown
3678,Third-grade Class,third-grade class,unknown
3679,Third-grade Girl,third-grade girl,unknown
3680,Teenagers,teenagers,unknown
3681,Senate Chairman,senate chairman,unknown
3682,Governor Mary Bailey,governor mary bailey,unknown
3683,Homeless Man,homeless man,unknown
3684,Mountain Man,mountain man,unknown
3685,Grandpappy,grandpappy,unknown
3686,Mountain Woman,mountain woman,unknown
3687,Spanish Man,spanish man,unknown
3689,Kid Announcer,kid announcer,unknown
3690,BAJA MEN,baja men,unknown
3691,LINDSAY/COOKIE,lindsaycookie,unknown
3692,Television,television,unknown
3693,Clownface,clownface,unknown
3694,Chief O'Hara,chief ohara,unknown
3695,Veterans,veterans,unknown
3696,Head Veteran,head veteran,unknown
3697,Angelo,angelo,unknown
3698,All Men,all men,unknown
3699,Kiki,kiki,unknown
3700,Shoe Buyer #1,shoe buyer 1,unknown
3701,Shoe Buyer #2,shoe buyer 2,unknown
3702,Stampy,stampy,unknown
3703,Baha Men,baha men,unknown
3704,Larry Holmes,larry holmes,unknown
3705,Gummy Sue,gummy sue,unknown
3706,Kozlov,kozlov,unknown
3707,Termites,termites,unknown
3708,Exterminator,exterminator,unknown
3709,Bran Producers,bran producers,unknown
3710,Bran Producer #1,bran producer 1,unknown
3711,Bran Producer #2,bran producer 2,unknown
3712,Mitch,mitch,unknown
3713,David Lander,david lander,unknown
3714,BEARDED MAN,bearded man,unknown
3715,Female Castaway,female castaway,unknown
3716,Sad Man,sad man,unknown
3717,Reality Show Tribe,reality show tribe,unknown
3718,Cameraman #1,cameraman 1,unknown
3719,Cameraman #2,cameraman 2,unknown
3720,Cop #1,cop 1,unknown
3721,Cop #2,cop 2,unknown
3722,Masseur,masseur,unknown
3723,ASIAN MASSEUSE,asian masseuse,unknown
3724,Yoga Master,yoga master,unknown
3725,Man With Mustache,man with mustache,unknown
3726,HOMER THOUGHTS,homer thoughts,unknown
3727,Roommate,roommate,unknown
3728,Decapitating Harry,decapitating harry,unknown
3729,High-tech Cell,high-tech cell,unknown
3730,Junior,junior,unknown
3731,Man Dressed As Jester,man dressed as jester,unknown
3732,Reveler,reveler,unknown
3733,SIX-YEAR-OLD GRAMPA,six-year-old grampa,unknown
3734,Judge #2,judge 2,unknown
3735,Judge #1,judge 1,unknown
3736,Judge #3,judge 3,unknown
3737,Robin Williams,robin williams,unknown
3738,Committee Chairman,committee chairman,unknown
3739,Sad Whiny Voice,sad whiny voice,unknown
3740,Animatronic Gay Men,animatronic gay men,unknown
3741,Riders,riders,unknown
3742,RIDER,rider,unknown
3743,Robot Mother,robot mother,unknown
3744,Maniacal-looking Teacher,maniacal-looking teacher,unknown
3654,Mick Jagger,mick jagger,m
3688,Cookie Kwan,cookie kwan,f
3745,Little Richard,little richard,unknown
3746,Skinner's Thoughts,skinners thoughts,unknown
3747,Mrs. Skinner's Thoughts,mrs skinners thoughts,unknown
3748,Cartoon Mouse Voice,cartoon mouse voice,unknown
3749,FEMALE MTV V.J.,female mtv vj,unknown
3750,Elliott Gould,elliott gould,unknown
3751,Girl's Thoughts,girls thoughts,unknown
3752,Bully,bully,unknown
3753,Turbo Diary,turbo diary,unknown
3754,Movie Narrator,movie narrator,unknown
3755,FLANDERS' VOICE,flanders voice,unknown
3756,Space Frog,space frog,unknown
3757,ASTRONAUT VOICE,astronaut voice,unknown
3758,Sheriff Lisa,sheriff lisa,unknown
3760,HEAD PROTESTER,head protester,unknown
3761,Giuseppe,giuseppe,unknown
3762,MISS SEPTEMBER,miss september,unknown
3763,Scary Voice,scary voice,unknown
3764,SCARY MAN,scary man,unknown
3765,Mugger,mugger,unknown
3766,Cheap Girlfriend,cheap girlfriend,unknown
3767,Ruth Powers,ruth powers,unknown
3768,Sonya,sonya,unknown
3769,Lisa Leslie,lisa leslie,unknown
3770,SWISH,swish,unknown
3771,David McCullough,david mccullough,unknown
3772,Ken Burns,ken burns,unknown
3773,Skating Announcer,skating announcer,unknown
3774,Tanker Driver,tanker driver,unknown
3775,Aa Group,aa group,unknown
3776,Bowler,bowler,unknown
3777,Bowling Teammates,bowling teammates,unknown
3778,Booming Voice,booming voice,unknown
3779,Buddha,buddha,unknown
3780,Walter Cronkite,walter cronkite,unknown
3781,Ornette Coleman,ornette coleman,unknown
3782,Furbies,furbies,unknown
3783,Balki,balki,unknown
3784,Happy Face,happy face,unknown
3785,Uwa,uwa,unknown
3786,Stenographer,stenographer,unknown
3787,Tony Hawk,tony hawk,unknown
3788,Tom DeLonge,tom delonge,unknown
3789,Mark Hoppus,mark hoppus,unknown
3790,Travis Barker,travis barker,unknown
3791,Event Announcer,event announcer,unknown
3792,Commercial Actress,commercial actress,unknown
3793,60-Year-Old Nelson,60-year-old nelson,unknown
3794,Booberella,booberella,unknown
3795,Frankenstein,frankenstein,unknown
3796,GRAVELLY MALE SINGER,gravelly male singer,unknown
3797,Truck Commercial Announcer,truck commercial announcer,unknown
3798,Rib-It,rib-it,unknown
3799,Lisa's Cheering Section,lisas cheering section,unknown
3801,Barnard,barnard,unknown
3802,Radcliffe,radcliffe,unknown
3803,Wellesley,wellesley,unknown
3804,Mount Holyoke,mount holyoke,unknown
3805,Vassar,vassar,unknown
3806,Smith,smith,unknown
3807,Bryn Mawr,bryn mawr,unknown
3808,Seven Sisters,seven sisters,unknown
3809,Real Lisa,real lisa,unknown
3810,Ribhead,ribhead,unknown
3811,Ribhead #2,ribhead 2,unknown
3812,Italian Man,italian man,unknown
3813,Sun Moon,sun moon,unknown
3814,Hibbert Boy,hibbert boy,unknown
3815,Big Band Singer,big band singer,unknown
3816,Irish Cop,irish cop,unknown
3818,REPORTER CLETUS,reporter cletus,unknown
3819,James L. Brooks,james l brooks,unknown
3820,Helen Fielding,helen fielding,unknown
3821,MOE HOWARD,moe howard,unknown
3822,Airport Official,airport official,unknown
3823,Republicans,republicans,unknown
3824,Armstrong,armstrong,unknown
3825,Jet Pilot,jet pilot,unknown
3826,Fox News Anchor,fox news anchor,unknown
3827,Southern Congressman,southern congressman,unknown
3828,Elderly Congressman,elderly congressman,unknown
3829,Committee Member,committee member,unknown
3830,Committee Member #2,committee member 2,unknown
3831,Congressperson,congressperson,unknown
3832,Sgt. At Arms,sgt at arms,unknown
3833,Speaker Of The House,speaker of the house,unknown
3834,House Members,house members,unknown
3835,Mouse Paramedic,mouse paramedic,unknown
3836,Nuts & Bolts,nuts bolts,unknown
3837,Terrence,terrence,unknown
3839,First Worker,first worker,unknown
3840,Capitol Dome,capitol dome,unknown
3841,Nuclear Inspector,nuclear inspector,unknown
3842,Animated Skinner,animated skinner,unknown
3844,Sad Voice,sad voice,unknown
3845,Hobby Shop Guy,hobby shop guy,unknown
3846,Astronomer,astronomer,unknown
3847,MALE COMPUTER VOICE,male computer voice,unknown
3848,Angry Mob,angry mob,unknown
4166,Pies,pies,unknown
3817,Sara Sloane,sara sloane,f
3800,George Plimpton,george plimpton,m
3759,Colt,colt,m
3838,Stark Richdale,stark richdale,m
3849,Jimmy the Snitch,jimmy the snitch,unknown
3850,PUZZLE LENNY,puzzle lenny,unknown
3851,Bachelors,bachelors,unknown
3854,Stylist,stylist,unknown
3855,Lesbian,lesbian,unknown
3856,Large Gay Man,large gay man,unknown
3857,Weird Al,weird al,unknown
3858,Black Knight,black knight,unknown
3859,King,king,unknown
3860,Young Dr. Hibbert,young dr hibbert,unknown
3861,David Byrne,david byrne,unknown
3862,William Shatner,william shatner,unknown
3863,Wrangler #1,wrangler 1,unknown
3864,Wrangler #2,wrangler 2,unknown
3865,Luke,luke,unknown
3866,Cleanie,cleanie,unknown
3867,Native American,native american,unknown
3868,Clara,clara,unknown
3869,Native American Woman,native american woman,unknown
3870,Brave,brave,unknown
3871,Owl,owl,unknown
3872,Rabbit,rabbit,unknown
3873,Elk,elk,unknown
3874,Dry Cleaner,dry cleaner,unknown
3875,Man With Sack,man with sack,unknown
3876,Man With Plow,man with plow,unknown
3877,Rin Tin Tin,rin tin tin,unknown
3878,H.K. Duff,hk duff,unknown
3879,American Astronaut,american astronaut,unknown
3880,Russian Astronaut,russian astronaut,unknown
3881,Astronauts,astronauts,unknown
3882,Les,les,unknown
3883,REGIS,regis,unknown
3884,SUDS MCDUFF,suds mcduff,unknown
3885,Derelicts,derelicts,unknown
3886,Parasailer #1,parasailer 1,unknown
3887,Parasailer #2,parasailer 2,unknown
3888,Male Narrator,male narrator,unknown
3889,Female Tour Guide,female tour guide,unknown
3890,Female,female,unknown
3891,Southern Woman,southern woman,unknown
3892,Woman's Daughter,womans daughter,unknown
3893,Armando,armando,unknown
3894,Tv Chef,tv chef,unknown
3895,Grouchy Old Man,grouchy old man,unknown
3896,Sweet Old Lady,sweet old lady,unknown
3897,Peruvian Frogs,peruvian frogs,unknown
3898,Steve Buscemi,steve buscemi,unknown
3899,Turks,turks,unknown
3900,Marriage Counselor,marriage counselor,unknown
3901,Jackson Browne,jackson browne,unknown
3902,Busboys,busboys,unknown
3903,Farty,farty,unknown
3904,O.J.,oj,unknown
3905,Pax Announcer,pax announcer,unknown
3906,Silver-haired Woman,silver-haired woman,unknown
3907,Jim Proudfoot,jim proudfoot,unknown
3908,Junior Dandy Chief,junior dandy chief,unknown
3909,Venus Flytrap,venus flytrap,unknown
3910,Beautiful Woman,beautiful woman,unknown
3911,Jethro,jethro,unknown
3912,Granny,granny,unknown
3913,Hot Woman,hot woman,unknown
3914,Elmo,elmo,unknown
3915,Godfather,godfather,unknown
3916,Homer Doll,homer doll,unknown
3917,Don Castellaneta,don castellaneta,unknown
3918,Younger Mobster,younger mobster,unknown
3919,Death,death,unknown
3920,Frankie the Squealer,frankie the squealer,unknown
3921,Swedish Scientist,swedish scientist,unknown
3923,Young Professor Frink,young professor frink,unknown
3924,Jennifer Garner,jennifer garner,unknown
3925,Dudley Herschbach,dudley herschbach,unknown
3926,Oscar De La Hoya,oscar de la hoya,unknown
3927,Fbi Agent,fbi agent,unknown
3928,Asian Woman,asian woman,unknown
3929,Federal Agent,federal agent,unknown
3930,Female Prisoners,female prisoners,unknown
3931,Second Prisoner,second prisoner,unknown
3932,Prison Bus Driver,prison bus driver,unknown
3933,Other Prisoners,other prisoners,unknown
3934,First Prisoner,first prisoner,unknown
3935,French Teacher,french teacher,unknown
3936,Michael Moore,michael moore,unknown
3937,Boy Student,boy student,unknown
3938,Dad #2,dad 2,unknown
3939,Alien Rock Band,alien rock band,unknown
3940,Museum-goers,museum-goers,unknown
3941,Edwina,edwina,unknown
3942,Tony Blair,tony blair,unknown
3943,English Gentleman,english gentleman,unknown
3944,Concierge,concierge,unknown
3945,J.K. Rowling,jk rowling,unknown
3946,Squeaky-Voiced British Teen,squeaky-voiced british teen,unknown
3947,Judi Dench,judi dench,unknown
3948,Gentleman #1,gentleman 1,unknown
3949,GENTLEMAN #2,gentleman 2,unknown
3950,Lord Daftwager,lord daftwager,unknown
3951,Evan Marriott,evan marriott,unknown
3952,Sir Ian McKellen,sir ian mckellen,unknown
3953,Deep British Voice,deep british voice,unknown
3954,Courtroom,courtroom,unknown
3955,Young Girl In Crowd,young girl in crowd,unknown
3922,Frink Senior,frink senior,m
3852,Grady,grady,m
3956,Second Guard,second guard,unknown
3957,Sparkly Elves,sparkly elves,unknown
3958,Madonna,madonna,unknown
3959,HOMER-ISH WOMAN'S VOICE,homer-ish womans voice,unknown
3960,Abbey,abbey,unknown
3961,Cucumber Moses,cucumber moses,unknown
3962,Candy Ball,candy ball,unknown
3963,Grant Connor,grant connor,unknown
3964,Care Bear,care bear,unknown
3965,Prostitute,prostitute,unknown
3966,2nd Peddler,2nd peddler,unknown
3967,1st Construction Worker,1st construction worker,unknown
3968,2nd Construction Worker,2nd construction worker,unknown
3969,Ultrasound Woman,ultrasound woman,unknown
3970,Jeremy,jeremy,unknown
3971,Diane,diane,unknown
3972,Beach Boys Experience,beach boys experience,unknown
3973,Curb Re-painter,curb re-painter,unknown
3974,Kathy,kathy,unknown
3975,Holiday Special Announcer,holiday special announcer,unknown
3976,Soulful Prune,soulful prune,unknown
3977,Classy Clerk,classy clerk,unknown
3978,Talking Astrolabe,talking astrolabe,unknown
3979,REDNECK RADIO DJ,redneck radio dj,unknown
3980,Country Singer,country singer,unknown
3981,BACKUP SINGERS,backup singers,unknown
3982,ASTROLABE,astrolabe,unknown
3983,Jimmy Stewart Puppet,jimmy stewart puppet,unknown
3984,Cartoon Announcer,cartoon announcer,unknown
3985,Mr. McGrew,mr mcgrew,unknown
3986,Bob Cratchett,bob cratchett,unknown
3987,Ghost Of Xmas Past,ghost of xmas past,unknown
3988,Sitcom Character,sitcom character,unknown
3989,Ebenezer Urkel,ebenezer urkel,unknown
3990,Mr. Sulu,mr sulu,unknown
3991,Mr. Scott,mr scott,unknown
3992,Pregnant Woman,pregnant woman,unknown
3993,Wildlife Host,wildlife host,unknown
3994,HANK HILL,hank hill,unknown
3996,Gerbil,gerbil,unknown
3997,Kids Chorus,kids chorus,unknown
3998,Helpful Bear,helpful bear,unknown
3999,Concert Announcer,concert announcer,unknown
4000,Tinky Winky,tinky winky,unknown
4001,Concert Crowd,concert crowd,unknown
4002,Kid Crowd,kid crowd,unknown
4003,Afghani Man,afghani man,unknown
4004,Most Of Crowd,most of crowd,unknown
4005,Speak 'n' Spell,speak n spell,unknown
4006,Perverts,perverts,unknown
4007,Tobacco Lobbyist,tobacco lobbyist,unknown
4008,Mother On Ad,mother on ad,unknown
4009,Actress In Blue Wig,actress in blue wig,unknown
4010,"""Yeeeessss"" Man",yeeeessss man,unknown
4011,Bike Guy,bike guy,unknown
4012,Macho Tv Announcer,macho tv announcer,unknown
4013,ROBOT WARS ANNOUNCER #2,robot wars announcer 2,unknown
4014,ROBOT WARS ANNOUNCER #1,robot wars announcer 1,unknown
4015,Knockahomer,knockahomer,unknown
4016,Scary Robot,scary robot,unknown
4017,Security Voice,security voice,unknown
4018,Esme Delacroix,esme delacroix,unknown
4019,Boris,boris,unknown
4020,Siren,siren,unknown
4021,Bartleby,bartleby,unknown
4022,Leezakiah,leezakiah,unknown
4023,Temperance,temperance,unknown
4024,Captain Mordecai,captain mordecai,unknown
4025,CYRUS MANLEY,cyrus manley,unknown
4026,Jealousy,jealousy,unknown
4027,Honesty,honesty,unknown
4028,Conscience,conscience,unknown
4029,Libido,libido,unknown
4030,Thomas Pynchon,thomas pynchon,unknown
4031,Springfieldites,springfieldites,unknown
4032,Ashley Olsen,ashley olsen,unknown
4033,Mary-Kate Olsen,mary-kate olsen,unknown
4034,Elderly Librarian,elderly librarian,unknown
4036,MARGARINE OF ARAGON,margarine of aragon,unknown
4037,Court Herald,court herald,unknown
4038,Royal Physician,royal physician,unknown
4039,Prince Bart,prince bart,unknown
4040,Margarine,margarine,unknown
4041,Thomas More,thomas more,unknown
4042,Barrister,barrister,unknown
4043,Anne Boleyn,anne boleyn,unknown
4044,Archbishop Lovejoy,archbishop lovejoy,unknown
4045,Jane Seymour,jane seymour,unknown
4046,Next Wife #2,next wife 2,unknown
4047,Next Wife #3,next wife 3,unknown
4048,Anne of Cleves,anne of cleves,unknown
4049,Advisor Moe,advisor moe,unknown
4050,Chief Homer,chief homer,unknown
4051,Sacagawea,sacagawea,unknown
4052,Charbonneau,charbonneau,unknown
4053,Explorers,explorers,unknown
4054,Mozart,mozart,unknown
4055,Salieri,salieri,unknown
4056,RAINER WOLFCASTLE,rainer wolfcastle,unknown
4057,Fops,fops,unknown
4058,Emperor Joseph II,emperor joseph ii,unknown
4059,Knight Chorus,knight chorus,unknown
4035,Henry VIII,henry viii,m
4060,LADIES IN WAITING CHORUS,ladies in waiting chorus,unknown
4061,Female Soloist,female soloist,unknown
4062,Fop #1,fop 1,unknown
4063,Fop #2,fop 2,unknown
4064,Chancellor Smithers,chancellor smithers,unknown
4065,Beethoven,beethoven,unknown
4066,Crazies,crazies,unknown
4067,Isabel Sanford,isabel sanford,unknown
4068,'70s Announcer,70s announcer,unknown
4069,Paul Lynde,paul lynde,unknown
4070,Nadia Comaneci,nadia comaneci,unknown
4071,Lancelot Link,lancelot link,unknown
4072,K.I.T.T.,kitt,unknown
4073,Salem the Cat,salem the cat,unknown
4074,Mr. Ed,mr ed,unknown
4075,Woman Bystander,woman bystander,unknown
4076,SCRATCHY'S FACE,scratchys face,unknown
4077,Indigent Man,indigent man,unknown
4078,"""Yesss"" Man",yesss man,unknown
4079,Airline Employee,airline employee,unknown
4080,Boy #2,boy 2,unknown
4081,Cap City Boys,cap city boys,unknown
4082,Little Milhouse,little milhouse,unknown
4083,Indigent Woman,indigent woman,unknown
4084,Miss Wickerbottom,miss wickerbottom,unknown
4085,Phonic Frog,phonic frog,unknown
4087,Ticket Vendor,ticket vendor,unknown
4088,Creepy Little Girl,creepy little girl,unknown
4089,Mysterious Noise,mysterious noise,unknown
4090,Sec Agent #1,sec agent 1,unknown
4091,Sec Agent #2,sec agent 2,unknown
4092,Committee Chairwoman,committee chairwoman,unknown
4093,Congressional Committee,congressional committee,unknown
4094,Arties,arties,unknown
4095,Female Ticket Vendor,female ticket vendor,unknown
4096,Human Senator,human senator,unknown
4097,2nd Voice,2nd voice,unknown
4098,Enormous Robot,enormous robot,unknown
4099,Miner Father,miner father,unknown
4100,Jason,jason,unknown
4101,Jim-Jam,jim-jam,unknown
4102,Wise Alien,wise alien,unknown
4103,Geeky Programmer,geeky programmer,unknown
4104,Man In Suit,man in suit,unknown
4105,Vintner,vintner,unknown
4106,RANDALL,randall,unknown
4107,Randall Curtis,randall curtis,unknown
4108,Germans,germans,unknown
4109,Alcoholics,alcoholics,unknown
4110,Kyle,kyle,unknown
4111,Greeter,greeter,unknown
4112,Store Employee,store employee,unknown
4113,Juvies,juvies,unknown
4114,Crowd Of Mice,crowd of mice,unknown
4115,Juvie #1,juvie 1,unknown
4117,Girl Juvies,girl juvies,unknown
4118,Boy Juvie,boy juvie,unknown
4119,Juvie #2,juvie 2,unknown
4120,Juvie Girl,juvie girl,unknown
4121,Female Alien,female alien,unknown
4122,Blacksmith,blacksmith,unknown
4123,Skinner On Plaque,skinner on plaque,unknown
4124,CYBORG SPIDER MRS. SKINNER,cyborg spider mrs skinner,unknown
4125,Wedding Guests,wedding guests,unknown
4126,White Rabbit,white rabbit,unknown
4127,Hulk,hulk,unknown
4128,Klingons,klingons,unknown
4129,PRINCIPAL SKINNER CT,principal skinner ct,unknown
4130,Klingon #1,klingon 1,unknown
4131,Klingon #2,klingon 2,unknown
4132,Convention Freak,convention freak,unknown
4133,Klingon Wedding Minister,klingon wedding minister,unknown
4134,Unrecognizable Simpsons,unrecognizable simpsons,unknown
4135,Uncle Tyrone,uncle tyrone,unknown
4136,Ryan O'Neal,ryan oneal,unknown
4137,Ali McGraw,ali mcgraw,unknown
4138,Miami Passengers,miami passengers,unknown
4139,Fit Man,fit man,unknown
4140,10 Years Younger Homer,10 years younger homer,unknown
4141,10 Years Younger Marge,10 years younger marge,unknown
4142,Female Gate Announcer,female gate announcer,unknown
4143,1st Class Stewardess,1st class stewardess,unknown
4144,Hotel Operator,hotel operator,unknown
4145,Young Wife,young wife,unknown
4146,Young Husband,young husband,unknown
4147,Animal Character,animal character,unknown
4148,Widow #1,widow 1,unknown
4149,Widow #2,widow 2,unknown
4150,Widows,widows,unknown
4151,Attractive Widow,attractive widow,unknown
4152,Raoul,raoul,unknown
4153,American Skipper,american skipper,unknown
4154,Canadian Skipper,canadian skipper,unknown
4155,AMERICAN/CANADIAN SKIPPERS,americancanadian skippers,unknown
4156,Contestant #1,contestant 1,unknown
4157,Contestant #2,contestant 2,unknown
4158,Farmer Billy,farmer billy,unknown
4159,Pig Owner,pig owner,unknown
4160,Salad,salad,unknown
4161,Nichelle Nichols,nichelle nichols,unknown
4162,Pie #1,pie 1,unknown
4163,Pie #2,pie 2,unknown
4086,Simon,simon,m
4167,Girl Scout,girl scout,unknown
4168,Dalai Lama,dalai lama,unknown
4170,10-Year-Old Lenny,10-year-old lenny,unknown
4171,10-Year-Old Carl,10-year-old carl,unknown
4172,T.J.,tj,unknown
4173,Ms. Killebrew,ms killebrew,unknown
4174,TEN-YEAR-OLD MARGE,ten-year-old marge,unknown
4175,Young Helen,young helen,unknown
4176,Homer's Mind,homers mind,unknown
4177,Marge's Mind,marges mind,unknown
4178,Guard On Walkie-talkie,guard on walkie-talkie,unknown
4179,Junkies,junkies,unknown
4180,Barney's Voice,barneys voice,unknown
4181,Managing Editor,managing editor,unknown
4182,Eager Young Reporter,eager young reporter,unknown
4183,GOLF-COURSE EMPLOYEE,golf-course employee,unknown
4184,Other Golfers,other golfers,unknown
4186,Elderly Southern Senator,elderly southern senator,unknown
4187,Other Senators,other senators,unknown
4188,Aide #1,aide 1,unknown
4189,Aide #2,aide 2,unknown
4190,Swat Team Leader,swat team leader,unknown
4191,Detainee #1,detainee 1,unknown
4192,Detainee #3,detainee 3,unknown
4193,U.S. Constitution,us constitution,unknown
4194,Bill O' Rights,bill o rights,unknown
4195,Old Coot,old coot,unknown
4196,Young Guard,young guard,unknown
4197,Immigration Officer,immigration officer,unknown
4198,Girlfriend,girlfriend,unknown
4199,Cartoon Eagle,cartoon eagle,unknown
4200,NVA SGT.,nva sgt,unknown
4201,Alien Boss,alien boss,unknown
4202,Harlot,harlot,unknown
4205,Dr. Bartley,dr bartley,unknown
4206,Cockney Woman,cockney woman,unknown
4207,Peter Pan,peter pan,unknown
4208,Purveyor,purveyor,unknown
4209,Stool,stool,unknown
4210,Mao,mao,unknown
4211,Ebenezer Burns,ebenezer burns,unknown
4212,Addicts,addicts,unknown
4213,Lord Mayor Quimby,lord mayor quimby,unknown
4214,Pleasant Female Voice,pleasant female voice,unknown
4215,Blackula,blackula,unknown
4216,2nd Homer,2nd homer,unknown
4217,Potluckers,potluckers,unknown
4218,Marge's Face,marges face,unknown
4219,Billy Bullion Cube,billy bullion cube,unknown
4220,STUART,stuart,unknown
4221,James Caan,james caan,unknown
4222,Head Judge,head judge,unknown
4223,Twinkle the Kidd,twinkle the kidd,unknown
4224,PRINGLES-TYPE MAN,pringles-type man,unknown
4225,Koobler Dwarf,koobler dwarf,unknown
4226,Food Icons,food icons,unknown
4227,Eight-year-old Girl,eight-year-old girl,unknown
4228,Eight-year-old Girl's Friend,eight-year-old girls friend,unknown
4229,Male Clerk,male clerk,unknown
4230,Reflection,reflection,unknown
4231,Mr. Muntz,mr muntz,unknown
4232,News Crew Member #1,news crew member 1,unknown
4233,News Crew Member #2,news crew member 2,unknown
4235,Bob Dylan,bob dylan,unknown
4236,Teenage Moe,teenage moe,unknown
4237,Lisa's Reflection,lisas reflection,unknown
4238,Hard-bitten Man,hard-bitten man,unknown
4239,Conf. Delegate,conf delegate,unknown
4240,Man Caught In Lava,man caught in lava,unknown
4241,SPONGE BOB,sponge bob,unknown
4242,Sgt. Activity,sgt activity,unknown
4243,Lt. Adventure,lt adventure,unknown
4244,Exhibitor #1,exhibitor 1,unknown
4245,Exhibitor #3,exhibitor 3,unknown
4246,Retailers,retailers,unknown
4248,Chum,chum,unknown
4249,Homer's Muzzle,homers muzzle,unknown
4250,Employment Counselor,employment counselor,unknown
4251,Border Agent,border agent,unknown
4252,Canadians,canadians,unknown
4253,Pharmacist,pharmacist,unknown
4254,U.S. Border Guard,us border guard,unknown
4255,2nd U.S. Border Guard,2nd us border guard,unknown
4256,Los Jacquitos Leader,los jacquitos leader,unknown
4257,Mountie,mountie,unknown
4258,Canadian Official #1,canadian official 1,unknown
4259,Canadian Official #2,canadian official 2,unknown
4260,Server #1,server 1,unknown
4261,Server #2,server 2,unknown
4262,Health Inspector,health inspector,unknown
4263,New Health Inspector,new health inspector,unknown
4264,Loan Officer,loan officer,unknown
4265,Drunks,drunks,unknown
4266,Three Of Diamonds,three of diamonds,unknown
4267,Five Of Diamonds,five of diamonds,unknown
4268,Jack Of Clubs,jack of clubs,unknown
4269,Eight Of Clubs,eight of clubs,unknown
4204,Eliza,eliza,f
4169,10-Year-Old Homer,10-year-old homer,m
4185,Nash Castor,nash castor,m
4203,Inspector Wiggum,inspector wiggum,m
4247,Goose Gladwell,goose gladwell,m
4270,Jack Of Diamonds,jack of diamonds,unknown
4271,SQUEAKY-VOICED TEEN ATTENDANT,squeaky-voiced teen attendant,unknown
4272,Toddler,toddler,unknown
4273,MOE-BIRD,moe-bird,unknown
4274,Moe's Thoughts,moes thoughts,unknown
4275,France,france,unknown
4276,Japan,japan,unknown
4277,Botswana,botswana,unknown
4278,Antarctica,antarctica,unknown
4279,Italian Tour Guide,italian tour guide,unknown
4280,Italian Plumber,italian plumber,unknown
4281,AFRICAN-AMERICAN MAN,african-american man,unknown
4282,Deion Overstreet,deion overstreet,unknown
4283,Grandson,grandson,unknown
4284,Grandfather,grandfather,unknown
4285,Timmy,timmy,unknown
4286,LeBron James,lebron james,unknown
4287,Michelle Kwan,michelle kwan,unknown
4288,Yao Ming,yao ming,unknown
4289,Mr. Burns Logo,mr burns logo,unknown
4290,Captain McCallister's Head,captain mccallisters head,unknown
4291,Espn-style Anchorman #1,espn-style anchorman 1,unknown
4292,Espn-style Anchorman #2,espn-style anchorman 2,unknown
4293,Warren Sapp,warren sapp,unknown
4294,Tom Brady,tom brady,unknown
4295,Huge Man #1,huge man 1,unknown
4296,Commissioner,commissioner,unknown
4297,Texas Owner,texas owner,unknown
4298,Nfl Film-type Announcer,nfl film-type announcer,unknown
4299,Different Man,different man,unknown
4300,Super Bowl Crowd,super bowl crowd,unknown
4301,Game Show Audience,game show audience,unknown
4302,Anchorman,anchorman,unknown
4303,Alcatraaaz,alcatraaaz,unknown
4304,Woman In Crowd,woman in crowd,unknown
4305,50 Cent,50 cent,unknown
4306,FAMILIAR VOICE,familiar voice,unknown
4307,Deputy,deputy,unknown
4308,Bart on Tape,bart on tape,unknown
4309,Tailor,tailor,unknown
4310,Needy Woman,needy woman,unknown
4311,Posse,posse,unknown
4312,HOWELL HUSER,howell huser,unknown
4313,Kitchen Wizard,kitchen wizard,unknown
4314,Calypso Singer,calypso singer,unknown
4315,Calypso Chorus,calypso chorus,unknown
4316,Veronica,veronica,unknown
4317,Homers,homers,unknown
4318,Leslie,leslie,unknown
4319,Ranger Johnson,ranger johnson,unknown
4320,Store Manager,store manager,unknown
4321,Backpack,backpack,unknown
4322,Gary Busey,gary busey,unknown
4323,Dutchwoman,dutchwoman,unknown
4324,Frenchman,frenchman,unknown
4325,SIX-YEAR-OLD-BART,six-year-old-bart,unknown
4326,4-Year-Old Lisa,4-year-old lisa,unknown
4327,Robert Wagner,robert wagner,unknown
4328,Active Woman,active woman,unknown
4329,Mr. Zhao,mr zhao,unknown
4330,Chinese Dragon,chinese dragon,unknown
4331,Red Dragon,red dragon,unknown
4332,Chinese Pilot,chinese pilot,unknown
4333,Chinese Co-pilot,chinese co-pilot,unknown
4334,Functionary,functionary,unknown
4336,Barbarian,barbarian,unknown
4337,2nd Barbarian,2nd barbarian,unknown
4338,Chinese Uncle Ben,chinese uncle ben,unknown
4339,Chinese Willy,chinese willy,unknown
4340,Chinese Announcer,chinese announcer,unknown
4341,Disgruntled Audience Member,disgruntled audience member,unknown
4342,Disgruntled Audience Member #2,disgruntled audience member 2,unknown
4343,Disgruntled Audience Member #3,disgruntled audience member 3,unknown
4344,Chinese Acrobats,chinese acrobats,unknown
4345,Ling,ling,unknown
4346,Chinese Man,chinese man,unknown
4347,Chinese Guard #1,chinese guard 1,unknown
4348,Chinese Guard #2,chinese guard 2,unknown
4349,David Silverman,david silverman,unknown
4350,Muscular Homer,muscular homer,unknown
4351,Brenda,brenda,unknown
4352,Roger,roger,unknown
4353,Fashionable Lady,fashionable lady,unknown
4354,Andrew Jackson,andrew jackson,unknown
4355,New England Rv-er,new england rv-er,unknown
4356,Martha,martha,unknown
4357,Southern Rv-er,southern rv-er,unknown
4358,Jesus,jesus,unknown
4359,Rv-ers,rv-ers,unknown
4360,Square Dance Caller,square dance caller,unknown
4361,Suv Families,suv families,unknown
4362,Turkish Captain,turkish captain,unknown
4363,Turkish Crewman,turkish crewman,unknown
4364,Male Tenor,male tenor,unknown
4365,Springfield Billy,springfield billy,unknown
4366,Female Theatergoer,female theatergoer,unknown
4367,Snobby Older Male Theatergoer,snobby older male theatergoer,unknown
4368,Snobby Theatergoers,snobby theatergoers,unknown
4369,Basketball Player,basketball player,unknown
4370,Oboist,oboist,unknown
4371,Frank Gehry,frank gehry,unknown
5087,ALEPPO,aleppo,unknown
4372,Shelbyvillians,shelbyvillians,unknown
4373,Officer Krackney,officer krackney,unknown
4376,Jenda,jenda,unknown
4378,Teenage Nelson,teenage nelson,unknown
4379,Sherri's Belly,sherris belly,unknown
4380,Terri's Belly,terris belly,unknown
4381,Assistant Principal Kearney,assistant principal kearney,unknown
4382,Teenage Ralph,teenage ralph,unknown
4383,Angry Rainbows,angry rainbows,unknown
4384,Teenage Martin,teenage martin,unknown
4385,Robo-Wiggum,robo-wiggum,unknown
4387,MOE-CLONE,moe-clone,unknown
4388,Uni-clams,uni-clams,unknown
4389,Sad Uni-clam,sad uni-clam,unknown
4390,Spider Moe,spider moe,unknown
4391,Graduates,graduates,unknown
4392,Teenage Sherri,teenage sherri,unknown
4393,50-ish Lisa,50-ish lisa,unknown
4394,50-ish Milhouse,50-ish milhouse,unknown
4395,VICE-PRESIDENT CLETUS,vice-president cletus,unknown
4396,Knockers Waitress,knockers waitress,unknown
4397,President Homer,president homer,unknown
4398,Record,record,unknown
4399,Brooklyn Private,brooklyn private,unknown
4400,Sergeant Skinner,sergeant skinner,unknown
4401,Stapled Soldier,stapled soldier,unknown
4402,Army Men,army men,unknown
4403,Vending Machine,vending machine,unknown
4404,Vending Machine #2,vending machine 2,unknown
4406,German Backpacker,german backpacker,unknown
4407,Female German Backpacker,female german backpacker,unknown
4408,German Student,german student,unknown
4409,Sadistic German Backpacker,sadistic german backpacker,unknown
4410,Clarissa Wellington,clarissa wellington,unknown
4411,Cameron Winklevoss,cameron winklevoss,unknown
4412,TEENAGE P.A.,teenage pa,unknown
4413,Bored Voice,bored voice,unknown
4414,10-year-old-girl,10-year-old-girl,unknown
4415,Photography Club,photography club,unknown
4416,Buddhist Monk,buddhist monk,unknown
4417,Anguished Woman,anguished woman,unknown
4418,MAN IN DEVIL SUIT,man in devil suit,unknown
4419,Marine Biologist,marine biologist,unknown
4420,Bookstore Clerk,bookstore clerk,unknown
4421,EURO-TRASH VOICE,euro-trash voice,unknown
4422,ARCHANGEL,archangel,unknown
4423,Demon,demon,unknown
4424,Dean Martin,dean martin,unknown
4425,Public Radio Announcer,public radio announcer,unknown
4426,Female Radio Host,female radio host,unknown
4427,Stefan Whitmore,stefan whitmore,unknown
4428,Bohemian-looking Man,bohemian-looking man,unknown
4429,Goat,goat,unknown
4430,Katja,katja,unknown
4431,Vicki,vicki,unknown
4432,Male Crowd,male crowd,unknown
4433,Clay,clay,unknown
4434,Humbleton Passersby,humbleton passersby,unknown
4435,Humbleton Man,humbleton man,unknown
4436,Humbleton Woman,humbleton woman,unknown
4437,Jason Bateman,jason bateman,unknown
4438,Sister Thomasina,sister thomasina,unknown
4440,Sean's Dad,seans dad,unknown
4441,Young Sean,young sean,unknown
4442,St. Sebastian,st sebastian,unknown
4443,Dying Soldier,dying soldier,unknown
4444,Church Women,church women,unknown
4445,Croquet Player #1,croquet player 1,unknown
4446,Croquet Player #2,croquet player 2,unknown
4447,Emcee,emcee,unknown
4448,Pious Riot,pious riot,unknown
4449,Band Member,band member,unknown
4450,Band Members,band members,unknown
4451,1st Leader,1st leader,unknown
4452,2nd Leader,2nd leader,unknown
4453,1st Army,1st army,unknown
4454,2nd Army,2nd army,unknown
4455,Oakland Player,oakland player,unknown
4456,1st Actress,1st actress,unknown
4457,2nd Actress,2nd actress,unknown
4458,Character,character,unknown
4459,SEA CREATURE,sea creature,unknown
4460,Caleb Thorn,caleb thorn,unknown
4461,MANATEE,manatee,unknown
4462,Victor,victor,unknown
4463,Uncle John,uncle john,unknown
4464,Aunt Kathy,aunt kathy,unknown
4465,Randy,randy,unknown
4466,Jet Skier #1,jet skier 1,unknown
4467,Jet Skier #2,jet skier 2,unknown
4468,Jet Skiers,jet skiers,unknown
4469,Vampire Puppet,vampire puppet,unknown
4470,Frederick Ives Hologram,frederick ives hologram,unknown
4471,Katherine Blodgett Hologram,katherine blodgett hologram,unknown
4472,Alexander Graham Bell Hologram,alexander graham bell hologram,unknown
4473,Elisha Gray Hologram,elisha gray hologram,unknown
4405,Tab Spangler,tab spangler,m
4439,Father Sean,father sean,m
4386,Bender,bender,m
4474,Museum Head,museum head,unknown
4475,SHADOWY CREATURE,shadowy creature,unknown
4476,Plant Monster,plant monster,unknown
4477,Pane Of Glass,pane of glass,unknown
4478,Shrimp Monster,shrimp monster,unknown
4479,Milton Burkhart,milton burkhart,unknown
4480,Gravedigger Billy,gravedigger billy,unknown
4481,Cowboy In Black,cowboy in black,unknown
4482,Ben Cartwright,ben cartwright,unknown
4483,Child Therapist,child therapist,unknown
4484,2-Year-Old Bart,2-year-old bart,unknown
4485,Grandmotherly Woman,grandmotherly woman,unknown
4486,Bart Spider,bart spider,unknown
4487,Milhouse Slug,milhouse slug,unknown
4488,Wild Beast #1,wild beast 1,unknown
4489,Wild Beast #2,wild beast 2,unknown
4490,Wild Beast #3,wild beast 3,unknown
4491,WILD BEASTS,wild beasts,unknown
4492,Emotional Woman,emotional woman,unknown
4493,Amer-asian Girl,amer-asian girl,unknown
4494,Bratty Teenage Boy,bratty teenage boy,unknown
4495,Bratty Teenage Boy #2,bratty teenage boy 2,unknown
4496,Bratty Teenage Boy #3,bratty teenage boy 3,unknown
4497,Therapist,therapist,unknown
4498,Old Robot,old robot,unknown
4499,Silver-haired Priest,silver-haired priest,unknown
4500,Bunny,bunny,unknown
4501,Terry Bradshaw,terry bradshaw,unknown
4502,Angels,angels,unknown
4503,Grampa Gorilla,grampa gorilla,unknown
4504,Dracula Hibbert,dracula hibbert,unknown
4505,Einstein Lisa,einstein lisa,unknown
4506,Homer's Head,homers head,unknown
4507,Werewolf Bart,werewolf bart,unknown
4508,Apu Robot,apu robot,unknown
4509,Moe Pacifier,moe pacifier,unknown
4510,Lenny Pacifier,lenny pacifier,unknown
4511,Dennis Rodman Pacifier,dennis rodman pacifier,unknown
4512,Strongman,strongman,unknown
4513,British Woman,british woman,unknown
4514,Old Marge,old marge,unknown
4515,Artsy Clerk,artsy clerk,unknown
4516,Pirate,pirate,unknown
4517,Wolfcastle Supporters,wolfcastle supporters,unknown
4518,Bunny Referee,bunny referee,unknown
4519,Women On Tour,women on tour,unknown
4520,Dolphin,dolphin,unknown
4521,Thought Bubble Marge,thought bubble marge,unknown
4522,Nana,nana,unknown
4523,Younger Milhouse,younger milhouse,unknown
4524,Italian Woman,italian woman,unknown
4525,Sheila,sheila,unknown
4526,Tammy's Husband,tammys husband,unknown
4527,Kolani,kolani,unknown
4528,Titi,titi,unknown
4529,Nene Bird,nene bird,unknown
4530,Lamborgotti Executive,lamborgotti executive,unknown
4531,Goat Woman,goat woman,unknown
4532,Female Grape Stomper,female grape stomper,unknown
4533,Male Grape Stomper,male grape stomper,unknown
4534,Francesca Terwilliger,francesca terwilliger,unknown
4535,Gino,gino,unknown
4536,Italian Sausage Maker,italian sausage maker,unknown
4537,GOAT LADY,goat lady,unknown
4538,Gondola Driver,gondola driver,unknown
4540,Joseph,joseph,unknown
4541,Hibbert Wise Man,hibbert wise man,unknown
4542,Skinner Wise Man,skinner wise man,unknown
4543,Frink Wise Man,frink wise man,unknown
4544,King Herod,king herod,unknown
4545,Shepherd Carl,shepherd carl,unknown
4546,Shepherd Lenny,shepherd lenny,unknown
4547,WISE MAN HIBBERT,wise man hibbert,unknown
4548,Baby Jesus,baby jesus,unknown
4549,Matthew,matthew,unknown
4550,Impaled Roman Soldiers,impaled roman soldiers,unknown
4551,Energizer Bunny,energizer bunny,unknown
4552,Battery,battery,unknown
4553,Cyrus,cyrus,unknown
4555,Elderly Cyrus,elderly cyrus,unknown
4556,Native Wives,native wives,unknown
4557,Coin Basket,coin basket,unknown
4559,Local Announcer,local announcer,unknown
4560,William H. Macy,william h macy,unknown
4561,Spanish Captain,spanish captain,unknown
4562,Spanish Sailor,spanish sailor,unknown
4563,Painter,painter,unknown
4564,Toddler Homer,toddler homer,unknown
4565,40-ish Grampa,40-ish grampa,unknown
4566,Myra,myra,unknown
4567,Large Frog,large frog,unknown
4568,6th Graders,6th graders,unknown
4569,Desk Agent,desk agent,unknown
4570,Fun Homer,fun homer,unknown
4571,Serious Homer,serious homer,unknown
4572,Stavros,stavros,unknown
4573,Salvation Army Driver,salvation army driver,unknown
4574,Bart-Jack,bart-jack,unknown
4575,Bart-waitress,bart-waitress,unknown
4576,Bart Head,bart head,unknown
5192,Film Loop,film loop,unknown
4539,Mary,mary,f
4577,Coach Krupt,coach krupt,m
4558,MASON,mason,m
4578,Go-cart Worker,go-cart worker,unknown
4579,Eli Stern VI,eli stern vi,unknown
4580,Willie's Dad,willies dad,unknown
4581,Baby Willie,baby willie,unknown
4582,Scottish Nurse,scottish nurse,unknown
4583,Groundskeeper Willie's Reflection,groundskeeper willies reflection,unknown
4584,Moe Recording,moe recording,unknown
4586,Charity Titters,charity titters,unknown
4587,Panic Room,panic room,unknown
4588,Bighorn Sheep,bighorn sheep,unknown
4589,Mr. Burns's Reflection,mr burnss reflection,unknown
4590,Pompous Explorer,pompous explorer,unknown
4591,Susan Sarandon,susan sarandon,unknown
4592,Randy Johnson,randy johnson,unknown
4593,Hispanic Man,hispanic man,unknown
4594,Antonio Fargas,antonio fargas,unknown
4595,Female Animal Caretaker,female animal caretaker,unknown
4596,Toot-Toot,toot-toot,unknown
4597,Party Goers,party goers,unknown
4598,Cold Sore,cold sore,unknown
4599,Nascar-type Announcer,nascar-type announcer,unknown
4600,SMOOTH-VOICED MAN,smooth-voiced man,unknown
4601,Dan Castellaneta,dan castellaneta,unknown
4602,Contestant #3,contestant 3,unknown
4603,Female Producer,female producer,unknown
4604,Verity,verity,unknown
4605,Panicky Cameraman,panicky cameraman,unknown
4607,Fox Cameraman,fox cameraman,unknown
4608,Irish Housekeeper,irish housekeeper,unknown
4609,Sports Anchor #2,sports anchor 2,unknown
4610,Point 'n' Laugh,point n laugh,unknown
4611,Rob Reiner,rob reiner,unknown
4612,Celebrity Impersonators,celebrity impersonators,unknown
4613,Owners,owners,unknown
4614,Battleaxe Female Owner,battleaxe female owner,unknown
4615,Mike Wallace,mike wallace,unknown
4616,Dr. Egoyan,dr egoyan,unknown
4617,Charlie Chaplin,charlie chaplin,unknown
4618,Jaquitos Leader,jaquitos leader,unknown
4619,Spanish P.A. Announcer,spanish pa announcer,unknown
4620,Male Factory Worker,male factory worker,unknown
4621,Female Factory Worker,female factory worker,unknown
4622,Pleading Factory Worker,pleading factory worker,unknown
4623,Factory Workers,factory workers,unknown
4624,Factory Worker #1,factory worker 1,unknown
4625,Factory Worker #2,factory worker 2,unknown
4626,Plant Workers,plant workers,unknown
4628,STARGATE CONVENTIONEERS,stargate conventioneers,unknown
4629,College Nerd,college nerd,unknown
4630,COLLEGE NERD #2,college nerd 2,unknown
4631,Indian Passenger,indian passenger,unknown
4632,Indian Man,indian man,unknown
4633,INDIAN MAN #2,indian man 2,unknown
4634,Indian Workers,indian workers,unknown
4635,Indian Worker #1,indian worker 1,unknown
4636,Indian Worker #2,indian worker 2,unknown
4637,Indian Worker #3,indian worker 3,unknown
4638,Kavi,kavi,unknown
4639,Indian Assistant,indian assistant,unknown
4640,Indian Bodyguard,indian bodyguard,unknown
4641,Richard Dean Anderson's Thoughts,richard dean andersons thoughts,unknown
4642,Beefeater Lenny,beefeater lenny,unknown
4643,Beefeater Carl,beefeater carl,unknown
4644,FLANDISH,flandish,unknown
4645,Moezekiel,moezekiel,unknown
4646,Mayflower Crew,mayflower crew,unknown
4647,Pilgrims,pilgrims,unknown
4648,Pilgrim Smithers,pilgrim smithers,unknown
4649,Brother Willie,brother willie,unknown
4650,Fletcher Christian,fletcher christian,unknown
4652,Crew,crew,unknown
4653,Bosun Willie,bosun willie,unknown
4654,King Homer,king homer,unknown
4655,Queen Marge,queen marge,unknown
4656,Tahitian Man,tahitian man,unknown
4657,Sculptor,sculptor,unknown
4658,Tahitian Juggler,tahitian juggler,unknown
4659,Half Of Crew,half of crew,unknown
4660,Capt. Burns,capt burns,unknown
4661,Old Jewish Woman,old jewish woman,unknown
4662,Surviving Men,surviving men,unknown
4663,CHIEF PETTY OFFICER WIGGUM,chief petty officer wiggum,unknown
4664,C.P.O. Wiggum,cpo wiggum,unknown
4665,Gilbert O. Sullivan,gilbert o sullivan,unknown
4666,Wise Old Cat,wise old cat,unknown
4667,Baby Itchy,baby itchy,unknown
4668,Knives,knives,unknown
4669,Hip Audience Members,hip audience members,unknown
4670,Juliana Krellner,juliana krellner,unknown
4671,Principal Upfoot,principal upfoot,unknown
4672,Mr. Pierce,mr pierce,unknown
4673,Assistant G.K. Skinner,assistant gk skinner,unknown
4674,Greater Than Or Equal To Sign,greater than or equal to sign,unknown
4675,Number 8,number 8,unknown
4676,Number 27,number 27,unknown
4606,Charles Heathbar,charles heathbar,m
4627,Richard Dean Anderson,richard dean anderson,m
4651,Bligh,bligh,m
4677,MELANIE UPFOOT,melanie upfoot,unknown
4678,Sal Bando,sal bando,unknown
4679,Gene Tenace,gene tenace,unknown
4680,Mail Lady,mail lady,unknown
4681,Bride,bride,unknown
4682,Housekeeper #1,housekeeper 1,unknown
4683,Housekeeper #2,housekeeper 2,unknown
4684,Housekeepers,housekeepers,unknown
4685,Facilitator,facilitator,unknown
4686,Bachelor #1,bachelor 1,unknown
4687,Grumpy-looking Man,grumpy-looking man,unknown
4688,Effeminate Bachelor,effeminate bachelor,unknown
4689,Good-looking Bachelor,good-looking bachelor,unknown
4690,Twin Guy #1,twin guy 1,unknown
4691,The Players,the players,unknown
4692,Will Smith,will smith,unknown
4693,Museum Employee,museum employee,unknown
4694,Imax Narrator,imax narrator,unknown
4695,Melanie Griffith,melanie griffith,unknown
4696,Little Moe Szyslak,little moe szyslak,unknown
4697,Clarisse Drummond,clarisse drummond,unknown
4698,Wallace Brady,wallace brady,unknown
4699,Scientist-type,scientist-type,unknown
4700,DETECTIVE #1,detective 1,unknown
4701,Detective #2,detective 2,unknown
4702,HUNCH,hunch,unknown
4703,Female Left-fielder,female left-fielder,unknown
4705,BUCK/TABITHA,bucktabitha,unknown
4706,Sports Talk Radio Host,sports talk radio host,unknown
4707,2nd Duffman,2nd duffman,unknown
4708,DUFFMEN,duffmen,unknown
4709,Tito,tito,unknown
4710,Dragon,dragon,unknown
4711,James Hetfield,james hetfield,unknown
4712,Lars Ulrich,lars ulrich,unknown
4713,Kirk Hammett,kirk hammett,unknown
4714,Robert Trujillo,robert trujillo,unknown
4716,Spirits,spirits,unknown
4717,Calabresis,calabresis,unknown
4718,Dante Calabresi,dante calabresi,unknown
4719,DANTE JR.,dante jr,unknown
4720,Primo,primo,unknown
4721,Dr. Brentano,dr brentano,unknown
4722,Homer Drums,homer drums,unknown
4723,Jack White,jack white,unknown
4724,Meg White,meg white,unknown
4725,Skinny,skinny,unknown
4726,JAZZ MUSICIAN #2/MARBLES,jazz musician 2marbles,unknown
4727,Marbles,marbles,unknown
4728,Mutt,mutt,unknown
4729,Smiley,smiley,unknown
4730,GRIZZLED FEMALE VOICE,grizzled female voice,unknown
4731,Tootsie Childs,tootsie childs,unknown
4732,Persian Salesman,persian salesman,unknown
4733,CLARA PELLER,clara peller,unknown
4734,ROCKY BALBOA,rocky balboa,unknown
4735,Nascar Announcer,nascar announcer,unknown
4736,Contractors,contractors,unknown
4737,Contractor #1,contractor 1,unknown
4738,Contractor #2,contractor 2,unknown
4739,Mr. Peanut,mr peanut,unknown
4740,Coaster Weirdoes,coaster weirdoes,unknown
4741,Male Coaster Weirdo,male coaster weirdo,unknown
4742,Female Coaster Weirdo,female coaster weirdo,unknown
4743,Teen Girl,teen girl,unknown
4744,SIR MIX-A-LOT,sir mix-a-lot,unknown
4745,50-Foot Lenny,50-foot lenny,unknown
4746,Invisible Carl,invisible carl,unknown
4747,SOUTHERN TV THERAPIST,southern tv therapist,unknown
4748,DR. PHIL,dr phil,unknown
4749,Fudge Box,fudge box,unknown
4750,Heckler #1,heckler 1,unknown
4751,Heckler #2,heckler 2,unknown
4752,Shape,shape,unknown
4753,Golem,golem,unknown
4754,Female Golem,female golem,unknown
4755,Orson Welles,orson welles,unknown
4756,Production Assistant,production assistant,unknown
4757,Recruiter #1,recruiter 1,unknown
4758,Recruiter #2,recruiter 2,unknown
4759,Drill Sergeant,drill sergeant,unknown
4760,Female Sergeant,female sergeant,unknown
4761,Cereal Captain,cereal captain,unknown
4762,Southern Soldier,southern soldier,unknown
4763,Assorted Townspeople,assorted townspeople,unknown
4764,Homeless Lady,homeless lady,unknown
4765,Meek Assistant,meek assistant,unknown
4766,Dwarf Cop,dwarf cop,unknown
4767,Tweedy Writers,tweedy writers,unknown
4768,Tom Wolfe,tom wolfe,unknown
4769,Admirers,admirers,unknown
4770,Festival Host,festival host,unknown
4771,Gore Vidal,gore vidal,unknown
4772,Woman At Festival,woman at festival,unknown
4773,Man At Festival,man at festival,unknown
4774,Michael Chabon,michael chabon,unknown
4775,Stoner In Audience,stoner in audience,unknown
4776,Jonathan Franzen,jonathan franzen,unknown
4777,Older Vermont Man,older vermont man,unknown
4778,Grad Students,grad students,unknown
4779,Vermont Woman,vermont woman,unknown
4780,Other Men,other men,unknown
4781,Max,max,unknown
4704,TABITHA,tabitha,f
4782,OLDER WOMAN'S VOICE,older womans voice,unknown
4783,Max's Widow,maxs widow,unknown
4784,Opal,opal,unknown
4785,Prof. Stein,prof stein,unknown
4786,Disclaimer,disclaimer,unknown
4787,Skinny Kid,skinny kid,unknown
4788,Anguished Man,anguished man,unknown
4789,iPod,ipod,unknown
4790,"DEWEY BUNNEL OF ""AMERICA""",dewey bunnel of america,unknown
4791,Spider-Man,spider-man,unknown
4792,Dr. Octopus,dr octopus,unknown
4793,Greystash,greystash,unknown
4794,ANGELICA,angelica,unknown
4795,Snake Wizard,snake wizard,unknown
4796,2-headed Woman,2-headed woman,unknown
4797,Dummy,dummy,unknown
4798,MUFFLED FEMALE VOICE,muffled female voice,unknown
4799,T.R. Francis,tr francis,unknown
4800,Galahad,galahad,unknown
4801,Maluicious Krubb,maluicious krubb,unknown
4802,Angelica Button,angelica button,unknown
4803,Telephone Worker,telephone worker,unknown
4804,Ice Dancers,ice dancers,unknown
4805,Elvis Stojko,elvis stojko,unknown
4806,Snowman,snowman,unknown
4807,Candy Cane,candy cane,unknown
4808,Grumple,grumple,unknown
4809,Phillip,phillip,unknown
4810,Costington's Daughter,costingtons daughter,unknown
4811,PEPPY FEMALE TV ANNOUNCER,peppy female tv announcer,unknown
4812,13-Year-Old Patty,13-year-old patty,unknown
4813,7-Year-Old Marge,7-year-old marge,unknown
4814,Leather-skinned Man,leather-skinned man,unknown
4815,Salespeople,salespeople,unknown
4816,Gil's Boss,gils boss,unknown
4817,Grumples,grumples,unknown
4818,Female Candy Worker,female candy worker,unknown
4819,Candy Workers,candy workers,unknown
4820,Male Candy Worker,male candy worker,unknown
4822,Zeke,zeke,unknown
4823,Grizzled Old Salt,grizzled old salt,unknown
4824,Fausto,fausto,unknown
4825,Voice From Diorama,voice from diorama,unknown
4826,Weather Forecaster,weather forecaster,unknown
4827,Preacher,preacher,unknown
4828,Man In I.N.S. Jacket,man in ins jacket,unknown
4829,Mermaid,mermaid,unknown
4830,GRUFF JAPANESE SAILOR,gruff japanese sailor,unknown
4831,Lumberjack,lumberjack,unknown
4832,Meaux,meaux,unknown
4833,Gendarme Wiggum,gendarme wiggum,unknown
4834,Footman Mel,footman mel,unknown
4835,All Partygoers,all partygoers,unknown
4836,Bandit,bandit,unknown
4837,Bart-man,bart-man,unknown
4838,The Serpent,the serpent,unknown
4839,Poison Lenny,poison lenny,unknown
4840,Bathing Beauty,bathing beauty,unknown
4841,Cletus' Son,cletus son,unknown
4842,NATIVE AMERICAN REPORTER,native american reporter,unknown
4843,John Squawking Bear,john squawking bear,unknown
4844,Hippie Hulk,hippie hulk,unknown
4845,PRETTY BLONDE GIRL,pretty blonde girl,unknown
4846,Teen Boy,teen boy,unknown
4847,Odd-looking Man,odd-looking man,unknown
4848,Darcy's Mom,darcys mom,unknown
4849,Darcy's Dad,darcys dad,unknown
4850,11-Year-Old Moe,11-year-old moe,unknown
4851,8-Year-Old Lenny,8-year-old lenny,unknown
4852,8-Year-Old Carl,8-year-old carl,unknown
4853,8-Year-Old Barney,8-year-old barney,unknown
4854,8-Year-Old Homer,8-year-old homer,unknown
4855,Other Children,other children,unknown
4856,8-Year-Old Wiggum,8-year-old wiggum,unknown
4857,16-Year-Old Wiggum,16-year-old wiggum,unknown
4858,24-Year-Old Wiggum,24-year-old wiggum,unknown
4859,32-Year-Old Wiggum,32-year-old wiggum,unknown
4860,24-Year-Old Homer,24-year-old homer,unknown
4861,Grieving Widow,grieving widow,unknown
4862,32-Year-Old Homer,32-year-old homer,unknown
4863,Band Leader,band leader,unknown
4864,8-Year-Old Frink,8-year-old frink,unknown
4865,8-Year-Old Eleanor,8-year-old eleanor,unknown
4866,24-Year-Old Eleanor,24-year-old eleanor,unknown
4867,32-Year-Old Eleanor,32-year-old eleanor,unknown
4868,8-Year-Old Marge,8-year-old marge,unknown
4869,8-Year-Old Comic Book Guy,8-year-old comic book guy,unknown
4870,24-Year-Old Marge,24-year-old marge,unknown
4871,Young Sea Captain,young sea captain,unknown
4872,Climber #1,climber 1,unknown
4873,Climber #2,climber 2,unknown
4874,Blind Climber,blind climber,unknown
4875,MANLY VOICE,manly voice,unknown
4876,James Patterson,james patterson,unknown
4877,Dark Stanley,dark stanley,unknown
4878,School Psychologist,school psychologist,unknown
4879,George W. Bush,george w bush,unknown
4880,12-YEAR-OLD YOKEL GIRL,12-year-old yokel girl,unknown
4881,11-YEAR OLD YOKEL GIRL,11-year old yokel girl,unknown
4882,10-YEAR OLD YOKEL BOY,10-year old yokel boy,unknown
4883,9-YEAR OLD YOKEL BOY,9-year old yokel boy,unknown
4884,8-YEAR OLD YOKEL GIRL,8-year old yokel girl,unknown
4885,7-YEAR OLD YOKEL BOY,7-year old yokel boy,unknown
4886,6-YEAR OLD YOKEL BOY,6-year old yokel boy,unknown
4887,Chinese Restaurateur,chinese restaurateur,unknown
4888,Dr. Swanson,dr swanson,unknown
4889,Videogame Narrator,videogame narrator,unknown
4890,Witney Spuckler,witney spuckler,unknown
4891,Jitney Spuckler,jitney spuckler,unknown
4892,BIRTHDAY,birthday,unknown
4893,INCEST,incest,unknown
4894,Spuckler Kids,spuckler kids,unknown
4895,CRYSTAL METH,crystal meth,unknown
4896,Stephen Sondheim,stephen sondheim,unknown
4897,Dog Statue,dog statue,unknown
4898,Psychologist,psychologist,unknown
4899,Andy Dick,andy dick,unknown
4900,Moon Cletus,moon cletus,unknown
4901,Selma's Brain,selmas brain,unknown
4902,Box Delivery Man,box delivery man,unknown
4903,Scariest Driver,scariest driver,unknown
4904,Delivery People,delivery people,unknown
4905,Winged Dragon,winged dragon,unknown
4906,Male Assistant,male assistant,unknown
4907,Female Assistant,female assistant,unknown
4908,Male Coworker,male coworker,unknown
4909,Male Dmv Suit,male dmv suit,unknown
4910,Female Dmv Suit,female dmv suit,unknown
4911,Flint Drywall,flint drywall,unknown
4912,Tabloid Editor,tabloid editor,unknown
4913,Paris Texan,paris texan,unknown
4914,Rose Quimby,rose quimby,unknown
4915,MARIA SHRIVER KENNEDY QUIMBY,maria shriver kennedy quimby,unknown
4916,Celebrities,celebrities,unknown
4917,Enrico Irritazio,enrico irritazio,unknown
4918,Attractive Woman #1,attractive woman 1,unknown
4919,Attractive Woman #2,attractive woman 2,unknown
4920,Portly Wizard,portly wizard,unknown
4921,Elf Marge,elf marge,unknown
4922,VENDOR APU,vendor apu,unknown
4923,Large Cobra,large cobra,unknown
4924,Enchantress Krabappel,enchantress krabappel,unknown
4925,Bird Skinner,bird skinner,unknown
4926,Troll Moe,troll moe,unknown
4927,Shadow Knight,shadow knight,unknown
4928,Wench Milhouse,wench milhouse,unknown
4929,Pixie Head,pixie head,unknown
4930,Wenches,wenches,unknown
4931,East Indian Girl,east indian girl,unknown
4932,East Indian Father,east indian father,unknown
4933,Rogue Dolph,rogue dolph,unknown
4934,Rogue Kearney,rogue kearney,unknown
4935,Rogue Jimbo,rogue jimbo,unknown
4936,British Announcer,british announcer,unknown
4937,Male Fan #1,male fan 1,unknown
4938,Male Fan #2,male fan 2,unknown
4939,Nelson's Head,nelsons head,unknown
4940,Viking Comic Book Guy,viking comic book guy,unknown
4941,Satyr Largo,satyr largo,unknown
4942,Ronaldo's Thoughts,ronaldos thoughts,unknown
4943,Spanish Baseball Announcer,spanish baseball announcer,unknown
4944,Springfield Fans,springfield fans,unknown
4945,Joe Laboot,joe laboot,unknown
4946,Shelbyville Manager,shelbyville manager,unknown
4947,Old Bart,old bart,unknown
4948,Old Milhouse,old milhouse,unknown
4949,Ghost Marge,ghost marge,unknown
4950,Sheep #1,sheep 1,unknown
4951,Sheep #2,sheep 2,unknown
4952,Dogs,dogs,unknown
4953,Firemen,firemen,unknown
4954,Wagon Wheel Demonstrator,wagon wheel demonstrator,unknown
4955,Winning Farmer,winning farmer,unknown
4956,Grim Farmer,grim farmer,unknown
4957,Dispatch Operator,dispatch operator,unknown
4958,Sharquelle,sharquelle,unknown
4959,Strangles,strangles,unknown
4960,COPS/TEACHERS/STUDENTS,copsteachersstudents,unknown
4961,Kiefer Sutherland,kiefer sutherland,unknown
4962,Hazmat Guy,hazmat guy,unknown
4963,Jimbo's Mom,jimbos mom,unknown
4964,Jack Bauer,jack bauer,unknown
4965,Chloe O'Brien,chloe obrien,unknown
4966,Cosine,cosine,unknown
4967,Family Members,family members,unknown
4968,Dr. Hwang,dr hwang,unknown
4969,Hip Hop-style Announcer,hip hop-style announcer,unknown
4970,Tooth Decay,tooth decay,unknown
4971,Gum Disease,gum disease,unknown
4972,Bad-ass Voice,bad-ass voice,unknown
4973,Luda-Crest,luda-crest,unknown
4974,Ludacris,ludacris,unknown
4975,2nd Hygienist,2nd hygienist,unknown
4976,Dental Assistant,dental assistant,unknown
4977,Prescott Butterfat III,prescott butterfat iii,unknown
4978,Stripper,stripper,unknown
4979,Strippers,strippers,unknown
4980,Slacker Girl,slacker girl,unknown
4981,Slacker Dude,slacker dude,unknown
4982,Clearly Dubbed-in Voice,clearly dubbed-in voice,unknown
4983,Store Announcer,store announcer,unknown
4984,Lionel Richie,lionel richie,unknown
4985,Improv Actor,improv actor,unknown
4986,Improv Actress,improv actress,unknown
4988,Plane Computer,plane computer,unknown
4989,Sad Boy,sad boy,unknown
4990,Widow,widow,unknown
4991,Marcello,marcello,unknown
4992,Hockey Player,hockey player,unknown
4993,Placido Domingo,placido domingo,unknown
4994,Elegant Man,elegant man,unknown
4995,Shrill Voice,shrill voice,unknown
4996,Dorothy,dorothy,unknown
4997,JULIA,julia,unknown
4998,Bedtime Krusty Doll,bedtime krusty doll,unknown
4999,Jersey Girl Customer,jersey girl customer,unknown
5000,Sleazy-looking Woman,sleazy-looking woman,unknown
5001,Smug Young Man,smug young man,unknown
5002,Smug Woman,smug woman,unknown
5003,Smug Liberal Man,smug liberal man,unknown
5004,Gay Men,gay men,unknown
5005,Gerta,gerta,unknown
5006,Tow Driver Prisoner #1,tow driver prisoner 1,unknown
5007,Tow Driver Prisoner #2,tow driver prisoner 2,unknown
5008,Tow Driver Prisoner #3,tow driver prisoner 3,unknown
5009,Singing Prisoners,singing prisoners,unknown
5010,Train Engineer,train engineer,unknown
5011,Tow Driver Prisoners,tow driver prisoners,unknown
5013,Bank Patrons,bank patrons,unknown
5015,Father Donnelly,father donnelly,unknown
5016,Senate Mouse,senate mouse,unknown
5017,Elevator Voice,elevator voice,unknown
5018,MEN IN CROWD,men in crowd,unknown
5019,Aliens,aliens,unknown
5020,Hispanic Teen,hispanic teen,unknown
5021,Passenger,passenger,unknown
5022,First Officer,first officer,unknown
5023,Second Officer,second officer,unknown
5024,Videogame Businessman,videogame businessman,unknown
5025,Old-style Operator,old-style operator,unknown
5026,NERD,nerd,unknown
5027,NORBERT,norbert,unknown
5028,GAYLORD Q. TINKLEDINK,gaylord q tinkledink,unknown
5029,UNCLE NORBERT,uncle norbert,unknown
5030,UNCLE ZACK,uncle zack,unknown
5031,Mr. Johnson,mr johnson,unknown
5033,Korean Singer,korean singer,unknown
5034,Tintin,tintin,unknown
5035,Dan Clowes,dan clowes,unknown
5036,Alan Moore,alan moore,unknown
5037,Art Spiegelman,art spiegelman,unknown
5038,CUTE GIRL,cute girl,unknown
5039,BERNICE,bernice,unknown
5040,Vietnamese Woman,vietnamese woman,unknown
5041,Husband #1,husband 1,unknown
5042,Husbands,husbands,unknown
5043,Husband #2,husband 2,unknown
5044,Husband #3,husband 3,unknown
5045,2nd Business Woman,2nd business woman,unknown
5046,Jack Black,jack black,unknown
5047,Latino Male Clerk,latino male clerk,unknown
5048,Salesman #1,salesman 1,unknown
5049,Salesman #2,salesman 2,unknown
5050,Sexy Saleswoman,sexy saleswoman,unknown
5051,Opal's Audience,opals audience,unknown
5052,Keith Olbermann,keith olbermann,unknown
5053,Talking Frog,talking frog,unknown
5054,Disclaimer Announcer,disclaimer announcer,unknown
5055,Tall Cowboy,tall cowboy,unknown
5056,Wes Doobner,wes doobner,unknown
5057,Sideshow Bob's Mother,sideshow bobs mother,unknown
5058,Sideshow Bob's Father,sideshow bobs father,unknown
5059,Skratt,skratt,unknown
5060,Skratts,skratts,unknown
5061,Hispanic Crowd,hispanic crowd,unknown
5062,Memory Wiggum,memory wiggum,unknown
5063,Memory Marge,memory marge,unknown
5064,Memory Homer,memory homer,unknown
5065,High School Glee Club,high school glee club,unknown
5066,Memory Lisa,memory lisa,unknown
5067,Memory Bart,memory bart,unknown
5068,20-Year-Old Homer,20-year-old homer,unknown
5069,Memory Duffman,memory duffman,unknown
5070,RECORDED SIDESHOW MEL VOICE,recorded sideshow mel voice,unknown
5071,Teenage Fast-food Workers,teenage fast-food workers,unknown
5072,Cheesy McMayor,cheesy mcmayor,unknown
5073,Dan Rather,dan rather,unknown
5074,News Producer,news producer,unknown
5075,Candidates,candidates,unknown
5076,Farmer's Wife,farmers wife,unknown
5077,Ivy League-type,ivy league-type,unknown
5078,Ivy League-types,ivy league-types,unknown
5079,Scruffy Blogger,scruffy blogger,unknown
5080,Jon Stewart,jon stewart,unknown
5081,CAMPAIGN ANNOUNCER,campaign announcer,unknown
5082,Senator Whinergirl,senator whinergirl,unknown
5083,HILLARY,hillary,unknown
5084,Campaign Worker #1,campaign worker 1,unknown
5085,Senator Vane,senator vane,unknown
5086,GOV. HUNTINGCHURCH,gov huntingchurch,unknown
4987,Colby,colby,m
5032,Milo,milo,m
5014,Ted Nugent,ted nugent,m
5088,Fred Thompson,fred thompson,unknown
5089,Locals,locals,unknown
5090,Dennis Kucinich,dennis kucinich,unknown
5091,Adriatica Vel Johnson,adriatica vel johnson,unknown
5092,Clarence Nitbaum,clarence nitbaum,unknown
5093,Democrats,democrats,unknown
5094,Young Lou,young lou,unknown
5095,Young Comic Book Guy,young comic book guy,unknown
5097,Prof. August's Thoughts,prof augusts thoughts,unknown
5098,Gas Man,gas man,unknown
5099,College Kid,college kid,unknown
5100,2nd College Kid,2nd college kid,unknown
5101,Buxom Coed,buxom coed,unknown
5102,Patron,patron,unknown
5103,MUSCLE-BOUND IDIOT DEPARTMENT HEAD,muscle-bound idiot department head,unknown
5104,Kurt Loder,kurt loder,unknown
5105,SECOND ZOMBIE,second zombie,unknown
5106,THIRD ZOMBIE,third zombie,unknown
5107,Wolfman,wolfman,unknown
5108,Tunnel Of Love Carny,tunnel of love carny,unknown
5109,Bonnie,bonnie,unknown
5110,Clyde,clyde,unknown
5111,Clyde's Thoughts,clydes thoughts,unknown
5112,Newsreel Narrator,newsreel narrator,unknown
5113,Franklin Roosevelt,franklin roosevelt,unknown
5114,Japanese Ambassador,japanese ambassador,unknown
5115,Mexican Mouse,mexican mouse,unknown
5116,Robby Robin,robby robin,unknown
5117,The Vamp,the vamp,unknown
5118,Shady,shady,unknown
5119,Moe Dog,moe dog,unknown
5120,Snooty Male Flea,snooty male flea,unknown
5121,Lady Bitington,lady bitington,unknown
5122,Siamese Cats,siamese cats,unknown
5123,Upper-class Fleas,upper-class fleas,unknown
5124,Lisa Puppy,lisa puppy,unknown
5125,Bart Puppy,bart puppy,unknown
5126,Dog Catcher Willie,dog catcher willie,unknown
5127,Wacky Dog,wacky dog,unknown
5128,DOGCATCHER WILLIE,dogcatcher willie,unknown
5129,Johnny Rotten,johnny rotten,unknown
5130,Nancy,nancy,unknown
5131,Sid,sid,unknown
5132,Male Punk Rock Fan,male punk rock fan,unknown
5133,Steve,steve,unknown
5134,Paul Cook,paul cook,unknown
5135,Texan Announcer,texan announcer,unknown
5136,Texan Crowd,texan crowd,unknown
5137,Punk #1,punk 1,unknown
5138,Punk #2,punk 2,unknown
5139,Mike,mike,unknown
5140,School Nurse,school nurse,unknown
5141,Terry Gross,terry gross,unknown
5142,Betsy,betsy,unknown
5143,HOTDOG VENDOR,hotdog vendor,unknown
5144,Pepper Vendor,pepper vendor,unknown
5145,Sad-looking Woman,sad-looking woman,unknown
5146,Happy Little Elves,happy little elves,unknown
5147,Female Prisoner,female prisoner,unknown
5148,Prisoner Lisa,prisoner lisa,unknown
5149,Bald Detective,bald detective,unknown
5150,Red-haired Detective,red-haired detective,unknown
5151,E.T. Reporter,et reporter,unknown
5153,Annette,annette,unknown
5154,Smoke Lisa,smoke lisa,unknown
5155,Lillian Hellman,lillian hellman,unknown
5156,Smoke Historical Figures,smoke historical figures,unknown
5157,Ballerinas,ballerinas,unknown
5158,Male Dancer,male dancer,unknown
5159,Ballerina,ballerina,unknown
5160,Dancer Bumped Into,dancer bumped into,unknown
5161,Dancer Who Bumped,dancer who bumped,unknown
5162,2nd Ballerina,2nd ballerina,unknown
5163,3rd Ballerina,3rd ballerina,unknown
5164,4th Ballerina,4th ballerina,unknown
5165,Fema Official,fema official,unknown
5166,Kermit the Frog,kermit the frog,unknown
5167,Royce,royce,unknown
5168,COUNTRY V.J.,country vj,unknown
5169,Natalie Maines,natalie maines,unknown
5170,Emily Robison,emily robison,unknown
5171,Martie Maguire,martie maguire,unknown
5172,Lurleen's Boyfriend,lurleens boyfriend,unknown
5173,Robot-singing Voice,robot-singing voice,unknown
5174,Trans-Clown-o-Morph,trans-clown-o-morph,unknown
5175,Head Pterodactyl-bot,head pterodactyl-bot,unknown
5176,Golf Announcer,golf announcer,unknown
5177,Cheddarbarrel,cheddarbarrel,unknown
5178,4-h Judge,4-h judge,unknown
5179,ACTIVIST,activist,unknown
5180,Solarpanel,solarpanel,unknown
5181,COMPOST,compost,unknown
5182,Stabbed-in-jail,stabbed-in-jail,unknown
5183,Homer Puppet,homer puppet,unknown
5184,Marge Puppet,marge puppet,unknown
5185,Head Caterer,head caterer,unknown
5186,Country Preacher,country preacher,unknown
5187,Hillbilly Guests,hillbilly guests,unknown
5188,Cow In Truck,cow in truck,unknown
5189,Mr. Kinkaid,mr kinkaid,unknown
5190,Head Board Member,head board member,unknown
5191,Other Board Members,other board members,unknown
5096,Prof. August,prof august,m
5193,2nd Film Loop,2nd film loop,unknown
5194,Jim Jarmusch,jim jarmusch,unknown
5195,Bouncer,bouncer,unknown
5196,Male Audience Member,male audience member,unknown
5197,Female Audience Member,female audience member,unknown
5198,Male Audience Member #2,male audience member 2,unknown
5199,People On Street,people on street,unknown
5200,Woman On Street,woman on street,unknown
5201,Man On Street #2,man on street 2,unknown
5202,Male Filmgoer,male filmgoer,unknown
5203,Man On Street,man on street,unknown
5204,John C. Reilly,john c reilly,unknown
5205,Female Employee,female employee,unknown
5206,Hippo Critter,hippo critter,unknown
5207,Hippo #1,hippo 1,unknown
5208,Hippo #2,hippo 2,unknown
5209,Hippo #3,hippo 3,unknown
5210,Hippos,hippos,unknown
5211,Fozzy,fozzy,unknown
5212,Lance Armstrong,lance armstrong,unknown
5213,Hand,hand,unknown
5214,Female Automated Voice,female automated voice,unknown
5215,Little Homer,little homer,unknown
5216,Celebrity Reporter,celebrity reporter,unknown
5217,Paparazzi,paparazzi,unknown
5218,Theater Actor,theater actor,unknown
5219,Drew Carey,drew carey,unknown
5220,Krusketeers,krusketeers,unknown
5221,C.J.,cj,unknown
5223,Channel 6 Executive,channel 6 executive,unknown
5224,Stagehands,stagehands,unknown
5225,Ira Man,ira man,unknown
5226,Protestant Leprechaun,protestant leprechaun,unknown
5227,Catholic Leprechaun,catholic leprechaun,unknown
5229,Urchin,urchin,unknown
5230,Mulk,mulk,unknown
5231,Lucky Jim,lucky jim,unknown
5232,Clay Roberts,clay roberts,unknown
5233,Denis Leary,denis leary,unknown
5234,Brian Grazer,brian grazer,unknown
5235,Hawaiian Bartender,hawaiian bartender,unknown
5236,Hawaiian Barflies,hawaiian barflies,unknown
5237,Australian Bartender,australian bartender,unknown
5238,Australian Barfly,australian barfly,unknown
5239,Australian Barflies,australian barflies,unknown
5240,Swedish Bartender,swedish bartender,unknown
5241,Swedish Barflies,swedish barflies,unknown
5242,Warrior Statue,warrior statue,unknown
5243,Incan Warriors,incan warriors,unknown
5244,Vacu-bot,vacu-bot,unknown
5245,BART-LIKE VOICE,bart-like voice,unknown
5246,Joe Montana,joe montana,unknown
5247,Quenly,quenly,unknown
5248,Devon,devon,unknown
5249,Cap'n Crunchy,capn crunchy,unknown
5250,Tricky Rabbit,tricky rabbit,unknown
5251,Threecan Sam,threecan sam,unknown
5253,3-Year-Old Lisa,3-year-old lisa,unknown
5254,5-Year-Old Bart,5-year-old bart,unknown
5255,Sylvia,sylvia,unknown
5256,20-Year-Old Patty,20-year-old patty,unknown
5257,20-Year-Old Selma,20-year-old selma,unknown
5258,Ruthie,ruthie,unknown
5259,Doreen,doreen,unknown
5260,Bureaucrat,bureaucrat,unknown
5261,People In Line,people in line,unknown
5262,Ghost Julio,ghost julio,unknown
5263,Ghost Toddler,ghost toddler,unknown
5264,Talking Credenza,talking credenza,unknown
5265,Man In Bar,man in bar,unknown
5266,Female Event Host,female event host,unknown
5267,Merl Reagle,merl reagle,unknown
5268,Will Shortz,will shortz,unknown
5269,Santas,santas,unknown
5270,Dr. King,dr king,unknown
5271,Mall Worker,mall worker,unknown
5272,Brainiac Bar Man,brainiac bar man,unknown
5273,Smug Salesman,smug salesman,unknown
5274,Mapple Shoppers,mapple shoppers,unknown
5275,Male Shopper,male shopper,unknown
5276,Steve Mobbs,steve mobbs,unknown
5277,MIDDLE EASTERN BOY,middle eastern boy,unknown
5278,Bashir,bashir,unknown
5279,Mina,mina,unknown
5280,Octopus,octopus,unknown
5281,Arab Man,arab man,unknown
5282,Thought Bubble Lenny,thought bubble lenny,unknown
5283,Amid,amid,unknown
5284,Blue Genie,blue genie,unknown
5285,Billionaire,billionaire,unknown
5286,Billionaires,billionaires,unknown
5287,Scared Billionaire,scared billionaire,unknown
5288,Jeff Bezos,jeff bezos,unknown
5289,Poker-playing Billionaire,poker-playing billionaire,unknown
5290,Suburban Mother,suburban mother,unknown
5291,Wall-E,wall-e,unknown
5292,Cube-Shaped Homer,cube-shaped homer,unknown
5293,Mark Cuban,mark cuban,unknown
5294,Man In Gorilla Suit,man in gorilla suit,unknown
5295,Angel Mark Cuban,angel mark cuban,unknown
5296,Muk Mu,muk mu,unknown
5297,Swarm,swarm,unknown
5252,Alberto,alberto,m
5298,Marv Albert,marv albert,unknown
5299,Millionaire,millionaire,unknown
5300,Art Instructor,art instructor,unknown
5302,Folk Art Singer,folk art singer,unknown
5303,Prof. Hobbes,prof hobbes,unknown
5304,Mrs. Hobbes,mrs hobbes,unknown
5305,Fairy Princess,fairy princess,unknown
5306,Two-Nicorn,two-nicorn,unknown
5307,Immigration Official,immigration official,unknown
5308,Dragon Kearney,dragon kearney,unknown
5309,Goblin Jimbo,goblin jimbo,unknown
5310,Teenage Vance Connor,teenage vance connor,unknown
5311,Vance Connor,vance connor,unknown
5312,Teenage Carl,teenage carl,unknown
5313,Al Gore,al gore,unknown
5314,Administrators,administrators,unknown
5315,Jock #1,jock 1,unknown
5316,Jock #2,jock 2,unknown
5317,Old Italian Man,old italian man,unknown
5318,Rest Of Kids,rest of kids,unknown
5319,Voices From Sauce,voices from sauce,unknown
5320,Student With Glasses,student with glasses,unknown
5321,Student Reporter,student reporter,unknown
5322,TEEN MAUDE FLANDERS,teen maude flanders,unknown
5323,Debbie Pinson,debbie pinson,unknown
5324,Teenage Selma,teenage selma,unknown
5325,Teenage Patty,teenage patty,unknown
5326,Young Smithers,young smithers,unknown
5327,Mr. Becker,mr becker,unknown
5328,Daffodils Reading Group,daffodils reading group,unknown
5329,Boys' Chorus,boys chorus,unknown
5330,Girls' Chorus,girls chorus,unknown
5331,Other Boys,other boys,unknown
5332,Barge Captain,barge captain,unknown
5333,Au Pair,au pair,unknown
5334,Male Neighbor,male neighbor,unknown
5335,Female Neighbor,female neighbor,unknown
5336,Eerie Voice,eerie voice,unknown
5337,2nd Orderly,2nd orderly,unknown
5338,Dwight Eisenhower,dwight eisenhower,unknown
5339,Nancy Gladness,nancy gladness,unknown
5340,Nat Gladness,nat gladness,unknown
5341,Photo Simpsons,photo simpsons,unknown
5342,Mother Superior,mother superior,unknown
5343,Mysterious Nun,mysterious nun,unknown
5344,HOMER'S HAND,homers hand,unknown
5345,Welcome Mat,welcome mat,unknown
5346,Hot Tub Salesman,hot tub salesman,unknown
5347,Irish Pilot,irish pilot,unknown
5348,American Woman,american woman,unknown
5349,Irish Locals,irish locals,unknown
5350,Yuppie Leprechauns,yuppie leprechauns,unknown
5351,Tom O'Flanagan,tom oflanagan,unknown
5352,German Krusty,german krusty,unknown
5353,German Sideshow Mel,german sideshow mel,unknown
5354,Brew-master,brew-master,unknown
5355,American Man,american man,unknown
5356,2nd American Man,2nd american man,unknown
5357,Irish Kid,irish kid,unknown
5358,Bicyclist,bicyclist,unknown
5359,Street Musician,street musician,unknown
5360,Eastern-european Woman,eastern-european woman,unknown
5361,Yup-rechaun,yup-rechaun,unknown
5362,Irish Maitre D',irish maitre d,unknown
5363,Irish Guy,irish guy,unknown
5364,Old Irishman,old irishman,unknown
5365,Smokers,smokers,unknown
5366,2nd Irish Cop,2nd irish cop,unknown
5367,Irish Judge,irish judge,unknown
5368,Congregants,congregants,unknown
5370,Coroner,coroner,unknown
5371,Bridal Saleslady,bridal saleslady,unknown
5372,Tux Salesman,tux salesman,unknown
5373,Videographer,videographer,unknown
5374,Deep Mysterious Voice,deep mysterious voice,unknown
5375,Hockey Announcer #1,hockey announcer 1,unknown
5376,Hockey Announcer #2,hockey announcer 2,unknown
5377,Hockey Announcer #3,hockey announcer 3,unknown
5378,Maya,maya,unknown
5379,Umpa-lumpas,umpa-lumpas,unknown
5380,Jenny,jenny,unknown
5381,MAJOR PRESTON,major preston,unknown
5382,Swedish Woman,swedish woman,unknown
5383,Mother Duck,mother duck,unknown
5384,Sleazy Girl,sleazy girl,unknown
5385,Wiggum Smiley Face,wiggum smiley face,unknown
5386,Zamboni Operator,zamboni operator,unknown
5387,Hot Dog Vendor,hot dog vendor,unknown
5388,Fried Dough Vendor,fried dough vendor,unknown
5389,Midway Barker,midway barker,unknown
5390,Juggler,juggler,unknown
5391,Old Comedy Writer,old comedy writer,unknown
5392,Soccer Mom,soccer mom,unknown
5393,Popular Girl #1,popular girl 1,unknown
5394,Popular Girl #1's Tablemates,popular girl 1s tablemates,unknown
5395,Popular Girl #2,popular girl 2,unknown
5396,Popular Girl #2's Tablemates,popular girl 2s tablemates,unknown
5397,Helicopter Parents,helicopter parents,unknown
5398,Kaitlin,kaitlin,unknown
5399,GHOST,ghost,unknown
5400,Chaucer's Ghost,chaucers ghost,unknown
5401,Female Ghost,female ghost,unknown
5402,ELEGANTLY-DRESSED GHOST,elegantly-dressed ghost,unknown
5403,Oscar Wilde,oscar wilde,unknown
5404,Mother In Audience,mother in audience,unknown
5405,Kenny,kenny,unknown
5406,Science Water Promoter,science water promoter,unknown
5407,City Inspector,city inspector,unknown
5408,Dr. Bettelheim,dr bettelheim,unknown
5409,Geoff,geoff,unknown
5410,Donald,donald,unknown
5411,Caitlin,caitlin,unknown
5412,Katelyn,katelyn,unknown
5413,Kate Lynn,kate lynn,unknown
5414,Girl In Background,girl in background,unknown
5415,SMITTEN GIRL WHO FAINTS,smitten girl who faints,unknown
5416,Girl In Riding Boots,girl in riding boots,unknown
5417,British Groundskeeper,british groundskeeper,unknown
5418,Boy Resembling Ralph,boy resembling ralph,unknown
5419,Teenage Stagehand,teenage stagehand,unknown
5420,Alaska Nebraska,alaska nebraska,unknown
5421,CAITLYN,caitlyn,unknown
5422,Walsingham,walsingham,unknown
5423,Queen Elizabeth,queen elizabeth,unknown
5424,Herald Mel,herald mel,unknown
5425,Prince Ralph,prince ralph,unknown
5426,King Julio,king julio,unknown
5427,Lady Marjorie,lady marjorie,unknown
5428,Sir Walter Raleigh,sir walter raleigh,unknown
5429,Advisor,advisor,unknown
5430,Protestant Minister,protestant minister,unknown
5431,Vietnamese Manicurist,vietnamese manicurist,unknown
5432,Doc,doc,unknown
5433,Other Dwarves,other dwarves,unknown
5434,Evil Queen,evil queen,unknown
5435,Disembodied Face,disembodied face,unknown
5436,Huntsman Willie,huntsman willie,unknown
5437,Snow White,snow white,unknown
5438,Turtle,turtle,unknown
5439,Dwarves,dwarves,unknown
5440,Crabby,crabby,unknown
5441,First Witch,first witch,unknown
5442,Second Witch,second witch,unknown
5443,Lady 911 Operator,lady 911 operator,unknown
5444,Ghosts,ghosts,unknown
5445,Mr. Toohey,mr toohey,unknown
5446,Avery Mann,avery mann,unknown
5447,Everyman,everyman,unknown
5448,Older Executive,older executive,unknown
5449,Male Producer,male producer,unknown
5450,Jonah,jonah,unknown
5451,Director #1,director 1,unknown
5452,Director #2,director 2,unknown
5454,Fiji,fiji,unknown
5455,HOLLYWOOD HIPSTERS,hollywood hipsters,unknown
5456,Police Chief,police chief,unknown
5457,Leading Lady,leading lady,unknown
5458,Studio Heads,studio heads,unknown
5459,Former Studio Head,former studio head,unknown
5460,Dr. Reptilicus,dr reptilicus,unknown
5461,Exercise Babe,exercise babe,unknown
5462,NEW TEACHER,new teacher,unknown
5463,BIG-BUSTED DOWAGER,big-busted dowager,unknown
5464,Australian Woman,australian woman,unknown
5465,Fighter,fighter,unknown
5466,Autograph-signing Fighter,autograph-signing fighter,unknown
5467,Scalper,scalper,unknown
5468,Chett,chett,unknown
5469,Donkey,donkey,unknown
5470,Man Below,man below,unknown
5471,HEAVY BAG,heavy bag,unknown
5472,Males In Audience,males in audience,unknown
5473,Muncher Barney,muncher barney,unknown
5474,Muncher,muncher,unknown
5475,Muncher Helen Lovejoy,muncher helen lovejoy,unknown
5476,Wild-eyed Man,wild-eyed man,unknown
5477,Refugees,refugees,unknown
5478,Head Soldier,head soldier,unknown
5479,Chinese-american Worker,chinese-american worker,unknown
5480,LUANNE,luanne,unknown
5481,Carl #1,carl 1,unknown
5482,Carl #2,carl 2,unknown
5483,CLASSY FRENCHMAN,classy frenchman,unknown
5484,COMMISSIONER POMPIDOU,commissioner pompidou,unknown
5485,Beautiful French Lady,beautiful french lady,unknown
5486,Terrorist Type,terrorist type,unknown
5487,Bonk It,bonk it,unknown
5488,Cletus' Pa,cletus pa,unknown
5489,Hillbillies,hillbillies,unknown
5490,Bearded Hillbilly,bearded hillbilly,unknown
5491,Big Hillbilly,big hillbilly,unknown
5492,Whitney,whitney,unknown
5493,Mysterious Voices,mysterious voices,unknown
5494,Hooded Figures,hooded figures,unknown
5495,Gwendolyn,gwendolyn,unknown
5496,Cassandra,cassandra,unknown
5497,Esmeralda,esmeralda,unknown
5498,Homer Snowman,homer snowman,unknown
5499,Substitute Teacher,substitute teacher,unknown
5500,Wiccans,wiccans,unknown
5501,Court Reporter,court reporter,unknown
5502,Huell Howser,huell howser,unknown
5503,Emmy Announcer,emmy announcer,unknown
5504,Female Presenter,female presenter,unknown
5505,Wilbur,wilbur,unknown
5506,Peyton Manning,peyton manning,unknown
5507,Eli Manning,eli manning,unknown
5508,Cooper Manning,cooper manning,unknown
5509,PEYTON/ELI,peytoneli,unknown
5510,Dick,dick,unknown
5512,New Sister,new sister,unknown
5513,KID VOICE,kid voice,unknown
5514,Sisters,sisters,unknown
5515,SMOTHERS BROTHERS,smothers brothers,unknown
5516,DICK SMOTHERS,dick smothers,unknown
5517,TOM SMOTHERS,tom smothers,unknown
5518,Marshall Goldman,marshall goldman,unknown
5519,Commanding Officer,commanding officer,unknown
5520,Brooklyn Sailor,brooklyn sailor,unknown
5521,Boston Sailor,boston sailor,unknown
5522,Clark Gable,clark gable,unknown
5523,Mitch Albom,mitch albom,unknown
5524,Railroad Bull,railroad bull,unknown
5525,All Railroad Bulls,all railroad bulls,unknown
5526,2nd Railroad Bull,2nd railroad bull,unknown
5527,Krusty Auditioner,krusty auditioner,unknown
5529,Gator,gator,unknown
5530,Gary Larson,gary larson,unknown
5531,Holly Hippie,holly hippie,unknown
5532,Eartha Kitt,eartha kitt,unknown
5533,Valerie,valerie,unknown
5534,Lottery Official,lottery official,unknown
5535,Magic Mirror,magic mirror,unknown
5536,Chris Martin,chris martin,unknown
5537,2nd Nurse,2nd nurse,unknown
5538,Brassy Housewife,brassy housewife,unknown
5539,2nd Brassy Housewife,2nd brassy housewife,unknown
5540,Curly #1,curly 1,unknown
5541,Curlys,curlys,unknown
5542,Curly #3,curly 3,unknown
5543,Olympic Pins,olympic pins,unknown
5544,Pin Dealer,pin dealer,unknown
5545,BALD MIDGET,bald midget,unknown
5546,Medicine Woman,medicine woman,unknown
5548,Milhoose,milhoose,unknown
5549,Canadian Nelson,canadian nelson,unknown
5550,Usa Fans,usa fans,unknown
5551,Swedish Man,swedish man,unknown
5552,French Canadian,french canadian,unknown
5553,English Canadian,english canadian,unknown
5554,Hiram,hiram,unknown
5555,Mabel,mabel,unknown
5556,Colonel Burns,colonel burns,unknown
5557,Smithers-like Valet,smithers-like valet,unknown
5558,Virgil Simpson,virgil simpson,unknown
5559,Patroller #1,patroller 1,unknown
5560,Patroller #2,patroller 2,unknown
5561,Circus Clown,circus clown,unknown
5562,Milford,milford,unknown
5563,Obama Kids,obama kids,unknown
5564,Librarian #2,librarian 2,unknown
5565,Hopi Singers,hopi singers,unknown
5566,Anime Kid,anime kid,unknown
5567,PICKACHU-TYPE,pickachu-type,unknown
5568,Gps,gps,unknown
5569,Mouse,mouse,unknown
5570,Bart's Class,barts class,unknown
5571,Miss Stringham,miss stringham,unknown
5572,Miss Stringham's Class,miss stringhams class,unknown
5573,CHILLED-OUT KID,chilled-out kid,unknown
5574,Bodhi,bodhi,unknown
5575,Nikki McKenna,nikki mckenna,unknown
5576,COOL SECOND-GRADER #1,cool second-grader 1,unknown
5577,COOL SECOND-GRADER #2,cool second-grader 2,unknown
5578,Nikki's Mom,nikkis mom,unknown
5579,Nikki's Dad,nikkis dad,unknown
5580,Henry Higgins,henry higgins,unknown
5581,Michelle Obama,michelle obama,unknown
5582,COOL SECOND GRADER #1,cool second grader 1,unknown
5583,Navy Seal,navy seal,unknown
5584,Airport Workers,airport workers,unknown
5585,Israeli Airline Guard,israeli airline guard,unknown
5587,Bible Group,bible group,unknown
5588,DOREET,doreet,unknown
5589,Israeli Bystander,israeli bystander,unknown
5590,Chief Security Officer,chief security officer,unknown
5591,Cucumber,cucumber,unknown
5592,Muslim Man,muslim man,unknown
5593,Prison Guard,prison guard,unknown
5594,Pleasant Cellmate,pleasant cellmate,unknown
5595,Delroy,delroy,unknown
5596,Thought Bubble Grampa,thought bubble grampa,unknown
5597,Wimpy-looking Boy,wimpy-looking boy,unknown
5598,Boy #3,boy 3,unknown
5599,Tellers,tellers,unknown
5600,Silkie,silkie,unknown
5601,Edward G. Robinson,edward g robinson,unknown
5602,Ominous Announcer,ominous announcer,unknown
5603,Wise Old Alien,wise old alien,unknown
5604,Shia LaBeouf,shia labeouf,unknown
5605,Sexy Girl,sexy girl,unknown
5606,Sun,sun,unknown
5607,Danish Sales Rep,danish sales rep,unknown
5608,Springfield Man,springfield man,unknown
6025,Jamie,jamie,unknown
5586,Jakob,jakob,m
5528,Princess Penelope,princess penelope,f
5609,National Guardsman #1,national guardsman 1,unknown
5610,National Guardsman #2,national guardsman 2,unknown
5611,National Guardsman #3,national guardsman 3,unknown
5612,Female Activist,female activist,unknown
5613,HUGE BLUE WHALE,huge blue whale,unknown
5614,Ms. Dubinsky,ms dubinsky,unknown
5615,Megan,megan,unknown
5616,Man At Counter,man at counter,unknown
5617,Train Conductor,train conductor,unknown
5618,Bomb Squad Guy,bomb squad guy,unknown
5619,Liberal Man,liberal man,unknown
5620,CONSULTANT,consultant,unknown
5621,Cockney Flower Girls,cockney flower girls,unknown
5622,Bobbies,bobbies,unknown
5623,Sally's Father,sallys father,unknown
5624,Upright Citizens,upright citizens,unknown
5626,Audrey,audrey,unknown
5627,Revelers,revelers,unknown
5628,The Queen,the queen,unknown
5629,Prince Charles,prince charles,unknown
5630,Lullaby Singer,lullaby singer,unknown
5631,Indian Singer,indian singer,unknown
5632,Don Pardo,don pardo,unknown
5633,Homer Devils,homer devils,unknown
5634,Black Bishop,black bishop,unknown
5635,Icelandic Man,icelandic man,unknown
5636,2nd Icelandic Man,2nd icelandic man,unknown
5637,NEW NEIGHBOR,new neighbor,unknown
5638,WALT,walt,unknown
5639,Neighbors,neighbors,unknown
5640,THE REAL WALT,the real walt,unknown
5642,Prison Worker,prison worker,unknown
5643,Joyce,joyce,unknown
5644,Mexican Man,mexican man,unknown
5645,Southern State Trooper,southern state trooper,unknown
5646,Midwestern Trooper,midwestern trooper,unknown
5647,New Jersey Patrolman,new jersey patrolman,unknown
5648,Man With Crazy Beard,man with crazy beard,unknown
5649,Thought Bubble Lisa,thought bubble lisa,unknown
5650,Ron Finkelsteinberg,ron finkelsteinberg,unknown
5651,Sports Bar Guy #3,sports bar guy 3,unknown
5652,Sports Bar Guy #4,sports bar guy 4,unknown
5654,Ryan Seacrest,ryan seacrest,unknown
5655,Randy Jackson,randy jackson,unknown
5656,Kara DioGuardi,kara dioguardi,unknown
5657,Ellen DeGeneres,ellen degeneres,unknown
5658,Thought Bubble Simon Cowell,thought bubble simon cowell,unknown
5659,Pro Shop Clerk,pro shop clerk,unknown
5660,Friendly Old Golfer,friendly old golfer,unknown
5661,Nobel Academy President,nobel academy president,unknown
5662,Military Choir,military choir,unknown
5663,Tsa Security Officer,tsa security officer,unknown
5664,Ira Glass,ira glass,unknown
5665,TEENAGE GIRL CAMPER,teenage girl camper,unknown
5666,TEENAGE BOY CAMPER,teenage boy camper,unknown
5667,2ND TEENAGE GIRL CAMPER,2nd teenage girl camper,unknown
5668,Teenage Singers,teenage singers,unknown
5669,Kurt Hardwick,kurt hardwick,unknown
5670,VAN KRUUSTEN,van kruusten,unknown
5671,Flynn,flynn,unknown
5672,Chief Magistrate,chief magistrate,unknown
5673,Aiesha,aiesha,unknown
5674,SARAH,sarah,unknown
5675,Fat Kids,fat kids,unknown
5676,E-Z Reader,e-z reader,unknown
5677,Schoolboy,schoolboy,unknown
5678,Belgian Bailiff,belgian bailiff,unknown
5679,Bailiff's Brother,bailiffs brother,unknown
5680,Afrikaner Promoter,afrikaner promoter,unknown
5681,BERNICE/HELEN,bernicehelen,unknown
5682,Maitre D'ess,maitre dess,unknown
5683,Fat Banker,fat banker,unknown
5684,Muhammad Yunus,muhammad yunus,unknown
5685,Chris Hansen,chris hansen,unknown
5686,Mark Zuckerberg,mark zuckerberg,unknown
5687,Dahlia,dahlia,unknown
5688,Hobby Shop Owner,hobby shop owner,unknown
5689,Bill James,bill james,unknown
5690,Ball,ball,unknown
5691,Teammates,teammates,unknown
5692,Funnel Cake Man,funnel cake man,unknown
5693,Rev. Lovejoy Avatar,rev lovejoy avatar,unknown
5694,Rich Uncle Pennybags,rich uncle pennybags,unknown
5695,Powerful Voice,powerful voice,unknown
5696,Colonel Ketchup,colonel ketchup,unknown
5697,Crazy Eights,crazy eights,unknown
5698,Pelican,pelican,unknown
5699,Edmund,edmund,unknown
5700,Vampire Dad,vampire dad,unknown
5701,Kount,kount,unknown
5702,Abby,abby,unknown
5703,Professional-looking Driver,professional-looking driver,unknown
5704,Admissions Director,admissions director,unknown
5705,Cloisters Girl,cloisters girl,unknown
5706,Another Girl,another girl,unknown
5707,Ms. Marshall,ms marshall,unknown
5708,Chairman,chairman,unknown
5709,Nbc Executive,nbc executive,unknown
5710,Network Executive,network executive,unknown
5641,THE REAL BOB,the real bob,m
5653,Simon Cowell,simon cowell,m
5711,Personal Physician,personal physician,unknown
5712,Sgt. Activity Doll,sgt activity doll,unknown
5713,Funeral Director,funeral director,unknown
5714,Guido Guy,guido guy,unknown
5715,Dick Cheney,dick cheney,unknown
5716,General Patton,general patton,unknown
5717,Danica Patrick,danica patrick,unknown
5718,Will Rogers,will rogers,unknown
5719,W.C. FIELDS,wc fields,unknown
5720,Dr. Thurston,dr thurston,unknown
5721,Caretaker,caretaker,unknown
5722,Bing Crosby,bing crosby,unknown
5723,Gruff Sergeant,gruff sergeant,unknown
5724,German,german,unknown
5725,Western Union Boy,western union boy,unknown
5726,Tree Salesman,tree salesman,unknown
5727,Hamlet,hamlet,unknown
5729,Katy Perry,katy perry,unknown
5730,Sock Puppet Dog,sock puppet dog,unknown
5731,Samoan Native,samoan native,unknown
5732,Wah-wah Birds,wah-wah birds,unknown
5733,Glinda,glinda,unknown
5735,Other Guards,other guards,unknown
5736,Female Agent,female agent,unknown
5737,Whiny Agent,whiny agent,unknown
5738,Fit Tony,fit tony,unknown
5739,Erik,erik,unknown
5740,4th Graders,4th graders,unknown
5741,5th Graders,5th graders,unknown
5742,Zach,zach,unknown
5743,Mr. Benzie,mr benzie,unknown
5744,Tough 5th Grader,tough 5th grader,unknown
5745,Anita,anita,unknown
5746,Connie,connie,unknown
5747,Chris,chris,unknown
5748,Andy Hamilton,andy hamilton,unknown
5749,Tyler Winklevoss,tyler winklevoss,unknown
5750,Ross,ross,unknown
5751,MARGE 40-YEAR-OLD,marge 40-year-old,unknown
5752,Fat Late Shift Worker,fat late shift worker,unknown
5753,Mr. Burns Heads,mr burns heads,unknown
5754,Super-hairy Wonder Woman,super-hairy wonder woman,unknown
5755,Ms. Juniper,ms juniper,unknown
5756,DISTINGUISHED OLDER GENTLEMEN,distinguished older gentlemen,unknown
5757,Comic Book Gay,comic book gay,unknown
5758,Tranny #1,tranny 1,unknown
5759,Tranny #2,tranny 2,unknown
5760,Gays,gays,unknown
5761,Grizzly Shawn,grizzly shawn,unknown
5762,Bar Customers,bar customers,unknown
5763,Devil Moe,devil moe,unknown
5764,Real Devil Moe,real devil moe,unknown
5765,Melody,melody,unknown
5766,Distinguished Older Gentleman,distinguished older gentleman,unknown
5767,Liz,liz,unknown
5768,Playground Ghost,playground ghost,unknown
5769,Gale Gordon,gale gordon,unknown
5770,Lucille Ball,lucille ball,unknown
5771,Courtney,courtney,unknown
5772,Fat Chinese Spy,fat chinese spy,unknown
5773,CHEEKBONE CHINESE SPY,cheekbone chinese spy,unknown
5774,Atf Agent,atf agent,unknown
5775,2nd Atf Agent,2nd atf agent,unknown
5776,Goatee Chinese Spy,goatee chinese spy,unknown
5777,David Mamet,david mamet,unknown
5778,Statue of Liberty,statue of liberty,unknown
5779,Cheekbones Chinese Spy,cheekbones chinese spy,unknown
5780,CHEEKBONE/GOATEE SPIES,cheekbonegoatee spies,unknown
5781,Sheldon Leavitt,sheldon leavitt,unknown
5782,Rebecca,rebecca,unknown
5783,Dog Guy,dog guy,unknown
5784,Lainie,lainie,unknown
5785,Carlotta,carlotta,unknown
5787,Middle-aged Lady,middle-aged lady,unknown
5788,Heavyset Woman,heavyset woman,unknown
5789,Attractive Friend,attractive friend,unknown
5790,Blofeld,blofeld,unknown
5791,Young Woman #1,young woman 1,unknown
5792,Young Woman #2,young woman 2,unknown
5793,Burns' Wingman,burns wingman,unknown
5794,YOUNG WOMAN #1 & #2,young woman 1 2,unknown
5795,Scratchy's Father,scratchys father,unknown
5796,Cat Monk,cat monk,unknown
5797,Crazy Clown,crazy clown,unknown
5798,Herman Millwood,herman millwood,unknown
5799,Crazed-looking Techie,crazed-looking techie,unknown
5800,Male Animator,male animator,unknown
5801,Female Animator,female animator,unknown
5802,2nd Male Animator,2nd male animator,unknown
5803,Animators,animators,unknown
5804,MAN IN THE AUDIENCE,man in the audience,unknown
5805,Sir Anthony Hopkins,sir anthony hopkins,unknown
5806,John Lassiter,john lassiter,unknown
5808,Russell Brand,russell brand,unknown
5809,D.J. Kwanzaa,dj kwanzaa,unknown
5810,Ice Mocha,ice mocha,unknown
5811,Nasty J,nasty j,unknown
5812,Halle Berry,halle berry,unknown
5813,Cowboy Ketchup,cowboy ketchup,unknown
5814,Waffle,waffle,unknown
5734,Fbi Supervisor,fbi supervisor,m
5807,Randy Newman,randy newman,m
5786,Dr. Kissingher,dr kissingher,m
5815,Peanut Butter,peanut butter,unknown
5816,Willis,willis,unknown
5817,Miss Pennyfarthing,miss pennyfarthing,unknown
5818,Nick Park,nick park,unknown
5819,Martin Scorsese,martin scorsese,unknown
5820,Leathery Old Man,leathery old man,unknown
5821,Leathery Old Woman,leathery old woman,unknown
5822,Climber,climber,unknown
5823,Other Orderly,other orderly,unknown
5825,Frat Nerd,frat nerd,unknown
5826,Drug Dealer,drug dealer,unknown
5827,Old-timey Farmer,old-timey farmer,unknown
5828,Friends,friends,unknown
5831,Fetus,fetus,unknown
5832,Grizabella,grizabella,unknown
5833,ELEANOR,eleanor,unknown
5834,Middle-aged Father,middle-aged father,unknown
5835,Viking Fan,viking fan,unknown
5836,RETIRED AFRICAN-AMERICAN,retired african-american,unknown
5837,2nd Retired Lineman Masseur,2nd retired lineman masseur,unknown
5838,FOOTBALL-HATING INTELLECTUAL,football-hating intellectual,unknown
5840,Gerald,gerald,unknown
5841,Kareem Abdul-Jabbar,kareem abdul-jabbar,unknown
5842,Custodial Employee,custodial employee,unknown
5843,Man In Tux,man in tux,unknown
5844,Sommeliers,sommeliers,unknown
5845,SHIRLEY TEMPLE-TYPE GIRL,shirley temple-type girl,unknown
5846,Ewell Freestone,ewell freestone,unknown
5847,Garden Ladies,garden ladies,unknown
5849,Swami,swami,unknown
5850,Cregg Demon,cregg demon,unknown
5851,THOUGHT-BUBBLE FLANDERS,thought-bubble flanders,unknown
5852,Ricky Jay,ricky jay,unknown
5853,David Copperfield,david copperfield,unknown
5854,Late Wife,late wife,unknown
5855,Wedding Planner,wedding planner,unknown
5856,STEVIE B.,stevie b,unknown
5857,Tushie,tushie,unknown
5858,The Occurrence,the occurrence,unknown
5859,Guidos,guidos,unknown
5860,Old Italian Woman,old italian woman,unknown
5861,Angela,angela,unknown
5862,1970s Grampa,1970s grampa,unknown
5863,Taffy,taffy,unknown
5864,Assorted Women,assorted women,unknown
5865,Cyclist,cyclist,unknown
5866,Female Ibs Sufferer,female ibs sufferer,unknown
5867,Male Ibs Sufferer,male ibs sufferer,unknown
5868,Matrons,matrons,unknown
5869,Elderly Nancy Drew,elderly nancy drew,unknown
5870,Key Man,key man,unknown
5871,P.T. Express,pt express,unknown
5872,Angry Female Teacher,angry female teacher,unknown
5873,Lenny's Face,lennys face,unknown
5874,Skinner's Face,skinners face,unknown
5875,Comic Book Guy's Face,comic book guys face,unknown
5876,Moe's Face,moes face,unknown
5878,FEDEX-TYPE GUY,fedex-type guy,unknown
5879,Tom Colicchio,tom colicchio,unknown
5880,Cia Official,cia official,unknown
5881,Humans,humans,unknown
5882,Viktor,viktor,unknown
5883,Disaster Victim,disaster victim,unknown
5884,Viktor's Wife,viktors wife,unknown
5885,Young Kim Jong Il,young kim jong il,unknown
5886,City Slicker,city slicker,unknown
5887,Student Chorus,student chorus,unknown
5888,ELDERLY ENGLISHWOMAN,elderly englishwoman,unknown
5889,MRS. KNICKERTWIST,mrs knickertwist,unknown
5890,Laid-back Teacher,laid-back teacher,unknown
5891,Young Chalmers,young chalmers,unknown
5892,Saloonkeeper,saloonkeeper,unknown
5893,Injured Cast Member,injured cast member,unknown
5894,Voice Of God,voice of god,unknown
5895,Avatar Bart,avatar bart,unknown
5896,Avatar Jimbo,avatar jimbo,unknown
5897,Avatar Dolph,avatar dolph,unknown
5898,Avatar Kearney,avatar kearney,unknown
5899,Avatar Milhouse,avatar milhouse,unknown
5900,Taxi Dragon,taxi dragon,unknown
5901,KAMALA,kamala,unknown
5902,Roz,roz,unknown
5903,Robot Seal,robot seal,unknown
5904,Paul Flart,paul flart,unknown
5905,Undertaker,undertaker,unknown
5906,HOWARD JR.,howard jr,unknown
5907,Reps,reps,unknown
5908,Miss Wyoming,miss wyoming,unknown
5909,Robot Maid,robot maid,unknown
5910,Game Developer,game developer,unknown
5911,Ethiopian Waitress,ethiopian waitress,unknown
5912,Ethiopians,ethiopians,unknown
5913,Marge's Taste Buds,marges taste buds,unknown
5914,SIMPSONS/FOODIES,simpsonsfoodies,unknown
5915,Foie Greg,foie greg,unknown
5916,Amuse Bruce,amuse bruce,unknown
5917,Spanish Chef,spanish chef,unknown
5918,TONY BOURDAIN,tony bourdain,unknown
5877,Wayne,wayne,m
5839,Dr. Zander,dr zander,m
5824,Walther Hotenhoffer,walther hotenhoffer,m
5829,Chong,chong,m
5919,Mario Batali,mario batali,unknown
5920,Swedish Chef,swedish chef,unknown
5921,BRITISH VOICE,british voice,unknown
5922,Gordon Ramsay,gordon ramsay,unknown
5923,Thug,thug,unknown
5924,FOODIES,foodies,unknown
5925,Young 'uns,young uns,unknown
5926,Young Thug,young thug,unknown
5927,Homer Taste Buds,homer taste buds,unknown
5928,Paleontologist,paleontologist,unknown
5929,Stagehand #1,stagehand 1,unknown
5930,Stagehand #2,stagehand 2,unknown
5931,Gang,gang,unknown
5932,Neil Gaiman,neil gaiman,unknown
5934,Lackeys,lackeys,unknown
5935,Zombie Bride,zombie bride,unknown
5936,Female Marketing Executive,female marketing executive,unknown
5937,Male Marketing Executive,male marketing executive,unknown
5938,Karaoke Operator,karaoke operator,unknown
5940,Dottie,dottie,unknown
5941,Regulator,regulator,unknown
5942,Diversity Kitten,diversity kitten,unknown
5943,Wheelchair Kitten,wheelchair kitten,unknown
5944,Skanky Girl,skanky girl,unknown
5945,Fatso,fatso,unknown
5946,Eunice,eunice,unknown
5948,Young Executive,young executive,unknown
5949,Woman Executive,woman executive,unknown
5950,Adult Audience,adult audience,unknown
5951,Tick-Tock,tick-tock,unknown
5952,Kevin Dillon,kevin dillon,unknown
5953,Crew Members,crew members,unknown
5954,Burly Crew Member,burly crew member,unknown
5955,JANEANE GAROFOLO,janeane garofolo,unknown
5956,Elderly Principal Skinner,elderly principal skinner,unknown
5957,Jiff,jiff,unknown
5958,Skippy,skippy,unknown
5959,Adult Milhouse,adult milhouse,unknown
5960,Zia,zia,unknown
5961,Robot Doctor,robot doctor,unknown
5962,Guitarist,guitarist,unknown
5963,Holo-book,holo-book,unknown
5964,Maude's Ghost,maudes ghost,unknown
5965,Ticket Agent,ticket agent,unknown
5966,Recorded Announcement,recorded announcement,unknown
5967,Australian Man,australian man,unknown
5968,Aged Burns,aged burns,unknown
5969,Adult Kearney,adult kearney,unknown
5970,Tree,tree,unknown
5971,Handsome Male Android,handsome male android,unknown
5972,Delivery Nurse,delivery nurse,unknown
5973,Adult Ralph,adult ralph,unknown
5974,Adult Ralph #2,adult ralph 2,unknown
5975,Adult Ralph #3,adult ralph 3,unknown
5976,Lenny,lenny,unknown
5977,Carl,carl,unknown
5978,Tsa Agent,tsa agent,unknown
5979,Tsa Baby,tsa baby,unknown
5980,Tsa Officer,tsa officer,unknown
5981,Ethnic Man,ethnic man,unknown
5982,Air Marshal,air marshal,unknown
5983,Mystery Man,mystery man,unknown
5984,Cbsbn Executive,cbsbn executive,unknown
5985,Lefty Loony,lefty loony,unknown
5986,Female Cbsbn Executive,female cbsbn executive,unknown
5987,Chris Christie,chris christie,unknown
5988,James Madison,james madison,unknown
5989,Other Car's Driver,other cars driver,unknown
5990,Fireman #1,fireman 1,unknown
5991,Fireman #2,fireman 2,unknown
5992,Fireman #3,fireman 3,unknown
5993,Male Twin,male twin,unknown
5994,2nd Male Twin,2nd male twin,unknown
5995,Mexican Duffman,mexican duffman,unknown
5996,Bar Rag,bar rag,unknown
5997,Bartholomé,bartholomé,unknown
5998,Lise,lise,unknown
5999,Marguerite,marguerite,unknown
6000,French Men,french men,unknown
6001,Homeur,homeur,unknown
6002,Archbishop Smithers,archbishop smithers,unknown
6003,Le Duc,le duc,unknown
6004,ARCHBISHOP,archbishop,unknown
6005,Sponge,sponge,unknown
6006,French Wiggum,french wiggum,unknown
6007,Adoring Young Women,adoring young women,unknown
6008,Viking Homer,viking homer,unknown
6009,Viking Lenny,viking lenny,unknown
6010,Monk #2,monk 2,unknown
6011,Monk #3,monk 3,unknown
6012,Persian Trader,persian trader,unknown
6013,Christian Homer,christian homer,unknown
6014,King Nelson,king nelson,unknown
6015,Discarded Wives,discarded wives,unknown
6016,Servant Jimbo,servant jimbo,unknown
6017,Scheherazade,scheherazade,unknown
6018,SCHERAZADE,scherazade,unknown
6019,Nobleman,nobleman,unknown
6020,Pope Julius,pope julius,unknown
6021,Michelangelo,michelangelo,unknown
6022,Rat,rat,unknown
6023,Union Soldier,union soldier,unknown
6024,Extra Large Underwear,extra large underwear,unknown
5939,Robert Marlowe,robert marlowe,m
5933,Slick Publisher,slick publisher,m
6026,Adam,adam,unknown
6027,Guy Driving By,guy driving by,unknown
6028,Frida,frida,unknown
6029,Jerri,jerri,unknown
6030,3rd Twin,3rd twin,unknown
6031,Pyramus' Father,pyramus father,unknown
6032,Thisbe,thisbe,unknown
6033,Parrot,parrot,unknown
6034,Voice From Tv,voice from tv,unknown
6035,Hadley,hadley,unknown
6036,Pauline Pfeiffer,pauline pfeiffer,unknown
6037,Marlin,marlin,unknown
6038,Cloaked Member,cloaked member,unknown
6039,HANK WILLIAMS,hank williams,unknown
6040,Shelbyville Announcer,shelbyville announcer,unknown
6041,Julian Assange,julian assange,unknown
6042,Paula Paul,paula paul,unknown
6043,Marine,marine,unknown
6044,Perky Checkout Lady,perky checkout lady,unknown
6045,Shepard Fairey,shepard fairey,unknown
6046,Robbie Conal,robbie conal,unknown
6047,Kenny Scharf,kenny scharf,unknown
6048,Pompous Arts Editor,pompous arts editor,unknown
6049,Arts Editors,arts editors,unknown
6050,Ron English,ron english,unknown
6051,Thought Bubble Apu,thought bubble apu,unknown
6052,Store Worker,store worker,unknown
6053,MUCH-SCARIER DEATH,much-scarier death,unknown
6054,"""Shorts"" Bart",shorts bart,unknown
6055,"""Shorts"" Homer",shorts homer,unknown
6056,"""Shorts"" Lisa",shorts lisa,unknown
6057,"""Shorts"" Marge",shorts marge,unknown
6058,Sideshow Mel Shakespeare,sideshow mel shakespeare,unknown
6059,Moes,moes,unknown
6060,FLANDERS' MOUTH AND MOUSTACHE,flanders mouth and moustache,unknown
6061,Lang-Soo,lang-soo,unknown
6062,Table Of Brunchers,table of brunchers,unknown
6063,BEAUTIFUL BOY,beautiful boy,unknown
6064,Robot Catcher,robot catcher,unknown
6065,Robot 3rd Baseman,robot 3rd baseman,unknown
6066,Pointing Robot,pointing robot,unknown
6067,Another Robot,another robot,unknown
6068,Yet Another Robot,yet another robot,unknown
6069,Dying Robot,dying robot,unknown
6070,Robot #3,robot 3,unknown
6071,Hound,hound,unknown
6072,Fishing Robot,fishing robot,unknown
6073,Fitness Salesman,fitness salesman,unknown
6074,Elderly Homer,elderly homer,unknown
6075,Elderly Marge,elderly marge,unknown
6076,Terrified Man,terrified man,unknown
6077,Jennifer Aniston,jennifer aniston,unknown
6078,Handsome Funny Guy,handsome funny guy,unknown
6079,Shirtless Rugged Man,shirtless rugged man,unknown
6080,Kitten,kitten,unknown
6081,Thought Bubble Jimbo,thought bubble jimbo,unknown
6082,1-Year-Old Homer,1-year-old homer,unknown
6083,Strange Man,strange man,unknown
6084,Giant Cat,giant cat,unknown
6085,Check-in Agent,check-in agent,unknown
6086,Tough Announcer,tough announcer,unknown
6088,Kidzone Rep,kidzone rep,unknown
6089,Caribbean Boy,caribbean boy,unknown
6090,Singaporean Girl,singaporean girl,unknown
6091,80-Year-Old Bart,80-year-old bart,unknown
6092,Elderly Nelson,elderly nelson,unknown
6093,Skeet Shooter,skeet shooter,unknown
6094,Captain Svalbard,captain svalbard,unknown
6095,Norwegian Ensign,norwegian ensign,unknown
6096,Joey Scazzazone,joey scazzazone,unknown
6097,Cult Followers,cult followers,unknown
6098,Filipino Steward,filipino steward,unknown
6099,Wheelchair Boy,wheelchair boy,unknown
6100,Dave the Lifeguard,dave the lifeguard,unknown
6101,Treat Williams,treat williams,unknown
6102,Portuguese Boy,portuguese boy,unknown
6103,Cruiser,cruiser,unknown
6104,Russian Businessman,russian businessman,unknown
6105,Criminal Guests,criminal guests,unknown
6106,German Criminal,german criminal,unknown
6107,Mistress,mistress,unknown
6109,Homer's Reflection,homers reflection,unknown
6110,Hufnpuffalus,hufnpuffalus,unknown
6111,Drug Lord,drug lord,unknown
6112,DRUG LORD'S WIFE,drug lords wife,unknown
6113,Feminist Left-handed Woman,feminist left-handed woman,unknown
6114,Strident Left-handed Man,strident left-handed man,unknown
6115,Lgbt Group,lgbt group,unknown
6116,Embarrassed Man,embarrassed man,unknown
6117,Christian Teacher,christian teacher,unknown
6118,Talking Dog,talking dog,unknown
6119,Older Flanders,older flanders,unknown
6120,College Grad Todd,college grad todd,unknown
6121,Sally Scantron Sheet,sally scantron sheet,unknown
6122,Peter Pencil,peter pencil,unknown
6123,SALLY/PETER,sallypeter,unknown
6124,Sleazy Sam,sleazy sam,unknown
6125,Farmwife,farmwife,unknown
6126,Pistons,pistons,unknown
6087,Rowan Priddis,rowan priddis,m
6108,CAIN,cain,m
6128,Senior Tsa Agent,senior tsa agent,unknown
6129,Wardrobe Man,wardrobe man,unknown
6130,Dangling Accountant,dangling accountant,unknown
6131,SPUCKLER KID,spuckler kid,unknown
6132,CROWD OW,crowd ow,unknown
6133,Voice Chip,voice chip,unknown
6134,Manhole Paparazzo,manhole paparazzo,unknown
6135,Egg Bearers,egg bearers,unknown
6136,Egg Bearer,egg bearer,unknown
6137,Crowd In Bleachers,crowd in bleachers,unknown
6138,Old Man Wellbottom,old man wellbottom,unknown
6139,J.J. Hunsecker,jj hunsecker,unknown
6140,N.Y. Father,ny father,unknown
6141,N.Y. Mother,ny mother,unknown
6142,Buff Cowboy,buff cowboy,unknown
6143,New York Cab Driver,new york cab driver,unknown
6144,Sophisticated Girl,sophisticated girl,unknown
6145,Theater Cashier,theater cashier,unknown
6146,New York Guy,new york guy,unknown
6147,Guitar Player,guitar player,unknown
6148,Shakespearean Vendor,shakespearean vendor,unknown
6149,Other Audience Members,other audience members,unknown
6150,Unidentified Baldwin,unidentified baldwin,unknown
6151,Unidentified Estevez,unidentified estevez,unknown
6152,Hipster Man,hipster man,unknown
6153,Shakespearean Actor,shakespearean actor,unknown
6154,New York Cop,new york cop,unknown
6155,Al Roker,al roker,unknown
6156,Barts,barts,unknown
6157,t,t,unknown
6158,Ethereal Being,ethereal being,unknown
6159,2nd Ethereal Being,2nd ethereal being,unknown
6160,Ethereal Beings,ethereal beings,unknown
6161,Little Marge,little marge,unknown
6162,PATTY/SELMA,pattyselma,unknown
6163,DEMONS,demons,unknown
6164,Mysterious Figure,mysterious figure,unknown
6165,Corrupt Pope Homer,corrupt pope homer,unknown
6166,Fop Homer,fop homer,unknown
6167,Caveman Homer,caveman homer,unknown
6168,Egyptian Slave Homer,egyptian slave homer,unknown
6169,Jeff Gordon,jeff gordon,unknown
6170,Evil Wizard,evil wizard,unknown
6171,Meredith Milgram,meredith milgram,unknown
6172,Septuplets,septuplets,unknown
6173,Thought Bubble Dr. Hibbert,thought bubble dr hibbert,unknown
6174,THOUGHT BUBBLE BERNICE,thought bubble bernice,unknown
6175,Roberto Dinero,roberto dinero,unknown
6176,ROBERT DINERO,robert dinero,unknown
6177,Female Orderly,female orderly,unknown
6178,Male Orderly,male orderly,unknown
6179,Burly Biker,burly biker,unknown
6180,Spiro,spiro,unknown
6181,YOUNG SPIRO,young spiro,unknown
6182,Marvin Hamlisch,marvin hamlisch,unknown
6183,CHANTEUSE,chanteuse,unknown
6184,YOUNG RITA,young rita,unknown
6185,RITA,rita,unknown
6186,Jennifer Tilly,jennifer tilly,unknown
6187,Puppet,puppet,unknown
6188,Dealer Avatar,dealer avatar,unknown
6189,Elderly Owner,elderly owner,unknown
6191,Joey the Arsonist,joey the arsonist,unknown
6192,Kenny the Problem,kenny the problem,unknown
6193,Bulgarian Woman,bulgarian woman,unknown
6194,Giant Grasshopper,giant grasshopper,unknown
6195,Teenage Female Voice,teenage female voice,unknown
6196,Teenage Female Voice #2,teenage female voice 2,unknown
6197,Relieved Mom,relieved mom,unknown
6198,Crazed Dad,crazed dad,unknown
6199,Girl's Mom,girls mom,unknown
6200,Barney Blimp,barney blimp,unknown
6201,Dejected Barfly,dejected barfly,unknown
6202,Auditor,auditor,unknown
6203,Pleasant Voice,pleasant voice,unknown
6204,Distinguished Elderly Voice,distinguished elderly voice,unknown
6205,7-Year-Old Brockman,7-year-old brockman,unknown
6206,Short Man,short man,unknown
6207,Upbeat Announcer,upbeat announcer,unknown
6208,Man With Tree Hat,man with tree hat,unknown
6209,Tree Hoper,tree hoper,unknown
6210,Seminar Leader,seminar leader,unknown
6211,Donut Man/terence,donut manterence,unknown
6213,T-Rex,t-rex,unknown
6214,YO-YO,yo-yo,unknown
6215,Tattoo Artist,tattoo artist,unknown
6216,Nursing Women,nursing women,unknown
6217,Nursing Toddler,nursing toddler,unknown
6218,Cool Kids,cool kids,unknown
6219,Colin Meloy,colin meloy,unknown
6220,Pretentious Rat Lover,pretentious rat lover,unknown
6221,Futuristic Man,futuristic man,unknown
6222,Old-timey Hipster,old-timey hipster,unknown
6223,MyPhone,myphone,unknown
6224,Cool People,cool people,unknown
6225,Villageville Crowd,villageville crowd,unknown
6226,Electronic Donkey Voice,electronic donkey voice,unknown
6227,Bongo,bongo,unknown
6228,Baby Homer,baby homer,unknown
6229,Toad,toad,unknown
6212,Terence,terence,m
6230,Young Herman,young herman,unknown
6231,12-Year-Old Lou,12-year-old lou,unknown
6232,Miss Viola,miss viola,unknown
6233,Other Dad,other dad,unknown
6234,Mom With Laser,mom with laser,unknown
6235,Moms,moms,unknown
6236,Red Dad,red dad,unknown
6237,Furious Dad,furious dad,unknown
6238,Psycho Dad,psycho dad,unknown
6239,Ape Heads,ape heads,unknown
6241,Dr. Eugene Blatz,dr eugene blatz,unknown
6242,Overlord,overlord,unknown
6243,Post-apocalyptic Crowd,post-apocalyptic crowd,unknown
6244,Prepper,prepper,unknown
6245,Zombie Kid,zombie kid,unknown
6246,Zombie Dad,zombie dad,unknown
6247,MOLEMAN JR.,moleman jr,unknown
6248,Jennifer,jennifer,unknown
6249,Angel Skinner,angel skinner,unknown
6250,Mrs. Skinner Devil,mrs skinner devil,unknown
6251,Popeyes,popeyes,unknown
6252,Wrecking Ball Operator,wrecking ball operator,unknown
6253,Bird Wrangler,bird wrangler,unknown
6254,Mav,mav,unknown
6255,Portia,portia,unknown
6256,Mav's Dad,mavs dad,unknown
6257,Male Gps,male gps,unknown
6258,Musicologist,musicologist,unknown
6259,Other Musicologist,other musicologist,unknown
6260,French-canadian Mountain Man,french-canadian mountain man,unknown
6261,HILLBILLY M.C.,hillbilly mc,unknown
6262,Barry the Satellite TV Guy,barry the satellite tv guy,unknown
6263,Devon Peacock,devon peacock,unknown
6264,SUPERHERO WITH CLAWS,superhero with claws,unknown
6265,Max Weinberg,max weinberg,unknown
6266,Brazilian Man,brazilian man,unknown
6267,Brazilian 12-year-old Boy,brazilian 12-year-old boy,unknown
6268,Melvis,melvis,unknown
6269,Caricature,caricature,unknown
6270,Ol' Joe Clabby,ol joe clabby,unknown
6271,Front Desk Man,front desk man,unknown
6272,Kicked-out Husband #1,kicked-out husband 1,unknown
6273,Kicked-out Husband #2,kicked-out husband 2,unknown
6274,Robert A. Caro,robert a caro,unknown
6275,ALAN RICKMAN,alan rickman,unknown
6276,Video Game Woman,video game woman,unknown
6277,Futuristic Computer,futuristic computer,unknown
6278,Sensitive Female Voice,sensitive female voice,unknown
6279,Hillbilly,hillbilly,unknown
6280,Hillbilly #2,hillbilly 2,unknown
6281,Face,face,unknown
6282,Storytime Sue,storytime sue,unknown
6284,DUFFMAN VOICE MILHOUSE,duffman voice milhouse,unknown
6285,Cute Puppet,cute puppet,unknown
6286,Bus Vendor,bus vendor,unknown
6287,Bus Station Guy,bus station guy,unknown
6288,P.R. Person,pr person,unknown
6289,Macho Narrator,macho narrator,unknown
6290,CJ Ramone,cj ramone,unknown
6291,Oldsters,oldsters,unknown
6292,Angry Crowd,angry crowd,unknown
6293,Glamorous Godfrey,glamorous godfrey,unknown
6294,Swedish Wrestler,swedish wrestler,unknown
6295,Elderly Audience,elderly audience,unknown
6296,Nerdy Fat Kid,nerdy fat kid,unknown
6298,Nurse Dora,nurse dora,unknown
6299,Capri,capri,unknown
6300,Richard Dawkins Demon,richard dawkins demon,unknown
6301,Color Man,color man,unknown
6302,Man Stuck Inside,man stuck inside,unknown
6303,Middle-aged Jasper,middle-aged jasper,unknown
6304,Janet Reno,janet reno,unknown
6305,Middle-aged Jewish Man,middle-aged jewish man,unknown
6306,Justine,justine,unknown
6307,School Courtroom,school courtroom,unknown
6308,Evil Scientist,evil scientist,unknown
6309,Superspy,superspy,unknown
6310,Chef Naziwa,chef naziwa,unknown
6311,Male Diner,male diner,unknown
6312,Stella,stella,unknown
6313,Stanley Kowalski,stanley kowalski,unknown
6314,Stanley Kowalski Milhouse,stanley kowalski milhouse,unknown
6315,School Therapist,school therapist,unknown
6316,Searchy,searchy,unknown
6317,Brando's Head,brandos head,unknown
6318,KARL MALDEN,karl malden,unknown
6319,Piece Of Sushi,piece of sushi,unknown
6320,GHIBLI-ESQUE CREATURES,ghibli-esque creatures,unknown
6321,Chefs,chefs,unknown
6322,Fat Brando,fat brando,unknown
6323,Sex Shop Salesman,sex shop salesman,unknown
6324,Sushi Piece,sushi piece,unknown
6325,2nd Sushi Piece,2nd sushi piece,unknown
6327,Female Parishioners,female parishioners,unknown
6328,Parishioners,parishioners,unknown
6329,Oogle Driver,oogle driver,unknown
6330,Oogle Worker,oogle worker,unknown
6331,Warm Female Voice,warm female voice,unknown
6332,Male Singers,male singers,unknown
6326,Rev. Hooper,rev hooper,m
6297,Ms. Cantwell,ms cantwell,f
6240,Lloyd,lloyd,m
6333,Ken,ken,unknown
6334,Doesn't Like Anything,doesnt like anything,unknown
6335,Cop With A Secret,cop with a secret,unknown
6336,Sonny Rollins,sonny rollins,unknown
6337,Man In Van,man in van,unknown
6338,Princess Diana,princess diana,unknown
6339,Gandhi,gandhi,unknown
6340,Stockbrokers,stockbrokers,unknown
6341,Frink-E-Min,frink-e-min,unknown
6342,Slava,slava,unknown
6343,Zhenya,zhenya,unknown
6344,Vigorous Older Man,vigorous older man,unknown
6345,Justin Bieber,justin bieber,unknown
6346,Men In Audience,men in audience,unknown
6347,Male British Announcer,male british announcer,unknown
6348,Planet Jackson,planet jackson,unknown
6349,French Scientist,french scientist,unknown
6350,Blaise Pascal,blaise pascal,unknown
6351,Silly Squirrel,silly squirrel,unknown
6352,Male Icelander,male icelander,unknown
6353,Ingimar,ingimar,unknown
6354,Icelanders,icelanders,unknown
6355,Female Icelander,female icelander,unknown
6356,Wise Old Icelander,wise old icelander,unknown
6357,Carl's Father,carls father,unknown
6358,Everyone In Iceland,everyone in iceland,unknown
6359,1-Year-Old Bart,1-year-old bart,unknown
6360,1-Year-Old Nelson,1-year-old nelson,unknown
6361,Hippie-looking Guy,hippie-looking guy,unknown
6362,Pbs Announcer,pbs announcer,unknown
6363,Mr. Drake,mr drake,unknown
6364,Polly,polly,unknown
6365,Lord Upton,lord upton,unknown
6366,DOWAGER GRANDMUM,dowager grandmum,unknown
6367,Homer's Friends,homers friends,unknown
6368,800-Pound Homer,800-pound homer,unknown
6369,Thought Bubble Ben,thought bubble ben,unknown
6370,George H. W. Bush,george h w bush,unknown
6371,Booth Worker,booth worker,unknown
6372,Frumpy Friend,frumpy friend,unknown
6373,Halpern,halpern,unknown
6374,Official-sounding Voice,official-sounding voice,unknown
6375,Fat In The Hat,fat in the hat,unknown
6376,Borax,borax,unknown
6377,Fighter Pilots,fighter pilots,unknown
6378,Fighter Pilot #1,fighter pilot 1,unknown
6379,Fighter Pilot #2,fighter pilot 2,unknown
6380,Legless Wiseguy,legless wiseguy,unknown
6381,Big Mouth,big mouth,unknown
6382,Freaks,freaks,unknown
6383,Kent Brockman's Thoughts,kent brockmans thoughts,unknown
6384,MR. BURNS.,mr burns,unknown
6385,Lilah,lilah,unknown
6386,Rachel Maddow,rachel maddow,unknown
6387,Dexter Colt,dexter colt,unknown
6388,newsstand Operator,newsstand operator,unknown
6389,Siri,siri,unknown
6390,Marksman,marksman,unknown
6391,NANCY SINATRA-TYPE SINGER,nancy sinatra-type singer,unknown
6392,MAN ON FIRE,man on fire,unknown
6393,MAN WITH WINGS,man with wings,unknown
6394,WILLIAM CONRAD-STYLE NARRATOR,william conrad-style narrator,unknown
6395,GRETCHEN,gretchen,unknown
6396,LAMAZE INSTRUCTOR,lamaze instructor,unknown
6397,CALLIOPE,calliope,unknown
6398,TOY COW,toy cow,unknown
6399,JOY,joy,unknown
6400,HOMER JR.,homer jr,unknown
6402,Drivers,drivers,unknown
6403,Pigsty,pigsty,unknown
6404,1st First Grader,1st first grader,unknown
6405,2nd First Grader,2nd first grader,unknown
6406,Walter Mondale,walter mondale,unknown
6407,John Kerry,john kerry,unknown
6408,Anderson Cooper,anderson cooper,unknown
6409,Male Singer,male singer,unknown
6410,Female Astronaut,female astronaut,unknown
6411,Sea Sponge,sea sponge,unknown
6412,Squiduardo,squiduardo,unknown
6413,Widowfish,widowfish,unknown
6414,President Obama,president obama,unknown
6415,Aspiring Krustys,aspiring krustys,unknown
6416,Rastafarian Krusty,rastafarian krusty,unknown
6417,Jamaican Singers,jamaican singers,unknown
6418,Itchem,itchem,unknown
6419,Somber Irish Krusty,somber irish krusty,unknown
6420,Irish Clown Father,irish clown father,unknown
6421,Pregnant Irish Girl,pregnant irish girl,unknown
6422,IRISH KRUSTY,irish krusty,unknown
6423,Krustys,krustys,unknown
6424,Mexican Krusty,mexican krusty,unknown
6425,Botswana Krusty,botswana krusty,unknown
6426,Jimmy Stewart,jimmy stewart,unknown
6427,Mechanical Spider,mechanical spider,unknown
6428,Slavic Man,slavic man,unknown
6429,Midwestern Dad,midwestern dad,unknown
6430,Midwestern Woman,midwestern woman,unknown
6431,Boarder,boarder,unknown
6432,Female Boarder,female boarder,unknown
6433,Out-of-towners,out-of-towners,unknown
6434,Church Reporter,church reporter,unknown
6642,CGI HOMER,cgi homer,unknown
6435,Female Tourist,female tourist,unknown
6436,Honeymooning Bride,honeymooning bride,unknown
6437,King Winter,king winter,unknown
6438,Child's Mother,childs mother,unknown
6439,Child's Father,childs father,unknown
6440,Nasreen,nasreen,unknown
6441,Boarders,boarders,unknown
6442,Singing Man,singing man,unknown
6443,British Tourist,british tourist,unknown
6444,Plant Employee #1,plant employee 1,unknown
6445,Plant Employee #2,plant employee 2,unknown
6446,The Collider,the collider,unknown
6447,Altar Boy,altar boy,unknown
6448,Raiders Dad,raiders dad,unknown
6449,Altar Boy Usher,altar boy usher,unknown
6450,Serious Announcer,serious announcer,unknown
6451,Paul Rudd,paul rudd,unknown
6452,Leslie Mann,leslie mann,unknown
6453,Sleazy Executive,sleazy executive,unknown
6454,Deputy Director Gratman,deputy director gratman,unknown
6455,Young Fbi Agent,young fbi agent,unknown
6456,Fbi Trooper #1,fbi trooper 1,unknown
6457,Fbi Trooper #2,fbi trooper 2,unknown
6458,Fbi Trooper #3,fbi trooper 3,unknown
6459,Criminal #1,criminal 1,unknown
6460,Criminal #2,criminal 2,unknown
6461,Criminals,criminals,unknown
6462,Criminal #3,criminal 3,unknown
6463,Gottfrid,gottfrid,unknown
6464,Death Metal Lead Singer,death metal lead singer,unknown
6465,Judd Apatow,judd apatow,unknown
6466,SETH ROGEN,seth rogen,unknown
6467,Producers,producers,unknown
6468,Federal Judge,federal judge,unknown
6469,Producer #1,producer 1,unknown
6470,Producer #2,producer 2,unknown
6471,Producer #3,producer 3,unknown
6472,Producer #4,producer 4,unknown
6473,Channing Tatum,channing tatum,unknown
6474,GRIM ANNOUNCER,grim announcer,unknown
6475,Radioactive Man's Thoughts,radioactive mans thoughts,unknown
6476,The Fracker,the fracker,unknown
6477,Charcoal Briquette,charcoal briquette,unknown
6478,Citizen Solar,citizen solar,unknown
6479,Wind Lad,wind lad,unknown
6480,Petroleus Rex,petroleus rex,unknown
6481,Harlan Ellison,harlan ellison,unknown
6482,Strawberry,strawberry,unknown
6483,Real Stan Lee,real stan lee,unknown
6484,Kumiko,kumiko,unknown
6485,Jim-jam Bonks,jim-jam bonks,unknown
6486,Yutaka,yutaka,unknown
6487,Michiko,michiko,unknown
6488,Bart Snail,bart snail,unknown
6489,Stress Ball,stress ball,unknown
6490,Will Lyman,will lyman,unknown
6491,Anonymous Expert,anonymous expert,unknown
6492,Glasses,glasses,unknown
6493,Hershey's Kid,hersheys kid,unknown
6494,Owl Valentine,owl valentine,unknown
6495,Jonesy,jonesy,unknown
6496,Dr. Carlock,dr carlock,unknown
6497,Rev. Kartawijaya,rev kartawijaya,unknown
6498,Devil Kid,devil kid,unknown
6499,Kid With Lisp,kid with lisp,unknown
6501,FREEDOM,freedom,unknown
6502,Comic Book Guy's Bird,comic book guys bird,unknown
6503,Animated Krusty,animated krusty,unknown
6504,Alarmist Narrator,alarmist narrator,unknown
6505,Jenny McCarthy,jenny mccarthy,unknown
6506,Monsarno Rep,monsarno rep,unknown
6507,Researcher,researcher,unknown
6508,Teens,teens,unknown
6509,Docent,docent,unknown
6510,Worker On Ground,worker on ground,unknown
6511,Worker On Ladder,worker on ladder,unknown
6512,Hibbert's Father,hibberts father,unknown
6513,City Health Employee,city health employee,unknown
6514,Old Jewish Man's Late Wife,old jewish mans late wife,unknown
6515,Uncle Bill,uncle bill,unknown
6516,Bingo Caller,bingo caller,unknown
6517,Old Man #1,old man 1,unknown
6518,Old Man #2,old man 2,unknown
6519,Mildred,mildred,unknown
6520,Female Dj,female dj,unknown
6521,FEMALE D. J.,female d j,unknown
6522,Gang Member,gang member,unknown
6523,S.a.t. Prepper #1,sat prepper 1,unknown
6524,S.a.t. Prepper #2,sat prepper 2,unknown
6525,Crowds,crowds,unknown
6526,DAWN,dawn,unknown
6527,Speedo Salesman,speedo salesman,unknown
6528,Sabine,sabine,unknown
6529,KLAUS ZIEGLER,klaus ziegler,unknown
6530,Stephen Douglas,stephen douglas,unknown
6531,Elderly Japanese Man,elderly japanese man,unknown
6532,Ezra,ezra,unknown
6533,Federation Executive,federation executive,unknown
6534,FEDERATION EXECUTIVE #2,federation executive 2,unknown
6535,Brazilian Lady,brazilian lady,unknown
6536,Voice From Tablet,voice from tablet,unknown
6537,Brazilian Fans,brazilian fans,unknown
6538,El Divo,el divo,unknown
6539,ANDRES CANTOR,andres cantor,unknown
6540,Spanish Announcer,spanish announcer,unknown
6541,Antonio,antonio,unknown
6542,2nd Gambler,2nd gambler,unknown
6543,Samba Instructor,samba instructor,unknown
6544,Man In Robe,man in robe,unknown
6545,Drycleaner Guys,drycleaner guys,unknown
6546,Brazil Fan,brazil fan,unknown
6547,German Fan,german fan,unknown
6548,Older German Man,older german man,unknown
6549,Brazilians,brazilians,unknown
6550,Softball Player,softball player,unknown
6551,Body Shop Clerk,body shop clerk,unknown
6552,Lucas,lucas,unknown
6553,MARGE 7,marge 7,unknown
6554,Adult Lucas,adult lucas,unknown
6555,JERRY,jerry,unknown
6556,Adult Jenda,adult jenda,unknown
6557,DINOSAUR TRAINER,dinosaur trainer,unknown
6558,ZOMBIE MILHOUSE,zombie milhouse,unknown
6559,BRUNETTE,brunette,unknown
6560,Alien Woman,alien woman,unknown
6561,Adult Dolph,adult dolph,unknown
6562,CHIEF RALPH,chief ralph,unknown
6563,PICARD,picard,unknown
6564,Adult Maggie,adult maggie,unknown
6565,SANTA'S LITTLE HYBRID,santas little hybrid,unknown
6566,SELF-DRIVING CAR,self-driving car,unknown
6567,Bartenders,bartenders,unknown
6568,Hispanic Guy In Truck,hispanic guy in truck,unknown
6569,Mrs. Trunch,mrs trunch,unknown
6570,Haitian Woman,haitian woman,unknown
6571,20-something Wife,20-something wife,unknown
6572,20-something Husband,20-something husband,unknown
6573,12-Year-Old Homer,12-year-old homer,unknown
6574,Cats,cats,unknown
6575,BRITISH MAN,british man,unknown
6576,Booth,booth,unknown
6577,Snooty Judge,snooty judge,unknown
6578,Cathy,cathy,unknown
6579,Wallis,wallis,unknown
6580,WISEGUY BOY,wiseguy boy,unknown
6581,GUS HUEBNER,gus huebner,unknown
6582,Tumi,tumi,unknown
6583,Peter Sagal,peter sagal,unknown
6584,Carl Kasell,carl kasell,unknown
6585,Minority Whip,minority whip,unknown
6586,Mean Girl,mean girl,unknown
6587,Edwin Moses,edwin moses,unknown
6588,Super Milhouse,super milhouse,unknown
6589,Lisping Boy,lisping boy,unknown
6590,Cassidy The Crocodile,cassidy the crocodile,unknown
6591,Henrietta Kitten,henrietta kitten,unknown
6592,KRUSTY'S HEAD,krustys head,unknown
6593,JEFF ROSS,jeff ross,unknown
6594,SARAH SILVERMAN,sarah silverman,unknown
6595,RABBIS,rabbis,unknown
6596,RABBI RUDENSTEIN,rabbi rudenstein,unknown
6597,TEENAGED KRUSTY,teenaged krusty,unknown
6598,CLIVE MERIWETHER,clive meriwether,unknown
6599,DAVID HYDE PIERCE,david hyde pierce,unknown
6600,NEIL SIMON,neil simon,unknown
6601,MIDDLE-AGED KRUSTY,middle-aged krusty,unknown
6602,GERMAN HOUSEKEEPER,german housekeeper,unknown
6603,RODNEY DANGERFIELD,rodney dangerfield,unknown
6604,RESUSCI-ANNIE,resusci-annie,unknown
6605,CEELO GREEN-TYPE,ceelo green-type,unknown
6607,GITMO,gitmo,unknown
6608,NFL NARRATOR,nfl narrator,unknown
6609,CAPTAIN BOWDITCH/SAILORS,captain bowditchsailors,unknown
6610,TRUDY ZENGLER,trudy zengler,unknown
6611,KID DEMON,kid demon,unknown
6612,BULLY DEMON,bully demon,unknown
6613,SCREAMING TORSO,screaming torso,unknown
6614,DEMON GIRL,demon girl,unknown
6615,PRINCIPAL HEAD #2,principal head 2,unknown
6616,DEMON TEACHER,demon teacher,unknown
6617,JEFFISTOPHELES,jeffistopheles,unknown
6618,JOCK DEMON,jock demon,unknown
6619,HOT STUFF,hot stuff,unknown
6620,PRINCIPAL HEAD #1,principal head 1,unknown
6621,NOAH WEBSTER,noah webster,unknown
6622,MISERABLE MAN,miserable man,unknown
6624,WISEGUYS,wiseguys,unknown
6625,MOOG/LEONARD/CARLTON/DUM,moogleonardcarltondum,unknown
6626,DUM,dum,unknown
6627,LEONARD/CARLTON,leonardcarlton,unknown
6628,PARTYGOER,partygoer,unknown
6629,STANLEY KUBRICK,stanley kubrick,unknown
6630,AL BUNDY,al bundy,unknown
6631,PEG ALIEN,peg alien,unknown
6632,ORIGINAL MARGE,original marge,unknown
6633,ORIGINAL HOMER,original homer,unknown
6634,ORIGINAL BART,original bart,unknown
6635,REGULAR GHOST MARGE,regular ghost marge,unknown
6636,REGULAR GHOST LISA,regular ghost lisa,unknown
6637,REGULAR GHOST HOMER,regular ghost homer,unknown
6638,ORIGINAL GHOST MARGE,original ghost marge,unknown
6639,REGULAR GHOST MARGE/ ORIGINAL GHOST MARGE,regular ghost marge original ghost marge,unknown
6640,ORIGINAL GHOST BART,original ghost bart,unknown
6641,ORIGINAL GHOST HOMER,original ghost homer,unknown
6623,MOOG,moog,m
6643,CGI DOG,cgi dog,unknown
6644,MINION MARGE SIMPSON,minion marge simpson,unknown
6645,MINION HOMER SIMPSON,minion homer simpson,unknown
6646,ORIGINAL GHOST LISA,original ghost lisa,unknown
6648,MUTANT CHARLIE,mutant charlie,unknown
6649,MAXINE,maxine,unknown
6650,HEDONISMBOT,hedonismbot,unknown
6651,JUKEBOX RECORD,jukebox record,unknown
6652,LEELA,leela,unknown
6653,FRY,fry,unknown
6655,HERMES,hermes,unknown
6656,DR. ZOIDBERG,dr zoidberg,unknown
6657,FRY/PROFESSOR/LEELA,fryprofessorleela,unknown
6658,MORBO,morbo,unknown
6659,LINDA,linda,unknown
6660,BART GOBLINS,bart goblins,unknown
6661,SCRUFFY,scruffy,unknown
6662,SPOILED 2-YEAR-OLD,spoiled 2-year-old,unknown
6663,LRRR,lrrr,unknown
6664,NDND,ndnd,unknown
6665,TEACHER IN BACK,teacher in back,unknown
6666,MR. LASSEN,mr lassen,unknown
6667,DESERT HIPSTER,desert hipster,unknown
6668,CUPCAKE MAN,cupcake man,unknown
6669,BLAZING GUY VETERAN,blazing guy veteran,unknown
6670,HIPSTER WOMAN,hipster woman,unknown
6671,TUBA PLAYER,tuba player,unknown
6672,BLAZING GUY HIPSTER,blazing guy hipster,unknown
6673,FIRE PRIESTESS,fire priestess,unknown
6674,2ND REVELER,2nd reveler,unknown
6675,MAN IN CENTER OF PRISON,man in center of prison,unknown
6676,NELSON COMET,nelson comet,unknown
6677,KING TOOT,king toot,unknown
6678,GUITAR CENTRAL EMPLOYEE #1,guitar central employee 1,unknown
6679,STIG,stig,unknown
6680,SUNGAZER SINGER,sungazer singer,unknown
6681,NICK DELACOURT,nick delacourt,unknown
6682,PETER D'ABBRUZIO,peter dabbruzio,unknown
6683,SHREDDER STEVENS,shredder stevens,unknown
6684,LORDS OF ROCK,lords of rock,unknown
6685,SAMMY HAGAR,sammy hagar,unknown
6686,FREDDY FREEMAN,freddy freeman,unknown
6687,FORUM ANNOUNCER,forum announcer,unknown
6688,COVERCRAFT,covercraft,unknown
6689,R3,r3,unknown
6690,GOLDEN ROBOT,golden robot,unknown
6691,KARAOKE MACHINE,karaoke machine,unknown
6692,WISEGUY VENDOR,wiseguy vendor,unknown
6693,BLUE,blue,unknown
6694,NUTCRACKER,nutcracker,unknown
6695,SCARECROW,scarecrow,unknown
6696,ITALIAN FATHER,italian father,unknown
6697,WISE ELDERLY ALIEN,wise elderly alien,unknown
6698,PIRATES,pirates,unknown
6699,MANIC MOUSE,manic mouse,unknown
6700,COOL ZONE RECORDING,cool zone recording,unknown
6701,PARKGOERS,parkgoers,unknown
6702,ALIEN PORN STAR/FEMALE ALIEN PORN STAR,alien porn starfemale alien porn star,unknown
6703,FLYING SQUIRREL,flying squirrel,unknown
6704,ALIEN ATTORNEY,alien attorney,unknown
6705,BAGPIPER,bagpiper,unknown
6706,ALIEN MOM,alien mom,unknown
6707,ALIEN MOM/ALIEN KIDS,alien momalien kids,unknown
6708,YOUNG FEMALE CREATURE,young female creature,unknown
6709,INTELLECTUAL ALIEN,intellectual alien,unknown
6710,ALIEN ANNOUNCER #1,alien announcer 1,unknown
6711,KLAUNAX,klaunax,unknown
6712,SWEET MALE VOICES,sweet male voices,unknown
6713,GENTLE VOICE,gentle voice,unknown
6714,ALIEN MAN,alien man,unknown
6715,SPACE BROCCOLI,space broccoli,unknown
6716,DON BOOKNER,don bookner,unknown
6717,CIRCUS AUDIENCE,circus audience,unknown
6718,FINGERNAIL MAN,fingernail man,unknown
6719,SVEN-GOLLY,sven-golly,unknown
6721,ELON,elon,unknown
6722,IMAGINER,imaginer,unknown
6723,YOUNG JEWISH MAN,young jewish man,unknown
6724,YOUNG MOLEMAN,young moleman,unknown
6725,TUSCALOOSA PEOPLE,tuscaloosa people,unknown
6726,PHARRELL WILLIAMS,pharrell williams,unknown
6727,PRIDESTERS,pridesters,unknown
6728,ALBERT,albert,unknown
6729,LANEY FONTAINE,laney fontaine,unknown
6730,LADY DUFF,lady duff,unknown
6731,BOOK CLUB MEMBER,book club member,unknown
6732,OTHER BOOK CLUB MEMBER,other book club member,unknown
6733,HEAD INSPECTOR,head inspector,unknown
6734,SIKH CAB DRIVER,sikh cab driver,unknown
6735,JIM IGNATOWSKI,jim ignatowski,unknown
6736,CHAPIN-LIKE SINGER,chapin-like singer,unknown
6737,HARRY CHAPIN-TYPE SINGER,harry chapin-type singer,unknown
6738,CABBIES,cabbies,unknown
6739,SMILE,smile,unknown
6741,PEDICAB DRIVER,pedicab driver,unknown
6742,SMITHERS' THOUGHTS,smithers thoughts,unknown
6743,AGED MOE,aged moe,unknown
6744,RICHARD BRANSON,richard branson,unknown
6745,CHURCH GROUP,church group,unknown
6740,KEMI,kemi,f
6647,MAXINE LOMBARD,maxine lombard,f
6746,COCKTAIL WAITRESSES,cocktail waitresses,unknown
6747,SECURITY THUG #1,security thug 1,unknown
6748,SECURITY THUG #2,security thug 2,unknown
6749,LATINO WORKERS,latino workers,unknown
2,Homer Simpson,homer simpson,m
15,C. Montgomery Burns,c montgomery burns,m
139,Krusty the Clown,krusty the clown,m
140,Rev. Timothy Lovejoy,rev timothy lovejoy,m
801,Comic Book Guy,comic book guy,m
56,Narrator,narrator,m
1413,Cletus Spuckler,cletus spuckler,m
2369,Gil Gunderson,gil gunderson,m
1508,The Rich Texan,the rich texan,m
1114,Rainier Wolfcastle,rainier wolfcastle,m
1975,Manjula Nahasapeemapetilon,manjula nahasapeemapetilon,f
3843,Declan Desmond,declan desmond,m
3057,Lindsay Naegle,lindsay naegle,f
5947,Annie Crawford,annie crawford,f
2256,Frank Grimes,frank grimes,m
6190,Dan Gillick,dan gillick,m
2065,Drederick Tatum,drederick tatum,m
5152,Chazz Busby,chazz busby,m
3853,Julio,julio,m
5848,Raymondo,raymondo,m
5625,Shauna Chalmers,shauna chalmers,f
1336,Female Executive,female executive,f
3390,Judge Harm,judge harm,f
2513,Ray Magini,ray magini,m
6127,Lady Gaga,lady gaga,f
108,Herman Hermann,herman hermann,m
6720,ELON MUSK,elon musk,m
6500,Diggs,diggs,m
1653,Jay,jay,m
5369,Parson,parson,m
4234,CHLOE,chloe,f
5830,Cheech,cheech,m
2675,Wally,wally,m
844,Llewellyn Sinclair,llewellyn sinclair,m
3266,L.T. Smash,lt smash,m
1548,Ben,ben,m
6654,PROFESSOR FARNSWORTH,professor farnsworth,m
156,Security Guard,security guard,m
5012,Dwight,dwight,m
3995,Roofi,roofi,m
3289,Howard K. Duff VIII,howard k duff viii,m
6401,Isabel Gutierrez,isabel gutierrez,f
5453,Lyle McCarthy,lyle mccarthy,m
5547,Bob Costas,bob costas,m
2710,Saleswoman,saleswoman,f
1577,Dr. Zweig,dr zweig,f
5228,Patrick,patrick,m
4715,Lunchlady Dora,lunchlady dora,f
5301,Juliet Hobbes,juliet hobbes,f
2973,Brother Faith,brother faith,m
3159,Jesse Grass,jesse grass,m
4335,Madam Wu,madam wu,f
669,Horst,horst,m
3677,Mrs. McConnell,mrs mcconnell,f
4116,Gina Vendetti,gina vendetti,f
2859,Lifeways Editor,lifeways editor,m
4821,Captain Jack,captain jack,m
6606,CAPTAIN BOWDITCH,captain bowditch,m
5222,Ron Rabinowitz,ron rabinowitz,m
5728,Martha Stewart,martha stewart,f
1770,Officer Goodman,officer goodman,m
1634,Evan Conover,evan conover,m
1868,Agent Johnson,agent johnson,m
