character_id,name,episode_id,season,number_in_season,title,imdb_rating,total_words,total_sentences,avg_words_per_sentence
33,Announcer,1,1,1,Simpsons Roasting on an Open Fire,8.2,131,8,16.375
8,Bart Simpson,1,1,1,Simpsons Roasting on an Open Fire,8.2,335,49,6.836734693877551
15,C. Montgomery Burns,1,1,1,Simpsons Roasting on an Open Fire,8.2,45,3,15.0
31,Grampa Simpson,1,1,1,Simpsons Roasting on an Open Fire,8.2,4,2,2.0
2,Homer Simpson,1,1,1,Simpsons Roasting on an Open Fire,8.2,900,113,7.964601769911504
9,Lisa Simpson,1,1,1,Simpsons Roasting on an Open Fire,8.2,222,21,10.571428571428571
1,Marge Simpson,1,1,1,Simpsons Roasting on an Open Fire,8.2,373,42,8.880952380952381
25,Milhouse Van Houten,1,1,1,Simpsons Roasting on an Open Fire,8.2,19,2,9.5
17,Moe Szyslak,1,1,1,Simpsons Roasting on an Open Fire,8.2,26,2,13.0
11,Ned Flanders,1,1,1,Simpsons Roasting on an Open Fire,8.2,56,7,8.0
3,Seymour Skinner,1,1,1,Simpsons Roasting on an Open Fire,8.2,47,3,15.666666666666666
14,Waylon Smithers,1,1,1,Simpsons Roasting on an Open Fire,8.2,18,2,9.0
8,Bart Simpson,2,1,2,Bart the Genius,7.8,619,81,7.6419753086419755
40,Edna Krabappel-Flanders,2,1,2,Bart the Genius,7.8,87,8,10.875
2,Homer Simpson,2,1,2,Bart the Genius,7.8,543,55,9.872727272727273
9,Lisa Simpson,2,1,2,Bart the Genius,7.8,71,10,7.1
1,Marge Simpson,2,1,2,Bart the Genius,7.8,173,23,7.521739130434782
25,Milhouse Van Houten,2,1,2,Bart the Genius,7.8,9,2,4.5
3,Seymour Skinner,2,1,2,Bart the Genius,7.8,174,18,9.666666666666666
8,Bart Simpson,3,1,3,Homer's Odyssey,7.5,209,32,6.53125
15,C. Montgomery Burns,3,1,3,Homer's Odyssey,7.5,182,13,14.0
71,Chief Wiggum,3,1,3,Homer's Odyssey,7.5,34,1,34.0
40,Edna Krabappel-Flanders,3,1,3,Homer's Odyssey,7.5,191,14,13.642857142857142
2,Homer Simpson,3,1,3,Homer's Odyssey,7.5,852,58,14.689655172413794
9,Lisa Simpson,3,1,3,Homer's Odyssey,7.5,54,11,4.909090909090909
1,Marge Simpson,3,1,3,Homer's Odyssey,7.5,137,13,10.538461538461538
17,Moe Szyslak,3,1,3,Homer's Odyssey,7.5,80,8,10.0
14,Waylon Smithers,3,1,3,Homer's Odyssey,7.5,107,8,13.375
33,Announcer,4,1,4,There's No Disgrace Like Home,7.8,50,2,25.0
8,Bart Simpson,4,1,4,There's No Disgrace Like Home,7.8,189,42,4.5
15,C. Montgomery Burns,4,1,4,There's No Disgrace Like Home,7.8,203,18,11.277777777777779
2,Homer Simpson,4,1,4,There's No Disgrace Like Home,7.8,868,80,10.85
9,Lisa Simpson,4,1,4,There's No Disgrace Like Home,7.8,150,35,4.285714285714286
1,Marge Simpson,4,1,4,There's No Disgrace Like Home,7.8,326,40,8.15
17,Moe Szyslak,4,1,4,There's No Disgrace Like Home,7.8,31,4,7.75
14,Waylon Smithers,4,1,4,There's No Disgrace Like Home,7.8,61,9,6.777777777777778
8,Bart Simpson,5,1,5,Bart the General,8.1,795,101,7.871287128712871
31,Grampa Simpson,5,1,5,Bart the General,8.1,296,19,15.578947368421053
2,Homer Simpson,5,1,5,Bart the General,8.1,382,31,12.32258064516129
9,Lisa Simpson,5,1,5,Bart the General,8.1,224,28,8.0
1,Marge Simpson,5,1,5,Bart the General,8.1,140,16,8.75
25,Milhouse Van Houten,5,1,5,Bart the General,8.1,29,5,5.8
101,Nelson Muntz,5,1,5,Bart the General,8.1,135,17,7.9411764705882355
3,Seymour Skinner,5,1,5,Bart the General,8.1,79,6,13.166666666666666
8,Bart Simpson,6,1,6,Moaning Lisa,7.6,400,44,9.090909090909092
2,Homer Simpson,6,1,6,Moaning Lisa,7.6,586,59,9.932203389830509
9,Lisa Simpson,6,1,6,Moaning Lisa,7.6,339,44,7.704545454545454
1,Marge Simpson,6,1,6,Moaning Lisa,7.6,394,28,14.071428571428571
17,Moe Szyslak,6,1,6,Moaning Lisa,7.6,53,4,13.25
8,Bart Simpson,7,1,7,The Call of the Simpsons,7.9,176,37,4.756756756756757
2,Homer Simpson,7,1,7,The Call of the Simpsons,7.9,745,90,8.277777777777779
9,Lisa Simpson,7,1,7,The Call of the Simpsons,7.9,68,16,4.25
1,Marge Simpson,7,1,7,The Call of the Simpsons,7.9,191,24,7.958333333333333
11,Ned Flanders,7,1,7,The Call of the Simpsons,7.9,27,4,6.75
33,Announcer,8,1,8,The Telltale Head,7.7,11,1,11.0
8,Bart Simpson,8,1,8,The Telltale Head,7.7,555,66,8.409090909090908
15,C. Montgomery Burns,8,1,8,The Telltale Head,7.7,25,5,5.0
71,Chief Wiggum,8,1,8,The Telltale Head,7.7,27,1,27.0
40,Edna Krabappel-Flanders,8,1,8,The Telltale Head,7.7,3,1,3.0
31,Grampa Simpson,8,1,8,The Telltale Head,7.7,30,1,30.0
2,Homer Simpson,8,1,8,The Telltale Head,7.7,503,48,10.479166666666666
139,Krusty the Clown,8,1,8,The Telltale Head,7.7,70,6,11.666666666666666
9,Lisa Simpson,8,1,8,The Telltale Head,7.7,54,8,6.75
1,Marge Simpson,8,1,8,The Telltale Head,7.7,276,26,10.615384615384615
25,Milhouse Van Houten,8,1,8,The Telltale Head,7.7,6,1,6.0
17,Moe Szyslak,8,1,8,The Telltale Head,7.7,27,3,9.0
140,Rev. Timothy Lovejoy,8,1,8,The Telltale Head,7.7,77,4,19.25
3,Seymour Skinner,8,1,8,The Telltale Head,7.7,7,2,3.5
14,Waylon Smithers,8,1,8,The Telltale Head,7.7,13,2,6.5
8,Bart Simpson,9,1,9,Life on the Fast Lane,7.5,293,33,8.878787878787879
2,Homer Simpson,9,1,9,Life on the Fast Lane,7.5,505,52,9.711538461538462
165,Lenny Leonard,9,1,9,Life on the Fast Lane,7.5,19,3,6.333333333333333
9,Lisa Simpson,9,1,9,Life on the Fast Lane,7.5,202,25,8.08
1,Marge Simpson,9,1,9,Life on the Fast Lane,7.5,521,94,5.542553191489362
8,Bart Simpson,10,1,10,Homer's Night Out,7.4,260,40,6.5
15,C. Montgomery Burns,10,1,10,Homer's Night Out,7.4,191,13,14.692307692307692
170,Carl Carlson,10,1,10,Homer's Night Out,7.4,30,4,7.5
2,Homer Simpson,10,1,10,Homer's Night Out,7.4,831,70,11.871428571428572
165,Lenny Leonard,10,1,10,Homer's Night Out,7.4,11,2,5.5
9,Lisa Simpson,10,1,10,Homer's Night Out,7.4,34,9,3.7777777777777777
1,Marge Simpson,10,1,10,Homer's Night Out,7.4,312,33,9.454545454545455
25,Milhouse Van Houten,10,1,10,Homer's Night Out,7.4,24,9,2.6666666666666665
17,Moe Szyslak,10,1,10,Homer's Night Out,7.4,19,2,9.5
140,Rev. Timothy Lovejoy,10,1,10,Homer's Night Out,7.4,11,1,11.0
14,Waylon Smithers,10,1,10,Homer's Night Out,7.4,32,5,6.4
8,Bart Simpson,11,1,11,The Crepes of Wrath,7.8,387,50,7.74
2,Homer Simpson,11,1,11,The Crepes of Wrath,7.8,565,65,8.692307692307692
165,Lenny Leonard,11,1,11,The Crepes of Wrath,7.8,11,2,5.5
9,Lisa Simpson,11,1,11,The Crepes of Wrath,7.8,117,15,7.8
1,Marge Simpson,11,1,11,The Crepes of Wrath,7.8,331,38,8.710526315789474
25,Milhouse Van Houten,11,1,11,The Crepes of Wrath,7.8,18,4,4.5
3,Seymour Skinner,11,1,11,The Crepes of Wrath,7.8,361,22,16.40909090909091
33,Announcer,12,1,12,Krusty Gets Busted,8.3,13,1,13.0
208,Apu Nahasapeemapetilon,12,1,12,Krusty Gets Busted,8.3,101,6,16.833333333333332
8,Bart Simpson,12,1,12,Krusty Gets Busted,8.3,392,45,8.71111111111111
71,Chief Wiggum,12,1,12,Krusty Gets Busted,8.3,71,8,8.875
2,Homer Simpson,12,1,12,Krusty Gets Busted,8.3,282,27,10.444444444444445
211,Kent Brockman,12,1,12,Krusty Gets Busted,8.3,211,8,26.375
139,Krusty the Clown,12,1,12,Krusty Gets Busted,8.3,304,37,8.216216216216216
9,Lisa Simpson,12,1,12,Krusty Gets Busted,8.3,181,23,7.869565217391305
1,Marge Simpson,12,1,12,Krusty Gets Busted,8.3,110,11,10.0
140,Rev. Timothy Lovejoy,12,1,12,Krusty Gets Busted,8.3,83,2,41.5
153,Sideshow Bob,12,1,12,Krusty Gets Busted,8.3,578,30,19.266666666666666
33,Announcer,13,1,13,Some Enchanted Evening,7.9,117,5,23.4
8,Bart Simpson,13,1,13,Some Enchanted Evening,7.9,258,35,7.371428571428571
2,Homer Simpson,13,1,13,Some Enchanted Evening,7.9,584,66,8.848484848484848
9,Lisa Simpson,13,1,13,Some Enchanted Evening,7.9,155,26,5.961538461538462
1,Marge Simpson,13,1,13,Some Enchanted Evening,7.9,378,46,8.217391304347826
17,Moe Szyslak,13,1,13,Some Enchanted Evening,7.9,208,16,13.0
8,Bart Simpson,14,2,1,"Bart Gets an ""F""",8.2,1051,99,10.616161616161616
15,C. Montgomery Burns,14,2,1,"Bart Gets an ""F""",8.2,21,1,21.0
40,Edna Krabappel-Flanders,14,2,1,"Bart Gets an ""F""",8.2,332,34,9.764705882352942
241,Entire Town,14,2,1,"Bart Gets an ""F""",8.2,1154000,2,577000.0
2,Homer Simpson,14,2,1,"Bart Gets an ""F""",8.2,174,22,7.909090909090909
9,Lisa Simpson,14,2,1,"Bart Gets an ""F""",8.2,86,6,14.333333333333334
1,Marge Simpson,14,2,1,"Bart Gets an ""F""",8.2,138,15,9.2
240,Mayor Joe Quimby,14,2,1,"Bart Gets an ""F""",8.2,18,1,18.0
25,Milhouse Van Houten,14,2,1,"Bart Gets an ""F""",8.2,10,1,10.0
14,Waylon Smithers,14,2,1,"Bart Gets an ""F""",8.2,2,1,2.0
33,Announcer,15,2,2,Simpson and Delilah,8.3,15,1,15.0
8,Bart Simpson,15,2,2,Simpson and Delilah,8.3,26,9,2.888888888888889
15,C. Montgomery Burns,15,2,2,Simpson and Delilah,8.3,451,29,15.551724137931034
170,Carl Carlson,15,2,2,Simpson and Delilah,8.3,34,3,11.333333333333334
2,Homer Simpson,15,2,2,Simpson and Delilah,8.3,805,92,8.75
165,Lenny Leonard,15,2,2,Simpson and Delilah,8.3,72,5,14.4
9,Lisa Simpson,15,2,2,Simpson and Delilah,8.3,22,3,7.333333333333333
1,Marge Simpson,15,2,2,Simpson and Delilah,8.3,160,19,8.421052631578947
25,Milhouse Van Houten,15,2,2,Simpson and Delilah,8.3,2,1,2.0
14,Waylon Smithers,15,2,2,Simpson and Delilah,8.3,274,22,12.454545454545455
8,Bart Simpson,16,2,3,Treehouse of Horror,8.2,236,40,5.9
2,Homer Simpson,16,2,3,Treehouse of Horror,8.2,634,64,9.90625
9,Lisa Simpson,16,2,3,Treehouse of Horror,8.2,340,40,8.5
1,Marge Simpson,16,2,3,Treehouse of Horror,8.2,382,33,11.575757575757576
8,Bart Simpson,17,2,4,Two Cars in Every Garage and Three Eyes on Every Fish,8.1,65,11,5.909090909090909
15,C. Montgomery Burns,17,2,4,Two Cars in Every Garage and Three Eyes on Every Fish,8.1,997,78,12.782051282051283
31,Grampa Simpson,17,2,4,Two Cars in Every Garage and Three Eyes on Every Fish,8.1,30,4,7.5
2,Homer Simpson,17,2,4,Two Cars in Every Garage and Three Eyes on Every Fish,8.1,537,45,11.933333333333334
9,Lisa Simpson,17,2,4,Two Cars in Every Garage and Three Eyes on Every Fish,8.1,143,10,14.3
1,Marge Simpson,17,2,4,Two Cars in Every Garage and Three Eyes on Every Fish,8.1,219,20,10.95
17,Moe Szyslak,17,2,4,Two Cars in Every Garage and Three Eyes on Every Fish,8.1,11,2,5.5
14,Waylon Smithers,17,2,4,Two Cars in Every Garage and Three Eyes on Every Fish,8.1,34,7,4.857142857142857
33,Announcer,18,2,5,Dancin' Homer,7.5,9,1,9.0
8,Bart Simpson,18,2,5,Dancin' Homer,7.5,150,19,7.894736842105263
15,C. Montgomery Burns,18,2,5,Dancin' Homer,7.5,236,18,13.11111111111111
2,Homer Simpson,18,2,5,Dancin' Homer,7.5,1002,83,12.072289156626505
9,Lisa Simpson,18,2,5,Dancin' Homer,7.5,173,13,13.307692307692308
1,Marge Simpson,18,2,5,Dancin' Homer,7.5,204,21,9.714285714285714
25,Milhouse Van Houten,18,2,5,Dancin' Homer,7.5,22,4,5.5
17,Moe Szyslak,18,2,5,Dancin' Homer,7.5,22,5,4.4
14,Waylon Smithers,18,2,5,Dancin' Homer,7.5,41,8,5.125
8,Bart Simpson,19,2,6,Dead Putting Society,8.0,108213,45,2404.733333333333
2,Homer Simpson,19,2,6,Dead Putting Society,8.0,942,90,10.466666666666667
9,Lisa Simpson,19,2,6,Dead Putting Society,8.0,329,33,9.969696969696969
1,Marge Simpson,19,2,6,Dead Putting Society,8.0,206,25,8.24
11,Ned Flanders,19,2,6,Dead Putting Society,8.0,597,56,10.660714285714286
140,Rev. Timothy Lovejoy,19,2,6,Dead Putting Society,8.0,30,3,10.0
33,Announcer,20,2,7,Bart vs. Thanksgiving,7.7,36,2,18.0
8,Bart Simpson,20,2,7,Bart vs. Thanksgiving,7.7,513,66,7.7727272727272725
15,C. Montgomery Burns,20,2,7,Bart vs. Thanksgiving,7.7,34,3,11.333333333333334
31,Grampa Simpson,20,2,7,Bart vs. Thanksgiving,7.7,84,10,8.4
2,Homer Simpson,20,2,7,Bart vs. Thanksgiving,7.7,419,38,11.026315789473685
211,Kent Brockman,20,2,7,Bart vs. Thanksgiving,7.7,137,6,22.833333333333332
9,Lisa Simpson,20,2,7,Bart vs. Thanksgiving,7.7,336,31,10.838709677419354
1,Marge Simpson,20,2,7,Bart vs. Thanksgiving,7.7,302,35,8.628571428571428
14,Waylon Smithers,20,2,7,Bart vs. Thanksgiving,7.7,16,2,8.0
33,Announcer,21,2,8,Bart the Daredevil,8.4,36,2,18.0
8,Bart Simpson,21,2,8,Bart the Daredevil,8.4,356,48,7.416666666666667
332,Dr. Julius Hibbert,21,2,8,Bart the Daredevil,8.4,163,11,14.818181818181818
2,Homer Simpson,21,2,8,Bart the Daredevil,8.4,519,54,9.61111111111111
9,Lisa Simpson,21,2,8,Bart the Daredevil,8.4,133,13,10.23076923076923
1,Marge Simpson,21,2,8,Bart the Daredevil,8.4,147,19,7.7368421052631575
25,Milhouse Van Houten,21,2,8,Bart the Daredevil,8.4,38,7,5.428571428571429
17,Moe Szyslak,21,2,8,Bart the Daredevil,8.4,10,1,10.0
11,Ned Flanders,21,2,8,Bart the Daredevil,8.4,26,3,8.666666666666666
101,Nelson Muntz,21,2,8,Bart the Daredevil,8.4,12,2,6.0
3,Seymour Skinner,21,2,8,Bart the Daredevil,8.4,46,2,23.0
33,Announcer,22,2,9,Itchy & Scratchy & Marge,8.1,49,4,12.25
8,Bart Simpson,22,2,9,Itchy & Scratchy & Marge,8.1,102,16,6.375
2,Homer Simpson,22,2,9,Itchy & Scratchy & Marge,8.1,330,36,9.166666666666666
211,Kent Brockman,22,2,9,Itchy & Scratchy & Marge,8.1,304,18,16.88888888888889
139,Krusty the Clown,22,2,9,Itchy & Scratchy & Marge,8.1,94,13,7.230769230769231
9,Lisa Simpson,22,2,9,Itchy & Scratchy & Marge,8.1,90,11,8.181818181818182
1,Marge Simpson,22,2,9,Itchy & Scratchy & Marge,8.1,668,81,8.246913580246913
25,Milhouse Van Houten,22,2,9,Itchy & Scratchy & Marge,8.1,12,1,12.0
101,Nelson Muntz,22,2,9,Itchy & Scratchy & Marge,8.1,8,1,8.0
8,Bart Simpson,23,2,10,Bart Gets Hit by a Car,7.8,193,23,8.391304347826088
15,C. Montgomery Burns,23,2,10,Bart Gets Hit by a Car,7.8,515,36,14.305555555555555
332,Dr. Julius Hibbert,23,2,10,Bart Gets Hit by a Car,7.8,27,3,9.0
2,Homer Simpson,23,2,10,Bart Gets Hit by a Car,7.8,529,49,10.795918367346939
165,Lenny Leonard,23,2,10,Bart Gets Hit by a Car,7.8,9,1,9.0
9,Lisa Simpson,23,2,10,Bart Gets Hit by a Car,7.8,35,4,8.75
1,Marge Simpson,23,2,10,Bart Gets Hit by a Car,7.8,470,41,11.463414634146341
17,Moe Szyslak,23,2,10,Bart Gets Hit by a Car,7.8,55,3,18.333333333333332
14,Waylon Smithers,23,2,10,Bart Gets Hit by a Car,7.8,74,9,8.222222222222221
33,Announcer,24,2,11,"One Fish, Two Fish, Blowfish, Blue Fish",8.8,73,3,24.333333333333332
8,Bart Simpson,24,2,11,"One Fish, Two Fish, Blowfish, Blue Fish",8.8,162,18,9.0
15,C. Montgomery Burns,24,2,11,"One Fish, Two Fish, Blowfish, Blue Fish",8.8,40,3,13.333333333333334
71,Chief Wiggum,24,2,11,"One Fish, Two Fish, Blowfish, Blue Fish",8.8,14,1,14.0
332,Dr. Julius Hibbert,24,2,11,"One Fish, Two Fish, Blowfish, Blue Fish",8.8,125,10,12.5
31,Grampa Simpson,24,2,11,"One Fish, Two Fish, Blowfish, Blue Fish",8.8,65,10,6.5
2,Homer Simpson,24,2,11,"One Fish, Two Fish, Blowfish, Blue Fish",8.8,1209,128,9.4453125
9,Lisa Simpson,24,2,11,"One Fish, Two Fish, Blowfish, Blue Fish",8.8,137,23,5.956521739130435
1,Marge Simpson,24,2,11,"One Fish, Two Fish, Blowfish, Blue Fish",8.8,225,26,8.653846153846153
17,Moe Szyslak,24,2,11,"One Fish, Two Fish, Blowfish, Blue Fish",8.8,55,4,13.75
11,Ned Flanders,24,2,11,"One Fish, Two Fish, Blowfish, Blue Fish",8.8,55,6,9.166666666666666
14,Waylon Smithers,24,2,11,"One Fish, Two Fish, Blowfish, Blue Fish",8.8,14,2,7.0
8,Bart Simpson,25,2,12,The Way We Was,8.2,71,10,7.1
332,Dr. Julius Hibbert,25,2,12,The Way We Was,8.2,18,1,18.0
31,Grampa Simpson,25,2,12,The Way We Was,8.2,99,8,12.375
2,Homer Simpson,25,2,12,The Way We Was,8.2,991,112,8.848214285714286
9,Lisa Simpson,25,2,12,The Way We Was,8.2,66,8,8.25
1,Marge Simpson,25,2,12,The Way We Was,8.2,585,66,8.863636363636363
208,Apu Nahasapeemapetilon,26,2,13,Homer vs. Lisa and the 8th Commandment,8.0,78,7,11.142857142857142
8,Bart Simpson,26,2,13,Homer vs. Lisa and the 8th Commandment,8.0,212,26,8.153846153846153
15,C. Montgomery Burns,26,2,13,Homer vs. Lisa and the 8th Commandment,8.0,150,8,18.75
170,Carl Carlson,26,2,13,Homer vs. Lisa and the 8th Commandment,8.0,24,2,12.0
2,Homer Simpson,26,2,13,Homer vs. Lisa and the 8th Commandment,8.0,725,83,8.734939759036145
165,Lenny Leonard,26,2,13,Homer vs. Lisa and the 8th Commandment,8.0,24,2,12.0
9,Lisa Simpson,26,2,13,Homer vs. Lisa and the 8th Commandment,8.0,212,23,9.217391304347826
1,Marge Simpson,26,2,13,Homer vs. Lisa and the 8th Commandment,8.0,234,24,9.75
25,Milhouse Van Houten,26,2,13,Homer vs. Lisa and the 8th Commandment,8.0,4,2,2.0
17,Moe Szyslak,26,2,13,Homer vs. Lisa and the 8th Commandment,8.0,30,4,7.5
11,Ned Flanders,26,2,13,Homer vs. Lisa and the 8th Commandment,8.0,81,5,16.2
140,Rev. Timothy Lovejoy,26,2,13,Homer vs. Lisa and the 8th Commandment,8.0,113,5,22.6
14,Waylon Smithers,26,2,13,Homer vs. Lisa and the 8th Commandment,8.0,42,5,8.4
208,Apu Nahasapeemapetilon,27,2,14,Principal Charming,7.5,35,2,17.5
8,Bart Simpson,27,2,14,Principal Charming,7.5,110,20,5.5
40,Edna Krabappel-Flanders,27,2,14,Principal Charming,7.5,12,1,12.0
404,Groundskeeper Willie,27,2,14,Principal Charming,7.5,21,3,7.0
2,Homer Simpson,27,2,14,Principal Charming,7.5,329,34,9.676470588235293
9,Lisa Simpson,27,2,14,Principal Charming,7.5,45,2,22.5
1,Marge Simpson,27,2,14,Principal Charming,7.5,227,21,10.80952380952381
25,Milhouse Van Houten,27,2,14,Principal Charming,7.5,5,1,5.0
17,Moe Szyslak,27,2,14,Principal Charming,7.5,88,7,12.571428571428571
140,Rev. Timothy Lovejoy,27,2,14,Principal Charming,7.5,17,1,17.0
3,Seymour Skinner,27,2,14,Principal Charming,7.5,658,62,10.612903225806452
33,Announcer,28,2,15,"Oh Brother, Where Art Thou?",8.2,13,1,13.0
8,Bart Simpson,28,2,15,"Oh Brother, Where Art Thou?",8.2,115,26,4.423076923076923
332,Dr. Julius Hibbert,28,2,15,"Oh Brother, Where Art Thou?",8.2,24,2,12.0
31,Grampa Simpson,28,2,15,"Oh Brother, Where Art Thou?",8.2,231,24,9.625
2,Homer Simpson,28,2,15,"Oh Brother, Where Art Thou?",8.2,939,99,9.484848484848484
9,Lisa Simpson,28,2,15,"Oh Brother, Where Art Thou?",8.2,144,27,5.333333333333333
1,Marge Simpson,28,2,15,"Oh Brother, Where Art Thou?",8.2,112,20,5.6
208,Apu Nahasapeemapetilon,29,2,16,"Bart's Dog Gets an ""F""",7.5,11,1,11.0
8,Bart Simpson,29,2,16,"Bart's Dog Gets an ""F""",7.5,321,39,8.23076923076923
332,Dr. Julius Hibbert,29,2,16,"Bart's Dog Gets an ""F""",7.5,118,7,16.857142857142858
2,Homer Simpson,29,2,16,"Bart's Dog Gets an ""F""",7.5,519,47,11.042553191489361
211,Kent Brockman,29,2,16,"Bart's Dog Gets an ""F""",7.5,11,1,11.0
139,Krusty the Clown,29,2,16,"Bart's Dog Gets an ""F""",7.5,22,2,11.0
165,Lenny Leonard,29,2,16,"Bart's Dog Gets an ""F""",7.5,5,2,2.5
9,Lisa Simpson,29,2,16,"Bart's Dog Gets an ""F""",7.5,327,26,12.576923076923077
1,Marge Simpson,29,2,16,"Bart's Dog Gets an ""F""",7.5,352,38,9.263157894736842
11,Ned Flanders,29,2,16,"Bart's Dog Gets an ""F""",7.5,84,5,16.8
8,Bart Simpson,30,2,17,Old Money,7.6,92,15,6.133333333333334
15,C. Montgomery Burns,30,2,17,Old Money,7.6,45,5,9.0
31,Grampa Simpson,30,2,17,Old Money,7.6,969,114,8.5
2,Homer Simpson,30,2,17,Old Money,7.6,402,43,9.348837209302326
9,Lisa Simpson,30,2,17,Old Money,7.6,137,14,9.785714285714286
1,Marge Simpson,30,2,17,Old Money,7.6,98,9,10.88888888888889
17,Moe Szyslak,30,2,17,Old Money,7.6,48,1,48.0
33,Announcer,31,2,18,Brush with Greatness,8.0,17,1,17.0
208,Apu Nahasapeemapetilon,31,2,18,Brush with Greatness,8.0,46,3,15.333333333333334
8,Bart Simpson,31,2,18,Brush with Greatness,8.0,111,18,6.166666666666667
15,C. Montgomery Burns,31,2,18,Brush with Greatness,8.0,391,32,12.21875
170,Carl Carlson,31,2,18,Brush with Greatness,8.0,7,1,7.0
332,Dr. Julius Hibbert,31,2,18,Brush with Greatness,8.0,3,1,3.0
2,Homer Simpson,31,2,18,Brush with Greatness,8.0,501,51,9.823529411764707
211,Kent Brockman,31,2,18,Brush with Greatness,8.0,19,1,19.0
139,Krusty the Clown,31,2,18,Brush with Greatness,8.0,151,7,21.571428571428573
9,Lisa Simpson,31,2,18,Brush with Greatness,8.0,145,19,7.631578947368421
1,Marge Simpson,31,2,18,Brush with Greatness,8.0,455,47,9.680851063829786
14,Waylon Smithers,31,2,18,Brush with Greatness,8.0,193,13,14.846153846153847
8,Bart Simpson,32,2,19,Lisa's Substitute,8.5,196,28,7.0
40,Edna Krabappel-Flanders,32,2,19,Lisa's Substitute,8.5,194,15,12.933333333333334
2,Homer Simpson,32,2,19,Lisa's Substitute,8.5,634,47,13.48936170212766
9,Lisa Simpson,32,2,19,Lisa's Substitute,8.5,584,73,8.0
1,Marge Simpson,32,2,19,Lisa's Substitute,8.5,148,20,7.4
25,Milhouse Van Houten,32,2,19,Lisa's Substitute,8.5,11,3,3.6666666666666665
101,Nelson Muntz,32,2,19,Lisa's Substitute,8.5,6,1,6.0
3,Seymour Skinner,32,2,19,Lisa's Substitute,8.5,102,11,9.272727272727273
8,Bart Simpson,33,2,20,The War of the Simpsons,7.9,265,32,8.28125
332,Dr. Julius Hibbert,33,2,20,The War of the Simpsons,7.9,65,4,16.25
31,Grampa Simpson,33,2,20,The War of the Simpsons,7.9,188,21,8.952380952380953
2,Homer Simpson,33,2,20,The War of the Simpsons,7.9,803,92,8.728260869565217
9,Lisa Simpson,33,2,20,The War of the Simpsons,7.9,135,16,8.4375
1,Marge Simpson,33,2,20,The War of the Simpsons,7.9,594,47,12.638297872340425
25,Milhouse Van Houten,33,2,20,The War of the Simpsons,7.9,9,1,9.0
17,Moe Szyslak,33,2,20,The War of the Simpsons,7.9,2,1,2.0
11,Ned Flanders,33,2,20,The War of the Simpsons,7.9,79,6,13.166666666666666
101,Nelson Muntz,33,2,20,The War of the Simpsons,7.9,12,4,3.0
140,Rev. Timothy Lovejoy,33,2,20,The War of the Simpsons,7.9,386,23,16.782608695652176
33,Announcer,34,2,21,Three Men and a Comic Book,8.4,10,1,10.0
208,Apu Nahasapeemapetilon,34,2,21,Three Men and a Comic Book,8.4,28,2,14.0
8,Bart Simpson,34,2,21,Three Men and a Comic Book,8.4,916,122,7.508196721311475
2,Homer Simpson,34,2,21,Three Men and a Comic Book,8.4,214,36,5.944444444444445
9,Lisa Simpson,34,2,21,Three Men and a Comic Book,8.4,126,12,10.5
1,Marge Simpson,34,2,21,Three Men and a Comic Book,8.4,203,18,11.277777777777779
25,Milhouse Van Houten,34,2,21,Three Men and a Comic Book,8.4,161,26,6.1923076923076925
101,Nelson Muntz,34,2,21,Three Men and a Comic Book,8.4,17,2,8.5
8,Bart Simpson,35,2,22,Blood Feud,8.0,189,29,6.517241379310345
15,C. Montgomery Burns,35,2,22,Blood Feud,8.0,667,50,13.34
170,Carl Carlson,35,2,22,Blood Feud,8.0,19,3,6.333333333333333
332,Dr. Julius Hibbert,35,2,22,Blood Feud,8.0,54,5,10.8
2,Homer Simpson,35,2,22,Blood Feud,8.0,971,77,12.61038961038961
165,Lenny Leonard,35,2,22,Blood Feud,8.0,2,1,2.0
9,Lisa Simpson,35,2,22,Blood Feud,8.0,112,15,7.466666666666667
1,Marge Simpson,35,2,22,Blood Feud,8.0,262,31,8.451612903225806
240,Mayor Joe Quimby,35,2,22,Blood Feud,8.0,75,3,25.0
17,Moe Szyslak,35,2,22,Blood Feud,8.0,68,5,13.6
14,Waylon Smithers,35,2,22,Blood Feud,8.0,296,35,8.457142857142857
208,Apu Nahasapeemapetilon,36,3,1,Stark Raving Dad,8.6,23,2,11.5
8,Bart Simpson,36,3,1,Stark Raving Dad,8.6,529,60,8.816666666666666
15,C. Montgomery Burns,36,3,1,Stark Raving Dad,8.6,97,7,13.857142857142858
170,Carl Carlson,36,3,1,Stark Raving Dad,8.6,4,1,4.0
71,Chief Wiggum,36,3,1,Stark Raving Dad,8.6,10,2,5.0
31,Grampa Simpson,36,3,1,Stark Raving Dad,8.6,2,1,2.0
2,Homer Simpson,36,3,1,Stark Raving Dad,8.6,548,66,8.303030303030303
211,Kent Brockman,36,3,1,Stark Raving Dad,8.6,24,1,24.0
139,Krusty the Clown,36,3,1,Stark Raving Dad,8.6,56,3,18.666666666666668
165,Lenny Leonard,36,3,1,Stark Raving Dad,8.6,7,1,7.0
9,Lisa Simpson,36,3,1,Stark Raving Dad,8.6,332,17,19.529411764705884
1,Marge Simpson,36,3,1,Stark Raving Dad,8.6,119,15,7.933333333333334
240,Mayor Joe Quimby,36,3,1,Stark Raving Dad,8.6,58,2,29.0
25,Milhouse Van Houten,36,3,1,Stark Raving Dad,8.6,8,3,2.6666666666666665
17,Moe Szyslak,36,3,1,Stark Raving Dad,8.6,4,1,4.0
14,Waylon Smithers,36,3,1,Stark Raving Dad,8.6,60,5,12.0
8,Bart Simpson,37,3,2,Mr. Lisa Goes to Washington,7.7,140,22,6.363636363636363
15,C. Montgomery Burns,37,3,2,Mr. Lisa Goes to Washington,7.7,17,2,8.5
2,Homer Simpson,37,3,2,Mr. Lisa Goes to Washington,7.7,509,54,9.425925925925926
165,Lenny Leonard,37,3,2,Mr. Lisa Goes to Washington,7.7,22,2,11.0
9,Lisa Simpson,37,3,2,Mr. Lisa Goes to Washington,7.7,454,45,10.088888888888889
1,Marge Simpson,37,3,2,Mr. Lisa Goes to Washington,7.7,196,21,9.333333333333334
17,Moe Szyslak,37,3,2,Mr. Lisa Goes to Washington,7.7,11,1,11.0
101,Nelson Muntz,37,3,2,Mr. Lisa Goes to Washington,7.7,68,1,68.0
14,Waylon Smithers,37,3,2,Mr. Lisa Goes to Washington,7.7,3,1,3.0
33,Announcer,38,3,3,When Flanders Failed,8.2,16,1,16.0
8,Bart Simpson,38,3,3,When Flanders Failed,8.2,206,24,8.583333333333334
15,C. Montgomery Burns,38,3,3,When Flanders Failed,8.2,186,13,14.307692307692308
2,Homer Simpson,38,3,3,When Flanders Failed,8.2,763,82,9.304878048780488
9,Lisa Simpson,38,3,3,When Flanders Failed,8.2,139,15,9.266666666666667
1,Marge Simpson,38,3,3,When Flanders Failed,8.2,165,13,12.692307692307692
17,Moe Szyslak,38,3,3,When Flanders Failed,8.2,16,3,5.333333333333333
11,Ned Flanders,38,3,3,When Flanders Failed,8.2,650,48,13.541666666666666
14,Waylon Smithers,38,3,3,When Flanders Failed,8.2,25,4,6.25
33,Announcer,39,3,4,Bart the Murderer,8.7,36,1,36.0
8,Bart Simpson,39,3,4,Bart the Murderer,8.7,349,60,5.816666666666666
15,C. Montgomery Burns,39,3,4,Bart the Murderer,8.7,21,1,21.0
71,Chief Wiggum,39,3,4,Bart the Murderer,8.7,177,15,11.8
40,Edna Krabappel-Flanders,39,3,4,Bart the Murderer,8.7,62,5,12.4
404,Groundskeeper Willie,39,3,4,Bart the Murderer,8.7,23,2,11.5
2,Homer Simpson,39,3,4,Bart the Murderer,8.7,214,21,10.19047619047619
211,Kent Brockman,39,3,4,Bart the Murderer,8.7,25,2,12.5
9,Lisa Simpson,39,3,4,Bart the Murderer,8.7,44,5,8.8
1,Marge Simpson,39,3,4,Bart the Murderer,8.7,134,10,13.4
25,Milhouse Van Houten,39,3,4,Bart the Murderer,8.7,18,3,6.0
101,Nelson Muntz,39,3,4,Bart the Murderer,8.7,8,1,8.0
140,Rev. Timothy Lovejoy,39,3,4,Bart the Murderer,8.7,6,1,6.0
3,Seymour Skinner,39,3,4,Bart the Murderer,8.7,395,24,16.458333333333332
14,Waylon Smithers,39,3,4,Bart the Murderer,8.7,11,1,11.0
33,Announcer,40,3,5,Homer Defined,8.5,67,3,22.333333333333332
208,Apu Nahasapeemapetilon,40,3,5,Homer Defined,8.5,15,2,7.5
8,Bart Simpson,40,3,5,Homer Defined,8.5,269,31,8.67741935483871
15,C. Montgomery Burns,40,3,5,Homer Defined,8.5,462,31,14.903225806451612
170,Carl Carlson,40,3,5,Homer Defined,8.5,8,2,4.0
71,Chief Wiggum,40,3,5,Homer Defined,8.5,7,2,3.5
31,Grampa Simpson,40,3,5,Homer Defined,8.5,5,1,5.0
2,Homer Simpson,40,3,5,Homer Defined,8.5,438,44,9.954545454545455
211,Kent Brockman,40,3,5,Homer Defined,8.5,126,8,15.75
165,Lenny Leonard,40,3,5,Homer Defined,8.5,11,2,5.5
9,Lisa Simpson,40,3,5,Homer Defined,8.5,148,13,11.384615384615385
1,Marge Simpson,40,3,5,Homer Defined,8.5,262,16,16.375
25,Milhouse Van Houten,40,3,5,Homer Defined,8.5,82,11,7.454545454545454
17,Moe Szyslak,40,3,5,Homer Defined,8.5,31,4,7.75
3,Seymour Skinner,40,3,5,Homer Defined,8.5,14,1,14.0
14,Waylon Smithers,40,3,5,Homer Defined,8.5,121,12,10.083333333333334
33,Announcer,41,3,6,"Like Father, Like Clown",7.7,11,1,11.0
208,Apu Nahasapeemapetilon,41,3,6,"Like Father, Like Clown",7.7,22,3,7.333333333333333
8,Bart Simpson,41,3,6,"Like Father, Like Clown",7.7,490,52,9.423076923076923
71,Chief Wiggum,41,3,6,"Like Father, Like Clown",7.7,11,1,11.0
2,Homer Simpson,41,3,6,"Like Father, Like Clown",7.7,66,12,5.5
139,Krusty the Clown,41,3,6,"Like Father, Like Clown",7.7,717,74,9.68918918918919
9,Lisa Simpson,41,3,6,"Like Father, Like Clown",7.7,212,24,8.833333333333334
1,Marge Simpson,41,3,6,"Like Father, Like Clown",7.7,87,12,7.25
25,Milhouse Van Houten,41,3,6,"Like Father, Like Clown",7.7,28,5,5.6
17,Moe Szyslak,41,3,6,"Like Father, Like Clown",7.7,7,2,3.5
140,Rev. Timothy Lovejoy,41,3,6,"Like Father, Like Clown",7.7,78,7,11.142857142857142
208,Apu Nahasapeemapetilon,42,3,7,Treehouse of Horror II,8.2,6,1,6.0
8,Bart Simpson,42,3,7,Treehouse of Horror II,8.2,217,35,6.2
15,C. Montgomery Burns,42,3,7,Treehouse of Horror II,8.2,381,32,11.90625
40,Edna Krabappel-Flanders,42,3,7,Treehouse of Horror II,8.2,37,2,18.5
2,Homer Simpson,42,3,7,Treehouse of Horror II,8.2,516,53,9.735849056603774
211,Kent Brockman,42,3,7,Treehouse of Horror II,8.2,20,1,20.0
139,Krusty the Clown,42,3,7,Treehouse of Horror II,8.2,49,2,24.5
165,Lenny Leonard,42,3,7,Treehouse of Horror II,8.2,13,1,13.0
9,Lisa Simpson,42,3,7,Treehouse of Horror II,8.2,128,23,5.565217391304348
1,Marge Simpson,42,3,7,Treehouse of Horror II,8.2,123,20,6.15
240,Mayor Joe Quimby,42,3,7,Treehouse of Horror II,8.2,11,2,5.5
17,Moe Szyslak,42,3,7,Treehouse of Horror II,8.2,41,3,13.666666666666666
11,Ned Flanders,42,3,7,Treehouse of Horror II,8.2,60,5,12.0
3,Seymour Skinner,42,3,7,Treehouse of Horror II,8.2,49,2,24.5
14,Waylon Smithers,42,3,7,Treehouse of Horror II,8.2,133,17,7.823529411764706
208,Apu Nahasapeemapetilon,43,3,8,Lisa's Pony,7.9,250,22,11.363636363636363
8,Bart Simpson,43,3,8,Lisa's Pony,7.9,146,18,8.11111111111111
15,C. Montgomery Burns,43,3,8,Lisa's Pony,7.9,112,8,14.0
31,Grampa Simpson,43,3,8,Lisa's Pony,7.9,41,6,6.833333333333333
404,Groundskeeper Willie,43,3,8,Lisa's Pony,7.9,15,2,7.5
2,Homer Simpson,43,3,8,Lisa's Pony,7.9,878,110,7.9818181818181815
9,Lisa Simpson,43,3,8,Lisa's Pony,7.9,300,30,10.0
1,Marge Simpson,43,3,8,Lisa's Pony,7.9,296,37,8.0
17,Moe Szyslak,43,3,8,Lisa's Pony,7.9,31,4,7.75
11,Ned Flanders,43,3,8,Lisa's Pony,7.9,7,1,7.0
101,Nelson Muntz,43,3,8,Lisa's Pony,7.9,4,2,2.0
3,Seymour Skinner,43,3,8,Lisa's Pony,7.9,166,9,18.444444444444443
14,Waylon Smithers,43,3,8,Lisa's Pony,7.9,14,3,4.666666666666667
33,Announcer,44,3,9,Saturdays of Thunder,7.9,13,1,13.0
8,Bart Simpson,44,3,9,Saturdays of Thunder,7.9,362,38,9.526315789473685
332,Dr. Julius Hibbert,44,3,9,Saturdays of Thunder,7.9,39,5,7.8
2,Homer Simpson,44,3,9,Saturdays of Thunder,7.9,756,84,9.0
9,Lisa Simpson,44,3,9,Saturdays of Thunder,7.9,58,6,9.666666666666666
1,Marge Simpson,44,3,9,Saturdays of Thunder,7.9,223,24,9.291666666666666
240,Mayor Joe Quimby,44,3,9,Saturdays of Thunder,7.9,19,1,19.0
25,Milhouse Van Houten,44,3,9,Saturdays of Thunder,7.9,17,2,8.5
11,Ned Flanders,44,3,9,Saturdays of Thunder,7.9,11,2,5.5
101,Nelson Muntz,44,3,9,Saturdays of Thunder,7.9,47,9,5.222222222222222
8,Bart Simpson,45,3,10,Flaming Moe's,8.8,146,18,8.11111111111111
40,Edna Krabappel-Flanders,45,3,10,Flaming Moe's,8.8,73,8,9.125
2,Homer Simpson,45,3,10,Flaming Moe's,8.8,546,64,8.53125
211,Kent Brockman,45,3,10,Flaming Moe's,8.8,84,7,12.0
139,Krusty the Clown,45,3,10,Flaming Moe's,8.8,7,2,3.5
9,Lisa Simpson,45,3,10,Flaming Moe's,8.8,64,7,9.142857142857142
1,Marge Simpson,45,3,10,Flaming Moe's,8.8,86,8,10.75
240,Mayor Joe Quimby,45,3,10,Flaming Moe's,8.8,16,2,8.0
17,Moe Szyslak,45,3,10,Flaming Moe's,8.8,673,71,9.47887323943662
101,Nelson Muntz,45,3,10,Flaming Moe's,8.8,20,1,20.0
8,Bart Simpson,46,3,11,Burns Verkaufen der Kraftwerk,8.2,159,15,10.6
15,C. Montgomery Burns,46,3,11,Burns Verkaufen der Kraftwerk,8.2,573,47,12.191489361702128
170,Carl Carlson,46,3,11,Burns Verkaufen der Kraftwerk,8.2,59,7,8.428571428571429
31,Grampa Simpson,46,3,11,Burns Verkaufen der Kraftwerk,8.2,4,1,4.0
2,Homer Simpson,46,3,11,Burns Verkaufen der Kraftwerk,8.2,488,69,7.072463768115942
211,Kent Brockman,46,3,11,Burns Verkaufen der Kraftwerk,8.2,25,2,12.5
165,Lenny Leonard,46,3,11,Burns Verkaufen der Kraftwerk,8.2,61,5,12.2
9,Lisa Simpson,46,3,11,Burns Verkaufen der Kraftwerk,8.2,52,5,10.4
1,Marge Simpson,46,3,11,Burns Verkaufen der Kraftwerk,8.2,180,18,10.0
240,Mayor Joe Quimby,46,3,11,Burns Verkaufen der Kraftwerk,8.2,4,1,4.0
17,Moe Szyslak,46,3,11,Burns Verkaufen der Kraftwerk,8.2,143,13,11.0
14,Waylon Smithers,46,3,11,Burns Verkaufen der Kraftwerk,8.2,223,22,10.136363636363637
8,Bart Simpson,47,3,12,I Married Marge,8.2,88,11,8.0
15,C. Montgomery Burns,47,3,12,I Married Marge,8.2,69,8,8.625
332,Dr. Julius Hibbert,47,3,12,I Married Marge,8.2,50,5,10.0
31,Grampa Simpson,47,3,12,I Married Marge,8.2,33,2,16.5
2,Homer Simpson,47,3,12,I Married Marge,8.2,1098,113,9.716814159292035
9,Lisa Simpson,47,3,12,I Married Marge,8.2,64,11,5.818181818181818
1,Marge Simpson,47,3,12,I Married Marge,8.2,527,67,7.865671641791045
14,Waylon Smithers,47,3,12,I Married Marge,8.2,95,9,10.555555555555555
208,Apu Nahasapeemapetilon,48,3,13,Radio Bart,8.5,2,1,2.0
8,Bart Simpson,48,3,13,Radio Bart,8.5,457,57,8.017543859649123
71,Chief Wiggum,48,3,13,Radio Bart,8.5,89,5,17.8
332,Dr. Julius Hibbert,48,3,13,Radio Bart,8.5,7,1,7.0
404,Groundskeeper Willie,48,3,13,Radio Bart,8.5,54,9,6.0
2,Homer Simpson,48,3,13,Radio Bart,8.5,334,39,8.564102564102564
211,Kent Brockman,48,3,13,Radio Bart,8.5,193,9,21.444444444444443
139,Krusty the Clown,48,3,13,Radio Bart,8.5,115,7,16.428571428571427
9,Lisa Simpson,48,3,13,Radio Bart,8.5,133,13,10.23076923076923
1,Marge Simpson,48,3,13,Radio Bart,8.5,210,20,10.5
240,Mayor Joe Quimby,48,3,13,Radio Bart,8.5,34,2,17.0
25,Milhouse Van Houten,48,3,13,Radio Bart,8.5,1,1,1.0
101,Nelson Muntz,48,3,13,Radio Bart,8.5,4,1,4.0
3,Seymour Skinner,48,3,13,Radio Bart,8.5,3,1,3.0
33,Announcer,49,3,14,Lisa the Greek,8.0,6,1,6.0
8,Bart Simpson,49,3,14,Lisa the Greek,8.0,152,17,8.941176470588236
71,Chief Wiggum,49,3,14,Lisa the Greek,8.0,12,1,12.0
2,Homer Simpson,49,3,14,Lisa the Greek,8.0,835,96,8.697916666666666
139,Krusty the Clown,49,3,14,Lisa the Greek,8.0,24,3,8.0
9,Lisa Simpson,49,3,14,Lisa the Greek,8.0,691,61,11.327868852459016
1,Marge Simpson,49,3,14,Lisa the Greek,8.0,338,31,10.903225806451612
17,Moe Szyslak,49,3,14,Lisa the Greek,8.0,149,17,8.764705882352942
140,Rev. Timothy Lovejoy,49,3,14,Lisa the Greek,8.0,13,1,13.0
33,Announcer,50,3,15,Homer Alone,8.0,57,3,19.0
8,Bart Simpson,50,3,15,Homer Alone,8.0,82,12,6.833333333333333
71,Chief Wiggum,50,3,15,Homer Alone,8.0,143,17,8.411764705882353
2,Homer Simpson,50,3,15,Homer Alone,8.0,528,61,8.655737704918034
211,Kent Brockman,50,3,15,Homer Alone,8.0,63,2,31.5
139,Krusty the Clown,50,3,15,Homer Alone,8.0,15,1,15.0
9,Lisa Simpson,50,3,15,Homer Alone,8.0,119,14,8.5
1,Marge Simpson,50,3,15,Homer Alone,8.0,364,42,8.666666666666666
240,Mayor Joe Quimby,50,3,15,Homer Alone,8.0,81,5,16.2
101,Nelson Muntz,50,3,15,Homer Alone,8.0,2,1,2.0
33,Announcer,51,3,16,Bart the Lover,8.3,10,1,10.0
208,Apu Nahasapeemapetilon,51,3,16,Bart the Lover,8.3,20,2,10.0
8,Bart Simpson,51,3,16,Bart the Lover,8.3,395,51,7.745098039215686
40,Edna Krabappel-Flanders,51,3,16,Bart the Lover,8.3,415,35,11.857142857142858
404,Groundskeeper Willie,51,3,16,Bart the Lover,8.3,13,1,13.0
2,Homer Simpson,51,3,16,Bart the Lover,8.3,474,49,9.673469387755102
9,Lisa Simpson,51,3,16,Bart the Lover,8.3,148,16,9.25
1,Marge Simpson,51,3,16,Bart the Lover,8.3,252,29,8.689655172413794
25,Milhouse Van Houten,51,3,16,Bart the Lover,8.3,17,3,5.666666666666667
11,Ned Flanders,51,3,16,Bart the Lover,8.3,245,18,13.61111111111111
101,Nelson Muntz,51,3,16,Bart the Lover,8.3,17,3,5.666666666666667
140,Rev. Timothy Lovejoy,51,3,16,Bart the Lover,8.3,50,5,10.0
3,Seymour Skinner,51,3,16,Bart the Lover,8.3,45,4,11.25
208,Apu Nahasapeemapetilon,52,3,17,Homer at the Bat,8.6,4,1,4.0
8,Bart Simpson,52,3,17,Homer at the Bat,8.6,82,11,7.454545454545454
15,C. Montgomery Burns,52,3,17,Homer at the Bat,8.6,913,63,14.492063492063492
170,Carl Carlson,52,3,17,Homer at the Bat,8.6,75,10,7.5
71,Chief Wiggum,52,3,17,Homer at the Bat,8.6,46,6,7.666666666666667
332,Dr. Julius Hibbert,52,3,17,Homer at the Bat,8.6,32,4,8.0
2,Homer Simpson,52,3,17,Homer at the Bat,8.6,422,47,8.97872340425532
165,Lenny Leonard,52,3,17,Homer at the Bat,8.6,77,12,6.416666666666667
9,Lisa Simpson,52,3,17,Homer at the Bat,8.6,51,7,7.285714285714286
1,Marge Simpson,52,3,17,Homer at the Bat,8.6,103,12,8.583333333333334
17,Moe Szyslak,52,3,17,Homer at the Bat,8.6,30,4,7.5
14,Waylon Smithers,52,3,17,Homer at the Bat,8.6,208,23,9.043478260869565
208,Apu Nahasapeemapetilon,53,3,18,Separate Vocations,8.2,16,1,16.0
8,Bart Simpson,53,3,18,Separate Vocations,8.2,392,50,7.84
71,Chief Wiggum,53,3,18,Separate Vocations,8.2,52,6,8.666666666666666
40,Edna Krabappel-Flanders,53,3,18,Separate Vocations,8.2,122,7,17.428571428571427
2,Homer Simpson,53,3,18,Separate Vocations,8.2,87,9,9.666666666666666
9,Lisa Simpson,53,3,18,Separate Vocations,8.2,274,30,9.133333333333333
1,Marge Simpson,53,3,18,Separate Vocations,8.2,251,22,11.409090909090908
240,Mayor Joe Quimby,53,3,18,Separate Vocations,8.2,9,1,9.0
25,Milhouse Van Houten,53,3,18,Separate Vocations,8.2,21,7,3.0
3,Seymour Skinner,53,3,18,Separate Vocations,8.2,393,33,11.909090909090908
33,Announcer,54,3,19,Dog of Death,7.7,17,1,17.0
208,Apu Nahasapeemapetilon,54,3,19,Dog of Death,7.7,32,3,10.666666666666666
8,Bart Simpson,54,3,19,Dog of Death,7.7,169,22,7.681818181818182
15,C. Montgomery Burns,54,3,19,Dog of Death,7.7,207,18,11.5
71,Chief Wiggum,54,3,19,Dog of Death,7.7,11,1,11.0
31,Grampa Simpson,54,3,19,Dog of Death,7.7,60,5,12.0
2,Homer Simpson,54,3,19,Dog of Death,7.7,614,60,10.233333333333333
211,Kent Brockman,54,3,19,Dog of Death,7.7,271,15,18.066666666666666
139,Krusty the Clown,54,3,19,Dog of Death,7.7,25,2,12.5
165,Lenny Leonard,54,3,19,Dog of Death,7.7,29,2,14.5
9,Lisa Simpson,54,3,19,Dog of Death,7.7,83,11,7.545454545454546
1,Marge Simpson,54,3,19,Dog of Death,7.7,353,32,11.03125
17,Moe Szyslak,54,3,19,Dog of Death,7.7,23,2,11.5
11,Ned Flanders,54,3,19,Dog of Death,7.7,13,1,13.0
3,Seymour Skinner,54,3,19,Dog of Death,7.7,65,3,21.666666666666668
14,Waylon Smithers,54,3,19,Dog of Death,7.7,49,5,9.8
33,Announcer,55,3,20,Colonel Homer,7.9,48,2,24.0
8,Bart Simpson,55,3,20,Colonel Homer,7.9,95,8,11.875
170,Carl Carlson,55,3,20,Colonel Homer,7.9,6,1,6.0
2,Homer Simpson,55,3,20,Colonel Homer,7.9,856,101,8.475247524752476
139,Krusty the Clown,55,3,20,Colonel Homer,7.9,20,2,10.0
165,Lenny Leonard,55,3,20,Colonel Homer,7.9,19,2,9.5
9,Lisa Simpson,55,3,20,Colonel Homer,7.9,57,7,8.142857142857142
1,Marge Simpson,55,3,20,Colonel Homer,7.9,372,39,9.538461538461538
17,Moe Szyslak,55,3,20,Colonel Homer,7.9,36,5,7.2
33,Announcer,56,3,21,Black Widower,8.2,17,2,8.5
8,Bart Simpson,56,3,21,Black Widower,8.2,300,26,11.538461538461538
71,Chief Wiggum,56,3,21,Black Widower,8.2,96,6,16.0
2,Homer Simpson,56,3,21,Black Widower,8.2,164,16,10.25
139,Krusty the Clown,56,3,21,Black Widower,8.2,189,14,13.5
9,Lisa Simpson,56,3,21,Black Widower,8.2,75,7,10.714285714285714
1,Marge Simpson,56,3,21,Black Widower,8.2,136,17,8.0
140,Rev. Timothy Lovejoy,56,3,21,Black Widower,8.2,20,1,20.0
153,Sideshow Bob,56,3,21,Black Widower,8.2,961,77,12.480519480519481
33,Announcer,57,3,22,The Otto Show,7.7,19,1,19.0
208,Apu Nahasapeemapetilon,57,3,22,The Otto Show,7.7,21,2,10.5
8,Bart Simpson,57,3,22,The Otto Show,7.7,262,36,7.277777777777778
71,Chief Wiggum,57,3,22,The Otto Show,7.7,8,1,8.0
801,Comic Book Guy,57,3,22,The Otto Show,7.7,19,1,19.0
2,Homer Simpson,57,3,22,The Otto Show,7.7,336,28,12.0
211,Kent Brockman,57,3,22,The Otto Show,7.7,71,2,35.5
9,Lisa Simpson,57,3,22,The Otto Show,7.7,29,7,4.142857142857143
1,Marge Simpson,57,3,22,The Otto Show,7.7,201,22,9.136363636363637
25,Milhouse Van Houten,57,3,22,The Otto Show,7.7,26,4,6.5
101,Nelson Muntz,57,3,22,The Otto Show,7.7,19,2,9.5
3,Seymour Skinner,57,3,22,The Otto Show,7.7,120,11,10.909090909090908
33,Announcer,58,3,23,Bart's Friend Falls in Love,7.8,14,1,14.0
8,Bart Simpson,58,3,23,Bart's Friend Falls in Love,7.8,593,50,11.86
40,Edna Krabappel-Flanders,58,3,23,Bart's Friend Falls in Love,7.8,151,11,13.727272727272727
2,Homer Simpson,58,3,23,Bart's Friend Falls in Love,7.8,149,21,7.095238095238095
211,Kent Brockman,58,3,23,Bart's Friend Falls in Love,7.8,77,2,38.5
9,Lisa Simpson,58,3,23,Bart's Friend Falls in Love,7.8,179,10,17.9
1,Marge Simpson,58,3,23,Bart's Friend Falls in Love,7.8,107,15,7.133333333333334
25,Milhouse Van Houten,58,3,23,Bart's Friend Falls in Love,7.8,269,33,8.151515151515152
101,Nelson Muntz,58,3,23,Bart's Friend Falls in Love,7.8,14,2,7.0
3,Seymour Skinner,58,3,23,Bart's Friend Falls in Love,7.8,165,7,23.571428571428573
8,Bart Simpson,59,3,24,"Brother, Can You Spare Two Dimes?",8.2,170,10,17.0
15,C. Montgomery Burns,59,3,24,"Brother, Can You Spare Two Dimes?",8.2,212,14,15.142857142857142
170,Carl Carlson,59,3,24,"Brother, Can You Spare Two Dimes?",8.2,6,1,6.0
2,Homer Simpson,59,3,24,"Brother, Can You Spare Two Dimes?",8.2,578,56,10.321428571428571
211,Kent Brockman,59,3,24,"Brother, Can You Spare Two Dimes?",8.2,15,1,15.0
165,Lenny Leonard,59,3,24,"Brother, Can You Spare Two Dimes?",8.2,15,2,7.5
9,Lisa Simpson,59,3,24,"Brother, Can You Spare Two Dimes?",8.2,159,15,10.6
1,Marge Simpson,59,3,24,"Brother, Can You Spare Two Dimes?",8.2,145,19,7.631578947368421
17,Moe Szyslak,59,3,24,"Brother, Can You Spare Two Dimes?",8.2,17,2,8.5
11,Ned Flanders,59,3,24,"Brother, Can You Spare Two Dimes?",8.2,55,5,11.0
14,Waylon Smithers,59,3,24,"Brother, Can You Spare Two Dimes?",8.2,62,6,10.333333333333334
8,Bart Simpson,60,4,1,Kamp Krusty,8.4,521,46,11.326086956521738
332,Dr. Julius Hibbert,60,4,1,Kamp Krusty,8.4,21,1,21.0
40,Edna Krabappel-Flanders,60,4,1,Kamp Krusty,8.4,40,7,5.714285714285714
404,Groundskeeper Willie,60,4,1,Kamp Krusty,8.4,14,3,4.666666666666667
2,Homer Simpson,60,4,1,Kamp Krusty,8.4,231,26,8.884615384615385
211,Kent Brockman,60,4,1,Kamp Krusty,8.4,75,4,18.75
139,Krusty the Clown,60,4,1,Kamp Krusty,8.4,272,20,13.6
9,Lisa Simpson,60,4,1,Kamp Krusty,8.4,327,30,10.9
1,Marge Simpson,60,4,1,Kamp Krusty,8.4,137,14,9.785714285714286
25,Milhouse Van Houten,60,4,1,Kamp Krusty,8.4,14,4,3.5
3,Seymour Skinner,60,4,1,Kamp Krusty,8.4,88,6,14.666666666666666
208,Apu Nahasapeemapetilon,61,4,2,A Streetcar Named Marge,8.1,50,5,10.0
8,Bart Simpson,61,4,2,A Streetcar Named Marge,8.1,63,10,6.3
71,Chief Wiggum,61,4,2,A Streetcar Named Marge,8.1,35,5,7.0
2,Homer Simpson,61,4,2,A Streetcar Named Marge,8.1,405,45,9.0
9,Lisa Simpson,61,4,2,A Streetcar Named Marge,8.1,61,10,6.1
1,Marge Simpson,61,4,2,A Streetcar Named Marge,8.1,524,59,8.88135593220339
11,Ned Flanders,61,4,2,A Streetcar Named Marge,8.1,135,15,9.0
33,Announcer,62,4,3,Homer the Heretic,9.0,19,2,9.5
208,Apu Nahasapeemapetilon,62,4,3,Homer the Heretic,9.0,82,8,10.25
8,Bart Simpson,62,4,3,Homer the Heretic,9.0,78,12,6.5
71,Chief Wiggum,62,4,3,Homer the Heretic,9.0,8,2,4.0
404,Groundskeeper Willie,62,4,3,Homer the Heretic,9.0,6,2,3.0
2,Homer Simpson,62,4,3,Homer the Heretic,9.0,853,90,9.477777777777778
211,Kent Brockman,62,4,3,Homer the Heretic,9.0,21,2,10.5
139,Krusty the Clown,62,4,3,Homer the Heretic,9.0,54,5,10.8
9,Lisa Simpson,62,4,3,Homer the Heretic,9.0,49,8,6.125
1,Marge Simpson,62,4,3,Homer the Heretic,9.0,235,22,10.681818181818182
17,Moe Szyslak,62,4,3,Homer the Heretic,9.0,14,2,7.0
11,Ned Flanders,62,4,3,Homer the Heretic,9.0,80,11,7.2727272727272725
140,Rev. Timothy Lovejoy,62,4,3,Homer the Heretic,9.0,210,20,10.5
33,Announcer,63,4,4,Lisa the Beauty Queen,7.8,10,1,10.0
8,Bart Simpson,63,4,4,Lisa the Beauty Queen,7.8,196,22,8.909090909090908
71,Chief Wiggum,63,4,4,Lisa the Beauty Queen,7.8,20,3,6.666666666666667
332,Dr. Julius Hibbert,63,4,4,Lisa the Beauty Queen,7.8,15,1,15.0
31,Grampa Simpson,63,4,4,Lisa the Beauty Queen,7.8,7,1,7.0
404,Groundskeeper Willie,63,4,4,Lisa the Beauty Queen,7.8,28,1,28.0
2,Homer Simpson,63,4,4,Lisa the Beauty Queen,7.8,354,44,8.045454545454545
211,Kent Brockman,63,4,4,Lisa the Beauty Queen,7.8,136,7,19.428571428571427
139,Krusty the Clown,63,4,4,Lisa the Beauty Queen,7.8,188,14,13.428571428571429
9,Lisa Simpson,63,4,4,Lisa the Beauty Queen,7.8,340,42,8.095238095238095
1,Marge Simpson,63,4,4,Lisa the Beauty Queen,7.8,179,14,12.785714285714286
240,Mayor Joe Quimby,63,4,4,Lisa the Beauty Queen,7.8,31,2,15.5
25,Milhouse Van Houten,63,4,4,Lisa the Beauty Queen,7.8,5,2,2.5
17,Moe Szyslak,63,4,4,Lisa the Beauty Queen,7.8,2,1,2.0
101,Nelson Muntz,63,4,4,Lisa the Beauty Queen,7.8,4,2,2.0
3,Seymour Skinner,63,4,4,Lisa the Beauty Queen,7.8,69,8,8.625
8,Bart Simpson,64,4,5,Treehouse of Horror III,8.4,248,28,8.857142857142858
15,C. Montgomery Burns,64,4,5,Treehouse of Horror III,8.4,261,17,15.352941176470589
170,Carl Carlson,64,4,5,Treehouse of Horror III,8.4,14,2,7.0
71,Chief Wiggum,64,4,5,Treehouse of Horror III,8.4,4,1,4.0
40,Edna Krabappel-Flanders,64,4,5,Treehouse of Horror III,8.4,19,2,9.5
31,Grampa Simpson,64,4,5,Treehouse of Horror III,8.4,64,9,7.111111111111111
404,Groundskeeper Willie,64,4,5,Treehouse of Horror III,8.4,12,3,4.0
2,Homer Simpson,64,4,5,Treehouse of Horror III,8.4,232,42,5.523809523809524
211,Kent Brockman,64,4,5,Treehouse of Horror III,8.4,19,1,19.0
139,Krusty the Clown,64,4,5,Treehouse of Horror III,8.4,11,1,11.0
165,Lenny Leonard,64,4,5,Treehouse of Horror III,8.4,29,3,9.666666666666666
9,Lisa Simpson,64,4,5,Treehouse of Horror III,8.4,63,11,5.7272727272727275
1,Marge Simpson,64,4,5,Treehouse of Horror III,8.4,150,23,6.521739130434782
240,Mayor Joe Quimby,64,4,5,Treehouse of Horror III,8.4,15,1,15.0
11,Ned Flanders,64,4,5,Treehouse of Horror III,8.4,27,3,9.0
3,Seymour Skinner,64,4,5,Treehouse of Horror III,8.4,8,1,8.0
14,Waylon Smithers,64,4,5,Treehouse of Horror III,8.4,7,1,7.0
33,Announcer,65,4,6,Itchy & Scratchy: The Movie,8.2,64,5,12.8
8,Bart Simpson,65,4,6,Itchy & Scratchy: The Movie,8.2,334,47,7.1063829787234045
71,Chief Wiggum,65,4,6,Itchy & Scratchy: The Movie,8.2,17,2,8.5
40,Edna Krabappel-Flanders,65,4,6,Itchy & Scratchy: The Movie,8.2,101,7,14.428571428571429
31,Grampa Simpson,65,4,6,Itchy & Scratchy: The Movie,8.2,48,9,5.333333333333333
404,Groundskeeper Willie,65,4,6,Itchy & Scratchy: The Movie,8.2,1,1,1.0
2,Homer Simpson,65,4,6,Itchy & Scratchy: The Movie,8.2,762,67,11.373134328358208
211,Kent Brockman,65,4,6,Itchy & Scratchy: The Movie,8.2,208,8,26.0
9,Lisa Simpson,65,4,6,Itchy & Scratchy: The Movie,8.2,143,11,13.0
1,Marge Simpson,65,4,6,Itchy & Scratchy: The Movie,8.2,248,33,7.515151515151516
25,Milhouse Van Houten,65,4,6,Itchy & Scratchy: The Movie,8.2,17,2,8.5
101,Nelson Muntz,65,4,6,Itchy & Scratchy: The Movie,8.2,8,2,4.0
8,Bart Simpson,66,4,7,Marge Gets a Job,7.8,127,17,7.470588235294118
15,C. Montgomery Burns,66,4,7,Marge Gets a Job,7.8,372,31,12.0
170,Carl Carlson,66,4,7,Marge Gets a Job,7.8,11,2,5.5
71,Chief Wiggum,66,4,7,Marge Gets a Job,7.8,2,1,2.0
40,Edna Krabappel-Flanders,66,4,7,Marge Gets a Job,7.8,102,12,8.5
31,Grampa Simpson,66,4,7,Marge Gets a Job,7.8,116,11,10.545454545454545
404,Groundskeeper Willie,66,4,7,Marge Gets a Job,7.8,38,3,12.666666666666666
2,Homer Simpson,66,4,7,Marge Gets a Job,7.8,406,46,8.826086956521738
211,Kent Brockman,66,4,7,Marge Gets a Job,7.8,28,1,28.0
139,Krusty the Clown,66,4,7,Marge Gets a Job,7.8,26,4,6.5
165,Lenny Leonard,66,4,7,Marge Gets a Job,7.8,11,2,5.5
9,Lisa Simpson,66,4,7,Marge Gets a Job,7.8,58,6,9.666666666666666
1,Marge Simpson,66,4,7,Marge Gets a Job,7.8,340,43,7.906976744186046
11,Ned Flanders,66,4,7,Marge Gets a Job,7.8,12,2,6.0
101,Nelson Muntz,66,4,7,Marge Gets a Job,7.8,2,1,2.0
14,Waylon Smithers,66,4,7,Marge Gets a Job,7.8,210,26,8.076923076923077
208,Apu Nahasapeemapetilon,67,4,8,New Kid on the Block,8.2,24,2,12.0
8,Bart Simpson,67,4,8,New Kid on the Block,8.2,327,48,6.8125
31,Grampa Simpson,67,4,8,New Kid on the Block,8.2,70,4,17.5
2,Homer Simpson,67,4,8,New Kid on the Block,8.2,449,47,9.553191489361701
9,Lisa Simpson,67,4,8,New Kid on the Block,8.2,73,11,6.636363636363637
1,Marge Simpson,67,4,8,New Kid on the Block,8.2,190,24,7.916666666666667
17,Moe Szyslak,67,4,8,New Kid on the Block,8.2,154,13,11.846153846153847
3,Seymour Skinner,67,4,8,New Kid on the Block,8.2,17,2,8.5
208,Apu Nahasapeemapetilon,68,4,9,Mr. Plow,8.8,10,1,10.0
8,Bart Simpson,68,4,9,Mr. Plow,8.8,40,6,6.666666666666667
31,Grampa Simpson,68,4,9,Mr. Plow,8.8,67,6,11.166666666666666
404,Groundskeeper Willie,68,4,9,Mr. Plow,8.8,1,1,1.0
2,Homer Simpson,68,4,9,Mr. Plow,8.8,760,83,9.156626506024097
211,Kent Brockman,68,4,9,Mr. Plow,8.8,109,6,18.166666666666668
139,Krusty the Clown,68,4,9,Mr. Plow,8.8,13,3,4.333333333333333
9,Lisa Simpson,68,4,9,Mr. Plow,8.8,77,11,7.0
1,Marge Simpson,68,4,9,Mr. Plow,8.8,99,10,9.9
240,Mayor Joe Quimby,68,4,9,Mr. Plow,8.8,60,4,15.0
17,Moe Szyslak,68,4,9,Mr. Plow,8.8,42,5,8.4
11,Ned Flanders,68,4,9,Mr. Plow,8.8,12,2,6.0
101,Nelson Muntz,68,4,9,Mr. Plow,8.8,5,1,5.0
140,Rev. Timothy Lovejoy,68,4,9,Mr. Plow,8.8,17,2,8.5
3,Seymour Skinner,68,4,9,Mr. Plow,8.8,19,2,9.5
33,Announcer,69,4,10,Lisa's First Word,8.5,103,8,12.875
8,Bart Simpson,69,4,10,Lisa's First Word,8.5,304,54,5.62962962962963
71,Chief Wiggum,69,4,10,Lisa's First Word,8.5,6,1,6.0
332,Dr. Julius Hibbert,69,4,10,Lisa's First Word,8.5,34,2,17.0
31,Grampa Simpson,69,4,10,Lisa's First Word,8.5,81,6,13.5
2,Homer Simpson,69,4,10,Lisa's First Word,8.5,539,69,7.811594202898551
139,Krusty the Clown,69,4,10,Lisa's First Word,8.5,121,10,12.1
9,Lisa Simpson,69,4,10,Lisa's First Word,8.5,88,18,4.888888888888889
1,Marge Simpson,69,4,10,Lisa's First Word,8.5,360,43,8.372093023255815
11,Ned Flanders,69,4,10,Lisa's First Word,8.5,112,13,8.615384615384615
33,Announcer,70,4,11,Homer's Triple Bypass,8.7,3,1,3.0
208,Apu Nahasapeemapetilon,70,4,11,Homer's Triple Bypass,8.7,23,2,11.5
8,Bart Simpson,70,4,11,Homer's Triple Bypass,8.7,69,10,6.9
15,C. Montgomery Burns,70,4,11,Homer's Triple Bypass,8.7,111,10,11.1
170,Carl Carlson,70,4,11,Homer's Triple Bypass,8.7,9,1,9.0
71,Chief Wiggum,70,4,11,Homer's Triple Bypass,8.7,51,3,17.0
332,Dr. Julius Hibbert,70,4,11,Homer's Triple Bypass,8.7,171,19,9.0
31,Grampa Simpson,70,4,11,Homer's Triple Bypass,8.7,48,5,9.6
2,Homer Simpson,70,4,11,Homer's Triple Bypass,8.7,816,89,9.168539325842696
139,Krusty the Clown,70,4,11,Homer's Triple Bypass,8.7,56,5,11.2
165,Lenny Leonard,70,4,11,Homer's Triple Bypass,8.7,7,1,7.0
9,Lisa Simpson,70,4,11,Homer's Triple Bypass,8.7,99,13,7.615384615384615
1,Marge Simpson,70,4,11,Homer's Triple Bypass,8.7,143,23,6.217391304347826
17,Moe Szyslak,70,4,11,Homer's Triple Bypass,8.7,37,5,7.4
11,Ned Flanders,70,4,11,Homer's Triple Bypass,8.7,58,5,11.6
140,Rev. Timothy Lovejoy,70,4,11,Homer's Triple Bypass,8.7,11,2,5.5
14,Waylon Smithers,70,4,11,Homer's Triple Bypass,8.7,23,3,7.666666666666667
33,Announcer,71,4,12,Marge vs. the Monorail,9.0,24,3,8.0
208,Apu Nahasapeemapetilon,71,4,12,Marge vs. the Monorail,9.0,59,5,11.8
8,Bart Simpson,71,4,12,Marge vs. the Monorail,9.0,108,14,7.714285714285714
15,C. Montgomery Burns,71,4,12,Marge vs. the Monorail,9.0,68,5,13.6
170,Carl Carlson,71,4,12,Marge vs. the Monorail,9.0,21,2,10.5
71,Chief Wiggum,71,4,12,Marge vs. the Monorail,9.0,105,10,10.5
332,Dr. Julius Hibbert,71,4,12,Marge vs. the Monorail,9.0,10,1,10.0
31,Grampa Simpson,71,4,12,Marge vs. the Monorail,9.0,57,4,14.25
2,Homer Simpson,71,4,12,Marge vs. the Monorail,9.0,291,43,6.767441860465116
211,Kent Brockman,71,4,12,Marge vs. the Monorail,9.0,93,6,15.5
139,Krusty the Clown,71,4,12,Marge vs. the Monorail,9.0,5,2,2.5
165,Lenny Leonard,71,4,12,Marge vs. the Monorail,9.0,27,2,13.5
9,Lisa Simpson,71,4,12,Marge vs. the Monorail,9.0,56,6,9.333333333333334
1,Marge Simpson,71,4,12,Marge vs. the Monorail,9.0,271,30,9.033333333333333
240,Mayor Joe Quimby,71,4,12,Marge vs. the Monorail,9.0,183,17,10.764705882352942
11,Ned Flanders,71,4,12,Marge vs. the Monorail,9.0,1,1,1.0
3,Seymour Skinner,71,4,12,Marge vs. the Monorail,9.0,13,1,13.0
14,Waylon Smithers,71,4,12,Marge vs. the Monorail,9.0,22,3,7.333333333333333
33,Announcer,72,4,13,Selma's Choice,8.0,59,5,11.8
8,Bart Simpson,72,4,13,Selma's Choice,8.0,155,26,5.961538461538462
170,Carl Carlson,72,4,13,Selma's Choice,8.0,10,1,10.0
404,Groundskeeper Willie,72,4,13,Selma's Choice,8.0,8,1,8.0
2,Homer Simpson,72,4,13,Selma's Choice,8.0,274,45,6.088888888888889
9,Lisa Simpson,72,4,13,Selma's Choice,8.0,136,21,6.476190476190476
1,Marge Simpson,72,4,13,Selma's Choice,8.0,275,32,8.59375
33,Announcer,73,4,14,Brother from the Same Planet,8.1,38,4,9.5
8,Bart Simpson,73,4,14,Brother from the Same Planet,8.1,299,37,8.08108108108108
71,Chief Wiggum,73,4,14,Brother from the Same Planet,8.1,8,2,4.0
332,Dr. Julius Hibbert,73,4,14,Brother from the Same Planet,8.1,49,2,24.5
40,Edna Krabappel-Flanders,73,4,14,Brother from the Same Planet,8.1,15,3,5.0
31,Grampa Simpson,73,4,14,Brother from the Same Planet,8.1,42,2,21.0
2,Homer Simpson,73,4,14,Brother from the Same Planet,8.1,521,70,7.442857142857143
211,Kent Brockman,73,4,14,Brother from the Same Planet,8.1,54,2,27.0
139,Krusty the Clown,73,4,14,Brother from the Same Planet,8.1,79,5,15.8
9,Lisa Simpson,73,4,14,Brother from the Same Planet,8.1,51,12,4.25
1,Marge Simpson,73,4,14,Brother from the Same Planet,8.1,136,13,10.461538461538462
25,Milhouse Van Houten,73,4,14,Brother from the Same Planet,8.1,15,3,5.0
11,Ned Flanders,73,4,14,Brother from the Same Planet,8.1,7,1,7.0
101,Nelson Muntz,73,4,14,Brother from the Same Planet,8.1,11,4,2.75
3,Seymour Skinner,73,4,14,Brother from the Same Planet,8.1,83,8,10.375
33,Announcer,74,4,15,I Love Lisa,8.3,8,1,8.0
208,Apu Nahasapeemapetilon,74,4,15,I Love Lisa,8.3,32,4,8.0
8,Bart Simpson,74,4,15,I Love Lisa,8.3,158,21,7.523809523809524
71,Chief Wiggum,74,4,15,I Love Lisa,8.3,187,20,9.35
31,Grampa Simpson,74,4,15,I Love Lisa,8.3,17,2,8.5
404,Groundskeeper Willie,74,4,15,I Love Lisa,8.3,46,3,15.333333333333334
2,Homer Simpson,74,4,15,I Love Lisa,8.3,259,31,8.35483870967742
139,Krusty the Clown,74,4,15,I Love Lisa,8.3,237,19,12.473684210526315
9,Lisa Simpson,74,4,15,I Love Lisa,8.3,342,44,7.7727272727272725
1,Marge Simpson,74,4,15,I Love Lisa,8.3,40,4,10.0
25,Milhouse Van Houten,74,4,15,I Love Lisa,8.3,35,4,8.75
17,Moe Szyslak,74,4,15,I Love Lisa,8.3,10,2,5.0
11,Ned Flanders,74,4,15,I Love Lisa,8.3,20,1,20.0
3,Seymour Skinner,74,4,15,I Love Lisa,8.3,125,12,10.416666666666666
33,Announcer,75,4,16,Duffless,8.3,15,2,7.5
8,Bart Simpson,75,4,16,Duffless,8.3,127,20,6.35
71,Chief Wiggum,75,4,16,Duffless,8.3,108,8,13.5
40,Edna Krabappel-Flanders,75,4,16,Duffless,8.3,8,2,4.0
2,Homer Simpson,75,4,16,Duffless,8.3,469,60,7.816666666666666
9,Lisa Simpson,75,4,16,Duffless,8.3,173,23,7.521739130434782
1,Marge Simpson,75,4,16,Duffless,8.3,213,27,7.888888888888889
25,Milhouse Van Houten,75,4,16,Duffless,8.3,6,1,6.0
17,Moe Szyslak,75,4,16,Duffless,8.3,46,5,9.2
11,Ned Flanders,75,4,16,Duffless,8.3,34,4,8.5
101,Nelson Muntz,75,4,16,Duffless,8.3,9,2,4.5
140,Rev. Timothy Lovejoy,75,4,16,Duffless,8.3,37,5,7.4
3,Seymour Skinner,75,4,16,Duffless,8.3,79,10,7.9
8,Bart Simpson,76,4,17,Last Exit to Springfield,9.0,67,6,11.166666666666666
15,C. Montgomery Burns,76,4,17,Last Exit to Springfield,9.0,514,39,13.179487179487179
170,Carl Carlson,76,4,17,Last Exit to Springfield,9.0,108,13,8.307692307692308
71,Chief Wiggum,76,4,17,Last Exit to Springfield,9.0,5,1,5.0
31,Grampa Simpson,76,4,17,Last Exit to Springfield,9.0,135,2,67.5
2,Homer Simpson,76,4,17,Last Exit to Springfield,9.0,389,45,8.644444444444444
211,Kent Brockman,76,4,17,Last Exit to Springfield,9.0,74,5,14.8
165,Lenny Leonard,76,4,17,Last Exit to Springfield,9.0,31,12,2.5833333333333335
9,Lisa Simpson,76,4,17,Last Exit to Springfield,9.0,106,10,10.6
1,Marge Simpson,76,4,17,Last Exit to Springfield,9.0,95,18,5.277777777777778
3,Seymour Skinner,76,4,17,Last Exit to Springfield,9.0,14,2,7.0
14,Waylon Smithers,76,4,17,Last Exit to Springfield,9.0,45,3,15.0
33,Announcer,77,4,18,So It's Come to This: A Simpsons Clip Show,7.2,20,1,20.0
8,Bart Simpson,77,4,18,So It's Come to This: A Simpsons Clip Show,7.2,200,29,6.896551724137931
15,C. Montgomery Burns,77,4,18,So It's Come to This: A Simpsons Clip Show,7.2,47,7,6.714285714285714
71,Chief Wiggum,77,4,18,So It's Come to This: A Simpsons Clip Show,7.2,15,2,7.5
332,Dr. Julius Hibbert,77,4,18,So It's Come to This: A Simpsons Clip Show,7.2,31,4,7.75
31,Grampa Simpson,77,4,18,So It's Come to This: A Simpsons Clip Show,7.2,61,4,15.25
2,Homer Simpson,77,4,18,So It's Come to This: A Simpsons Clip Show,7.2,542,59,9.186440677966102
165,Lenny Leonard,77,4,18,So It's Come to This: A Simpsons Clip Show,7.2,8,1,8.0
9,Lisa Simpson,77,4,18,So It's Come to This: A Simpsons Clip Show,7.2,123,19,6.473684210526316
1,Marge Simpson,77,4,18,So It's Come to This: A Simpsons Clip Show,7.2,107,18,5.944444444444445
17,Moe Szyslak,77,4,18,So It's Come to This: A Simpsons Clip Show,7.2,11,2,5.5
11,Ned Flanders,77,4,18,So It's Come to This: A Simpsons Clip Show,7.2,15,2,7.5
33,Announcer,78,4,19,The Front,8.1,26,2,13.0
8,Bart Simpson,78,4,19,The Front,8.1,241,27,8.925925925925926
31,Grampa Simpson,78,4,19,The Front,8.1,324,33,9.818181818181818
2,Homer Simpson,78,4,19,The Front,8.1,335,43,7.790697674418604
139,Krusty the Clown,78,4,19,The Front,8.1,129,12,10.75
9,Lisa Simpson,78,4,19,The Front,8.1,213,25,8.52
1,Marge Simpson,78,4,19,The Front,8.1,82,15,5.466666666666667
11,Ned Flanders,78,4,19,The Front,8.1,19,3,6.333333333333333
208,Apu Nahasapeemapetilon,79,4,20,Whacking Day,8.1,12,1,12.0
8,Bart Simpson,79,4,20,Whacking Day,8.1,252,28,9.0
71,Chief Wiggum,79,4,20,Whacking Day,8.1,5,1,5.0
1078,Gary Chalmers,79,4,20,Whacking Day,8.1,170,22,7.7272727272727275
31,Grampa Simpson,79,4,20,Whacking Day,8.1,68,5,13.6
404,Groundskeeper Willie,79,4,20,Whacking Day,8.1,75,6,12.5
2,Homer Simpson,79,4,20,Whacking Day,8.1,181,21,8.619047619047619
211,Kent Brockman,79,4,20,Whacking Day,8.1,89,5,17.8
165,Lenny Leonard,79,4,20,Whacking Day,8.1,12,2,6.0
9,Lisa Simpson,79,4,20,Whacking Day,8.1,144,20,7.2
1,Marge Simpson,79,4,20,Whacking Day,8.1,154,14,11.0
240,Mayor Joe Quimby,79,4,20,Whacking Day,8.1,70,8,8.75
25,Milhouse Van Houten,79,4,20,Whacking Day,8.1,2,1,2.0
101,Nelson Muntz,79,4,20,Whacking Day,8.1,67,10,6.7
140,Rev. Timothy Lovejoy,79,4,20,Whacking Day,8.1,34,2,17.0
3,Seymour Skinner,79,4,20,Whacking Day,8.1,294,33,8.909090909090908
33,Announcer,80,4,21,Marge in Chains,7.7,37,5,7.4
208,Apu Nahasapeemapetilon,80,4,21,Marge in Chains,7.7,155,11,14.090909090909092
8,Bart Simpson,80,4,21,Marge in Chains,7.7,126,16,7.875
15,C. Montgomery Burns,80,4,21,Marge in Chains,7.7,27,2,13.5
71,Chief Wiggum,80,4,21,Marge in Chains,7.7,59,7,8.428571428571429
332,Dr. Julius Hibbert,80,4,21,Marge in Chains,7.7,37,3,12.333333333333334
31,Grampa Simpson,80,4,21,Marge in Chains,7.7,40,4,10.0
2,Homer Simpson,80,4,21,Marge in Chains,7.7,248,24,10.333333333333334
211,Kent Brockman,80,4,21,Marge in Chains,7.7,23,1,23.0
9,Lisa Simpson,80,4,21,Marge in Chains,7.7,75,12,6.25
1,Marge Simpson,80,4,21,Marge in Chains,7.7,169,30,5.633333333333334
240,Mayor Joe Quimby,80,4,21,Marge in Chains,7.7,85,8,10.625
25,Milhouse Van Houten,80,4,21,Marge in Chains,7.7,9,1,9.0
11,Ned Flanders,80,4,21,Marge in Chains,7.7,66,7,9.428571428571429
101,Nelson Muntz,80,4,21,Marge in Chains,7.7,10,2,5.0
140,Rev. Timothy Lovejoy,80,4,21,Marge in Chains,7.7,1,1,1.0
3,Seymour Skinner,80,4,21,Marge in Chains,7.7,22,2,11.0
33,Announcer,81,4,22,Krusty Gets Kancelled,8.2,18,3,6.0
8,Bart Simpson,81,4,22,Krusty Gets Kancelled,8.2,165,27,6.111111111111111
15,C. Montgomery Burns,81,4,22,Krusty Gets Kancelled,8.2,5,1,5.0
71,Chief Wiggum,81,4,22,Krusty Gets Kancelled,8.2,13,2,6.5
332,Dr. Julius Hibbert,81,4,22,Krusty Gets Kancelled,8.2,7,2,3.5
31,Grampa Simpson,81,4,22,Krusty Gets Kancelled,8.2,26,2,13.0
2,Homer Simpson,81,4,22,Krusty Gets Kancelled,8.2,92,11,8.363636363636363
211,Kent Brockman,81,4,22,Krusty Gets Kancelled,8.2,52,6,8.666666666666666
139,Krusty the Clown,81,4,22,Krusty Gets Kancelled,8.2,655,53,12.358490566037736
9,Lisa Simpson,81,4,22,Krusty Gets Kancelled,8.2,118,15,7.866666666666666
240,Mayor Joe Quimby,81,4,22,Krusty Gets Kancelled,8.2,25,1,25.0
25,Milhouse Van Houten,81,4,22,Krusty Gets Kancelled,8.2,21,5,4.2
17,Moe Szyslak,81,4,22,Krusty Gets Kancelled,8.2,60,5,12.0
101,Nelson Muntz,81,4,22,Krusty Gets Kancelled,8.2,7,1,7.0
140,Rev. Timothy Lovejoy,81,4,22,Krusty Gets Kancelled,8.2,18,1,18.0
14,Waylon Smithers,81,4,22,Krusty Gets Kancelled,8.2,3,1,3.0
208,Apu Nahasapeemapetilon,82,5,1,Homer's Barbershop Quartet,8.4,88,16,5.5
8,Bart Simpson,82,5,1,Homer's Barbershop Quartet,8.4,109,17,6.411764705882353
170,Carl Carlson,82,5,1,Homer's Barbershop Quartet,8.4,14,2,7.0
71,Chief Wiggum,82,5,1,Homer's Barbershop Quartet,8.4,70,13,5.384615384615385
801,Comic Book Guy,82,5,1,Homer's Barbershop Quartet,8.4,13,1,13.0
31,Grampa Simpson,82,5,1,Homer's Barbershop Quartet,8.4,53,6,8.833333333333334
404,Groundskeeper Willie,82,5,1,Homer's Barbershop Quartet,8.4,27,2,13.5
2,Homer Simpson,82,5,1,Homer's Barbershop Quartet,8.4,580,61,9.508196721311476
9,Lisa Simpson,82,5,1,Homer's Barbershop Quartet,8.4,81,9,9.0
1,Marge Simpson,82,5,1,Homer's Barbershop Quartet,8.4,57,6,9.5
240,Mayor Joe Quimby,82,5,1,Homer's Barbershop Quartet,8.4,37,2,18.5
25,Milhouse Van Houten,82,5,1,Homer's Barbershop Quartet,8.4,10,2,5.0
17,Moe Szyslak,82,5,1,Homer's Barbershop Quartet,8.4,43,5,8.6
11,Ned Flanders,82,5,1,Homer's Barbershop Quartet,8.4,23,4,5.75
101,Nelson Muntz,82,5,1,Homer's Barbershop Quartet,8.4,9,2,4.5
140,Rev. Timothy Lovejoy,82,5,1,Homer's Barbershop Quartet,8.4,17,2,8.5
3,Seymour Skinner,82,5,1,Homer's Barbershop Quartet,8.4,140,22,6.363636363636363
33,Announcer,83,5,2,Cape Feare,9.0,16,2,8.0
8,Bart Simpson,83,5,2,Cape Feare,9.0,171,24,7.125
71,Chief Wiggum,83,5,2,Cape Feare,9.0,130,12,10.833333333333334
40,Edna Krabappel-Flanders,83,5,2,Cape Feare,9.0,8,1,8.0
31,Grampa Simpson,83,5,2,Cape Feare,9.0,79,6,13.166666666666666
2,Homer Simpson,83,5,2,Cape Feare,9.0,226,35,6.457142857142857
9,Lisa Simpson,83,5,2,Cape Feare,9.0,111,13,8.538461538461538
1,Marge Simpson,83,5,2,Cape Feare,9.0,120,17,7.0588235294117645
25,Milhouse Van Houten,83,5,2,Cape Feare,9.0,26,1,26.0
17,Moe Szyslak,83,5,2,Cape Feare,9.0,19,3,6.333333333333333
11,Ned Flanders,83,5,2,Cape Feare,9.0,31,6,5.166666666666667
101,Nelson Muntz,83,5,2,Cape Feare,9.0,2,1,2.0
153,Sideshow Bob,83,5,2,Cape Feare,9.0,286,33,8.666666666666666
33,Announcer,84,5,3,Homer Goes to College,8.6,22,2,11.0
8,Bart Simpson,84,5,3,Homer Goes to College,8.6,124,12,10.333333333333334
15,C. Montgomery Burns,84,5,3,Homer Goes to College,8.6,252,19,13.263157894736842
332,Dr. Julius Hibbert,84,5,3,Homer Goes to College,8.6,21,2,10.5
31,Grampa Simpson,84,5,3,Homer Goes to College,8.6,3,2,1.5
2,Homer Simpson,84,5,3,Homer Goes to College,8.6,895,88,10.170454545454545
139,Krusty the Clown,84,5,3,Homer Goes to College,8.6,13,1,13.0
9,Lisa Simpson,84,5,3,Homer Goes to College,8.6,136,12,11.333333333333334
1,Marge Simpson,84,5,3,Homer Goes to College,8.6,139,14,9.928571428571429
240,Mayor Joe Quimby,84,5,3,Homer Goes to College,8.6,16,1,16.0
14,Waylon Smithers,84,5,3,Homer Goes to College,8.6,57,6,9.5
208,Apu Nahasapeemapetilon,85,5,4,Rosebud,8.9,27,2,13.5
8,Bart Simpson,85,5,4,Rosebud,8.9,75,7,10.714285714285714
15,C. Montgomery Burns,85,5,4,Rosebud,8.9,526,55,9.563636363636364
170,Carl Carlson,85,5,4,Rosebud,8.9,2,1,2.0
332,Dr. Julius Hibbert,85,5,4,Rosebud,8.9,8,1,8.0
31,Grampa Simpson,85,5,4,Rosebud,8.9,24,1,24.0
2,Homer Simpson,85,5,4,Rosebud,8.9,584,63,9.26984126984127
211,Kent Brockman,85,5,4,Rosebud,8.9,54,2,27.0
9,Lisa Simpson,85,5,4,Rosebud,8.9,77,7,11.0
1,Marge Simpson,85,5,4,Rosebud,8.9,132,16,8.25
17,Moe Szyslak,85,5,4,Rosebud,8.9,24,4,6.0
11,Ned Flanders,85,5,4,Rosebud,8.9,21,2,10.5
101,Nelson Muntz,85,5,4,Rosebud,8.9,28,2,14.0
3,Seymour Skinner,85,5,4,Rosebud,8.9,11,1,11.0
14,Waylon Smithers,85,5,4,Rosebud,8.9,232,23,10.08695652173913
8,Bart Simpson,86,5,5,Treehouse of Horror IV,8.7,383,36,10.63888888888889
15,C. Montgomery Burns,86,5,5,Treehouse of Horror IV,8.7,68,11,6.181818181818182
170,Carl Carlson,86,5,5,Treehouse of Horror IV,8.7,16,1,16.0
71,Chief Wiggum,86,5,5,Treehouse of Horror IV,8.7,39,3,13.0
31,Grampa Simpson,86,5,5,Treehouse of Horror IV,8.7,34,5,6.8
404,Groundskeeper Willie,86,5,5,Treehouse of Horror IV,8.7,27,2,13.5
2,Homer Simpson,86,5,5,Treehouse of Horror IV,8.7,279,37,7.54054054054054
211,Kent Brockman,86,5,5,Treehouse of Horror IV,8.7,47,2,23.5
165,Lenny Leonard,86,5,5,Treehouse of Horror IV,8.7,11,1,11.0
9,Lisa Simpson,86,5,5,Treehouse of Horror IV,8.7,201,31,6.483870967741935
1,Marge Simpson,86,5,5,Treehouse of Horror IV,8.7,191,18,10.61111111111111
25,Milhouse Van Houten,86,5,5,Treehouse of Horror IV,8.7,89,7,12.714285714285714
11,Ned Flanders,86,5,5,Treehouse of Horror IV,8.7,28,5,5.6
101,Nelson Muntz,86,5,5,Treehouse of Horror IV,8.7,2,1,2.0
3,Seymour Skinner,86,5,5,Treehouse of Horror IV,8.7,95,6,15.833333333333334
14,Waylon Smithers,86,5,5,Treehouse of Horror IV,8.7,22,3,7.333333333333333
33,Announcer,87,5,6,Marge on the Lam,8.0,130,5,26.0
208,Apu Nahasapeemapetilon,87,5,6,Marge on the Lam,8.0,5,1,5.0
8,Bart Simpson,87,5,6,Marge on the Lam,8.0,60,8,7.5
15,C. Montgomery Burns,87,5,6,Marge on the Lam,8.0,25,2,12.5
170,Carl Carlson,87,5,6,Marge on the Lam,8.0,27,3,9.0
71,Chief Wiggum,87,5,6,Marge on the Lam,8.0,196,17,11.529411764705882
404,Groundskeeper Willie,87,5,6,Marge on the Lam,8.0,10,1,10.0
2,Homer Simpson,87,5,6,Marge on the Lam,8.0,607,74,8.202702702702704
211,Kent Brockman,87,5,6,Marge on the Lam,8.0,59,2,29.5
165,Lenny Leonard,87,5,6,Marge on the Lam,8.0,23,3,7.666666666666667
9,Lisa Simpson,87,5,6,Marge on the Lam,8.0,61,6,10.166666666666666
1,Marge Simpson,87,5,6,Marge on the Lam,8.0,436,59,7.389830508474576
240,Mayor Joe Quimby,87,5,6,Marge on the Lam,8.0,11,2,5.5
17,Moe Szyslak,87,5,6,Marge on the Lam,8.0,13,1,13.0
11,Ned Flanders,87,5,6,Marge on the Lam,8.0,6,2,3.0
14,Waylon Smithers,87,5,6,Marge on the Lam,8.0,7,1,7.0
208,Apu Nahasapeemapetilon,88,5,7,Bart's Inner Child,7.7,22,3,7.333333333333333
8,Bart Simpson,88,5,7,Bart's Inner Child,7.7,155,33,4.696969696969697
15,C. Montgomery Burns,88,5,7,Bart's Inner Child,7.7,18,2,9.0
170,Carl Carlson,88,5,7,Bart's Inner Child,7.7,2,1,2.0
71,Chief Wiggum,88,5,7,Bart's Inner Child,7.7,28,3,9.333333333333334
332,Dr. Julius Hibbert,88,5,7,Bart's Inner Child,7.7,10,1,10.0
40,Edna Krabappel-Flanders,88,5,7,Bart's Inner Child,7.7,10,1,10.0
404,Groundskeeper Willie,88,5,7,Bart's Inner Child,7.7,42,3,14.0
2,Homer Simpson,88,5,7,Bart's Inner Child,7.7,410,56,7.321428571428571
211,Kent Brockman,88,5,7,Bart's Inner Child,7.7,98,2,49.0
139,Krusty the Clown,88,5,7,Bart's Inner Child,7.7,51,5,10.2
165,Lenny Leonard,88,5,7,Bart's Inner Child,7.7,4,1,4.0
9,Lisa Simpson,88,5,7,Bart's Inner Child,7.7,153,15,10.2
1,Marge Simpson,88,5,7,Bart's Inner Child,7.7,250,27,9.25925925925926
240,Mayor Joe Quimby,88,5,7,Bart's Inner Child,7.7,81,4,20.25
25,Milhouse Van Houten,88,5,7,Bart's Inner Child,7.7,17,3,5.666666666666667
17,Moe Szyslak,88,5,7,Bart's Inner Child,7.7,41,6,6.833333333333333
11,Ned Flanders,88,5,7,Bart's Inner Child,7.7,17,2,8.5
140,Rev. Timothy Lovejoy,88,5,7,Bart's Inner Child,7.7,52,5,10.4
3,Seymour Skinner,88,5,7,Bart's Inner Child,7.7,54,7,7.714285714285714
14,Waylon Smithers,88,5,7,Bart's Inner Child,7.7,31,3,10.333333333333334
208,Apu Nahasapeemapetilon,89,5,8,Boy-Scoutz 'n the Hood,8.7,38,4,9.5
8,Bart Simpson,89,5,8,Boy-Scoutz 'n the Hood,8.7,412,50,8.24
71,Chief Wiggum,89,5,8,Boy-Scoutz 'n the Hood,8.7,54,4,13.5
332,Dr. Julius Hibbert,89,5,8,Boy-Scoutz 'n the Hood,8.7,21,3,7.0
40,Edna Krabappel-Flanders,89,5,8,Boy-Scoutz 'n the Hood,8.7,42,3,14.0
2,Homer Simpson,89,5,8,Boy-Scoutz 'n the Hood,8.7,577,60,9.616666666666667
139,Krusty the Clown,89,5,8,Boy-Scoutz 'n the Hood,8.7,16,2,8.0
9,Lisa Simpson,89,5,8,Boy-Scoutz 'n the Hood,8.7,29,4,7.25
1,Marge Simpson,89,5,8,Boy-Scoutz 'n the Hood,8.7,54,7,7.714285714285714
25,Milhouse Van Houten,89,5,8,Boy-Scoutz 'n the Hood,8.7,93,16,5.8125
17,Moe Szyslak,89,5,8,Boy-Scoutz 'n the Hood,8.7,12,1,12.0
11,Ned Flanders,89,5,8,Boy-Scoutz 'n the Hood,8.7,353,29,12.172413793103448
101,Nelson Muntz,89,5,8,Boy-Scoutz 'n the Hood,8.7,21,4,5.25
3,Seymour Skinner,89,5,8,Boy-Scoutz 'n the Hood,8.7,29,1,29.0
33,Announcer,90,5,9,The Last Temptation of Homer,8.4,56,4,14.0
8,Bart Simpson,90,5,9,The Last Temptation of Homer,8.4,91,11,8.272727272727273
15,C. Montgomery Burns,90,5,9,The Last Temptation of Homer,8.4,137,13,10.538461538461538
170,Carl Carlson,90,5,9,The Last Temptation of Homer,8.4,53,6,8.833333333333334
332,Dr. Julius Hibbert,90,5,9,The Last Temptation of Homer,8.4,34,2,17.0
40,Edna Krabappel-Flanders,90,5,9,The Last Temptation of Homer,8.4,89,6,14.833333333333334
31,Grampa Simpson,90,5,9,The Last Temptation of Homer,8.4,6,1,6.0
2,Homer Simpson,90,5,9,The Last Temptation of Homer,8.4,708,84,8.428571428571429
211,Kent Brockman,90,5,9,The Last Temptation of Homer,8.4,37,1,37.0
165,Lenny Leonard,90,5,9,The Last Temptation of Homer,8.4,51,6,8.5
9,Lisa Simpson,90,5,9,The Last Temptation of Homer,8.4,56,6,9.333333333333334
1,Marge Simpson,90,5,9,The Last Temptation of Homer,8.4,74,6,12.333333333333334
25,Milhouse Van Houten,90,5,9,The Last Temptation of Homer,8.4,12,2,6.0
17,Moe Szyslak,90,5,9,The Last Temptation of Homer,8.4,8,2,4.0
11,Ned Flanders,90,5,9,The Last Temptation of Homer,8.4,24,3,8.0
101,Nelson Muntz,90,5,9,The Last Temptation of Homer,8.4,25,4,6.25
3,Seymour Skinner,90,5,9,The Last Temptation of Homer,8.4,16,2,8.0
14,Waylon Smithers,90,5,9,The Last Temptation of Homer,8.4,88,8,11.0
208,Apu Nahasapeemapetilon,91,5,10,"$pringfield (or, How I Learned to Stop Worrying and Love Legalized Gambling)",8.5,7,1,7.0
8,Bart Simpson,91,5,10,"$pringfield (or, How I Learned to Stop Worrying and Love Legalized Gambling)",8.5,67,8,8.375
15,C. Montgomery Burns,91,5,10,"$pringfield (or, How I Learned to Stop Worrying and Love Legalized Gambling)",8.5,256,23,11.130434782608695
31,Grampa Simpson,91,5,10,"$pringfield (or, How I Learned to Stop Worrying and Love Legalized Gambling)",8.5,111,7,15.857142857142858
2,Homer Simpson,91,5,10,"$pringfield (or, How I Learned to Stop Worrying and Love Legalized Gambling)",8.5,606,53,11.433962264150944
211,Kent Brockman,91,5,10,"$pringfield (or, How I Learned to Stop Worrying and Love Legalized Gambling)",8.5,79,3,26.333333333333332
139,Krusty the Clown,91,5,10,"$pringfield (or, How I Learned to Stop Worrying and Love Legalized Gambling)",8.5,60,2,30.0
9,Lisa Simpson,91,5,10,"$pringfield (or, How I Learned to Stop Worrying and Love Legalized Gambling)",8.5,210,19,11.052631578947368
1,Marge Simpson,91,5,10,"$pringfield (or, How I Learned to Stop Worrying and Love Legalized Gambling)",8.5,235,30,7.833333333333333
240,Mayor Joe Quimby,91,5,10,"$pringfield (or, How I Learned to Stop Worrying and Love Legalized Gambling)",8.5,102,7,14.571428571428571
25,Milhouse Van Houten,91,5,10,"$pringfield (or, How I Learned to Stop Worrying and Love Legalized Gambling)",8.5,10,1,10.0
11,Ned Flanders,91,5,10,"$pringfield (or, How I Learned to Stop Worrying and Love Legalized Gambling)",8.5,5,1,5.0
101,Nelson Muntz,91,5,10,"$pringfield (or, How I Learned to Stop Worrying and Love Legalized Gambling)",8.5,8,1,8.0
140,Rev. Timothy Lovejoy,91,5,10,"$pringfield (or, How I Learned to Stop Worrying and Love Legalized Gambling)",8.5,12,1,12.0
3,Seymour Skinner,91,5,10,"$pringfield (or, How I Learned to Stop Worrying and Love Legalized Gambling)",8.5,66,4,16.5
14,Waylon Smithers,91,5,10,"$pringfield (or, How I Learned to Stop Worrying and Love Legalized Gambling)",8.5,121,14,8.642857142857142
208,Apu Nahasapeemapetilon,92,5,11,Homer the Vigilante,8.2,12,2,6.0
8,Bart Simpson,92,5,11,Homer the Vigilante,8.2,46,9,5.111111111111111
71,Chief Wiggum,92,5,11,Homer the Vigilante,8.2,207,16,12.9375
31,Grampa Simpson,92,5,11,Homer the Vigilante,8.2,286,22,13.0
2,Homer Simpson,92,5,11,Homer the Vigilante,8.2,767,77,9.96103896103896
211,Kent Brockman,92,5,11,Homer the Vigilante,8.2,170,9,18.88888888888889
165,Lenny Leonard,92,5,11,Homer the Vigilante,8.2,2,1,2.0
9,Lisa Simpson,92,5,11,Homer the Vigilante,8.2,142,15,9.466666666666667
1,Marge Simpson,92,5,11,Homer the Vigilante,8.2,93,10,9.3
240,Mayor Joe Quimby,92,5,11,Homer the Vigilante,8.2,24,3,8.0
17,Moe Szyslak,92,5,11,Homer the Vigilante,8.2,24,8,3.0
11,Ned Flanders,92,5,11,Homer the Vigilante,8.2,62,5,12.4
101,Nelson Muntz,92,5,11,Homer the Vigilante,8.2,4,1,4.0
3,Seymour Skinner,92,5,11,Homer the Vigilante,8.2,42,10,4.2
33,Announcer,93,5,12,Bart Gets Famous,8.1,48,3,16.0
208,Apu Nahasapeemapetilon,93,5,12,Bart Gets Famous,8.1,4,1,4.0
8,Bart Simpson,93,5,12,Bart Gets Famous,8.1,503,64,7.859375
15,C. Montgomery Burns,93,5,12,Bart Gets Famous,8.1,1,1,1.0
40,Edna Krabappel-Flanders,93,5,12,Bart Gets Famous,8.1,44,6,7.333333333333333
31,Grampa Simpson,93,5,12,Bart Gets Famous,8.1,14,1,14.0
2,Homer Simpson,93,5,12,Bart Gets Famous,8.1,329,26,12.653846153846153
211,Kent Brockman,93,5,12,Bart Gets Famous,8.1,86,4,21.5
139,Krusty the Clown,93,5,12,Bart Gets Famous,8.1,414,35,11.82857142857143
9,Lisa Simpson,93,5,12,Bart Gets Famous,8.1,150,13,11.538461538461538
1,Marge Simpson,93,5,12,Bart Gets Famous,8.1,121,10,12.1
240,Mayor Joe Quimby,93,5,12,Bart Gets Famous,8.1,6,2,3.0
25,Milhouse Van Houten,93,5,12,Bart Gets Famous,8.1,32,6,5.333333333333333
11,Ned Flanders,93,5,12,Bart Gets Famous,8.1,2,1,2.0
101,Nelson Muntz,93,5,12,Bart Gets Famous,8.1,10,2,5.0
3,Seymour Skinner,93,5,12,Bart Gets Famous,8.1,58,4,14.5
33,Announcer,94,5,13,Homer and Apu,8.3,19,2,9.5
208,Apu Nahasapeemapetilon,94,5,13,Homer and Apu,8.3,738,72,10.25
8,Bart Simpson,94,5,13,Homer and Apu,8.3,31,4,7.75
332,Dr. Julius Hibbert,94,5,13,Homer and Apu,8.3,44,2,22.0
31,Grampa Simpson,94,5,13,Homer and Apu,8.3,36,2,18.0
2,Homer Simpson,94,5,13,Homer and Apu,8.3,444,54,8.222222222222221
211,Kent Brockman,94,5,13,Homer and Apu,8.3,183,10,18.3
9,Lisa Simpson,94,5,13,Homer and Apu,8.3,98,16,6.125
1,Marge Simpson,94,5,13,Homer and Apu,8.3,134,15,8.933333333333334
33,Announcer,95,5,14,Lisa vs. Malibu Stacy,8.2,91,5,18.2
8,Bart Simpson,95,5,14,Lisa vs. Malibu Stacy,8.2,80,9,8.88888888888889
15,C. Montgomery Burns,95,5,14,Lisa vs. Malibu Stacy,8.2,9,1,9.0
332,Dr. Julius Hibbert,95,5,14,Lisa vs. Malibu Stacy,8.2,43,2,21.5
31,Grampa Simpson,95,5,14,Lisa vs. Malibu Stacy,8.2,574,32,17.9375
2,Homer Simpson,95,5,14,Lisa vs. Malibu Stacy,8.2,165,16,10.3125
211,Kent Brockman,95,5,14,Lisa vs. Malibu Stacy,8.2,87,5,17.4
139,Krusty the Clown,95,5,14,Lisa vs. Malibu Stacy,8.2,22,1,22.0
9,Lisa Simpson,95,5,14,Lisa vs. Malibu Stacy,8.2,614,43,14.279069767441861
1,Marge Simpson,95,5,14,Lisa vs. Malibu Stacy,8.2,106,6,17.666666666666668
14,Waylon Smithers,95,5,14,Lisa vs. Malibu Stacy,8.2,101,6,16.833333333333332
33,Announcer,96,5,15,Deep Space Homer,8.8,17,1,17.0
8,Bart Simpson,96,5,15,Deep Space Homer,8.8,65,8,8.125
15,C. Montgomery Burns,96,5,15,Deep Space Homer,8.8,82,2,41.0
170,Carl Carlson,96,5,15,Deep Space Homer,8.8,11,2,5.5
31,Grampa Simpson,96,5,15,Deep Space Homer,8.8,7,1,7.0
2,Homer Simpson,96,5,15,Deep Space Homer,8.8,568,49,11.591836734693878
211,Kent Brockman,96,5,15,Deep Space Homer,8.8,196,4,49.0
165,Lenny Leonard,96,5,15,Deep Space Homer,8.8,15,2,7.5
9,Lisa Simpson,96,5,15,Deep Space Homer,8.8,59,5,11.8
1,Marge Simpson,96,5,15,Deep Space Homer,8.8,181,13,13.923076923076923
14,Waylon Smithers,96,5,15,Deep Space Homer,8.8,29,2,14.5
33,Announcer,97,5,16,Homer Loves Flanders,8.5,7,1,7.0
8,Bart Simpson,97,5,16,Homer Loves Flanders,8.5,68,9,7.555555555555555
15,C. Montgomery Burns,97,5,16,Homer Loves Flanders,8.5,27,1,27.0
170,Carl Carlson,97,5,16,Homer Loves Flanders,8.5,12,2,6.0
71,Chief Wiggum,97,5,16,Homer Loves Flanders,8.5,13,3,4.333333333333333
332,Dr. Julius Hibbert,97,5,16,Homer Loves Flanders,8.5,15,2,7.5
31,Grampa Simpson,97,5,16,Homer Loves Flanders,8.5,16,1,16.0
2,Homer Simpson,97,5,16,Homer Loves Flanders,8.5,903,87,10.379310344827585
211,Kent Brockman,97,5,16,Homer Loves Flanders,8.5,86,3,28.666666666666668
165,Lenny Leonard,97,5,16,Homer Loves Flanders,8.5,16,3,5.333333333333333
9,Lisa Simpson,97,5,16,Homer Loves Flanders,8.5,122,6,20.333333333333332
1,Marge Simpson,97,5,16,Homer Loves Flanders,8.5,106,12,8.833333333333334
240,Mayor Joe Quimby,97,5,16,Homer Loves Flanders,8.5,22,2,11.0
25,Milhouse Van Houten,97,5,16,Homer Loves Flanders,8.5,12,1,12.0
17,Moe Szyslak,97,5,16,Homer Loves Flanders,8.5,59,5,11.8
11,Ned Flanders,97,5,16,Homer Loves Flanders,8.5,449,43,10.44186046511628
140,Rev. Timothy Lovejoy,97,5,16,Homer Loves Flanders,8.5,65,4,16.25
8,Bart Simpson,98,5,17,Bart Gets an Elephant,7.9,415,53,7.830188679245283
15,C. Montgomery Burns,98,5,17,Bart Gets an Elephant,7.9,14,1,14.0
71,Chief Wiggum,98,5,17,Bart Gets an Elephant,7.9,63,5,12.6
31,Grampa Simpson,98,5,17,Bart Gets an Elephant,7.9,10,2,5.0
2,Homer Simpson,98,5,17,Bart Gets an Elephant,7.9,741,76,9.75
211,Kent Brockman,98,5,17,Bart Gets an Elephant,7.9,21,1,21.0
9,Lisa Simpson,98,5,17,Bart Gets an Elephant,7.9,211,27,7.814814814814815
1,Marge Simpson,98,5,17,Bart Gets an Elephant,7.9,202,26,7.769230769230769
17,Moe Szyslak,98,5,17,Bart Gets an Elephant,7.9,16,2,8.0
11,Ned Flanders,98,5,17,Bart Gets an Elephant,7.9,10,2,5.0
3,Seymour Skinner,98,5,17,Bart Gets an Elephant,7.9,14,2,7.0
8,Bart Simpson,99,5,18,Burns' Heir,8.4,294,36,8.166666666666666
15,C. Montgomery Burns,99,5,18,Burns' Heir,8.4,796,60,13.266666666666667
71,Chief Wiggum,99,5,18,Burns' Heir,8.4,29,2,14.5
31,Grampa Simpson,99,5,18,Burns' Heir,8.4,8,2,4.0
2,Homer Simpson,99,5,18,Burns' Heir,8.4,378,33,11.454545454545455
139,Krusty the Clown,99,5,18,Burns' Heir,8.4,56,4,14.0
165,Lenny Leonard,99,5,18,Burns' Heir,8.4,14,3,4.666666666666667
9,Lisa Simpson,99,5,18,Burns' Heir,8.4,72,7,10.285714285714286
1,Marge Simpson,99,5,18,Burns' Heir,8.4,191,19,10.052631578947368
240,Mayor Joe Quimby,99,5,18,Burns' Heir,8.4,9,1,9.0
25,Milhouse Van Houten,99,5,18,Burns' Heir,8.4,66,6,11.0
17,Moe Szyslak,99,5,18,Burns' Heir,8.4,22,2,11.0
101,Nelson Muntz,99,5,18,Burns' Heir,8.4,11,1,11.0
3,Seymour Skinner,99,5,18,Burns' Heir,8.4,22,2,11.0
14,Waylon Smithers,99,5,18,Burns' Heir,8.4,50,6,8.333333333333334
208,Apu Nahasapeemapetilon,100,5,19,Sweet Seymour Skinner's Baadasssss Song,8.4,95,3,31.666666666666668
8,Bart Simpson,100,5,19,Sweet Seymour Skinner's Baadasssss Song,8.4,381,35,10.885714285714286
71,Chief Wiggum,100,5,19,Sweet Seymour Skinner's Baadasssss Song,8.4,4,1,4.0
40,Edna Krabappel-Flanders,100,5,19,Sweet Seymour Skinner's Baadasssss Song,8.4,73,8,9.125
1078,Gary Chalmers,100,5,19,Sweet Seymour Skinner's Baadasssss Song,8.4,194,15,12.933333333333334
404,Groundskeeper Willie,100,5,19,Sweet Seymour Skinner's Baadasssss Song,8.4,100,12,8.333333333333334
2,Homer Simpson,100,5,19,Sweet Seymour Skinner's Baadasssss Song,8.4,59,6,9.833333333333334
9,Lisa Simpson,100,5,19,Sweet Seymour Skinner's Baadasssss Song,8.4,85,6,14.166666666666666
1,Marge Simpson,100,5,19,Sweet Seymour Skinner's Baadasssss Song,8.4,75,6,12.5
25,Milhouse Van Houten,100,5,19,Sweet Seymour Skinner's Baadasssss Song,8.4,58,5,11.6
11,Ned Flanders,100,5,19,Sweet Seymour Skinner's Baadasssss Song,8.4,192,13,14.76923076923077
101,Nelson Muntz,100,5,19,Sweet Seymour Skinner's Baadasssss Song,8.4,42,3,14.0
3,Seymour Skinner,100,5,19,Sweet Seymour Skinner's Baadasssss Song,8.4,637,50,12.74
33,Announcer,101,5,20,The Boy Who Knew Too Much,8.2,32,1,32.0
208,Apu Nahasapeemapetilon,101,5,20,The Boy Who Knew Too Much,8.2,25,2,12.5
8,Bart Simpson,101,5,20,The Boy Who Knew Too Much,8.2,374,39,9.58974358974359
71,Chief Wiggum,101,5,20,The Boy Who Knew Too Much,8.2,42,3,14.0
332,Dr. Julius Hibbert,101,5,20,The Boy Who Knew Too Much,8.2,26,1,26.0
40,Edna Krabappel-Flanders,101,5,20,The Boy Who Knew Too Much,8.2,77,4,19.25
404,Groundskeeper Willie,101,5,20,The Boy Who Knew Too Much,8.2,21,3,7.0
2,Homer Simpson,101,5,20,The Boy Who Knew Too Much,8.2,251,26,9.653846153846153
211,Kent Brockman,101,5,20,The Boy Who Knew Too Much,8.2,75,1,75.0
9,Lisa Simpson,101,5,20,The Boy Who Knew Too Much,8.2,148,14,10.571428571428571
1,Marge Simpson,101,5,20,The Boy Who Knew Too Much,8.2,119,8,14.875
240,Mayor Joe Quimby,101,5,20,The Boy Who Knew Too Much,8.2,32,2,16.0
25,Milhouse Van Houten,101,5,20,The Boy Who Knew Too Much,8.2,11,1,11.0
17,Moe Szyslak,101,5,20,The Boy Who Knew Too Much,8.2,35,2,17.5
11,Ned Flanders,101,5,20,The Boy Who Knew Too Much,8.2,7,1,7.0
3,Seymour Skinner,101,5,20,The Boy Who Knew Too Much,8.2,417,31,13.451612903225806
33,Announcer,102,5,21,Lady Bouvier's Lover,7.5,3,1,3.0
208,Apu Nahasapeemapetilon,102,5,21,Lady Bouvier's Lover,7.5,16,1,16.0
8,Bart Simpson,102,5,21,Lady Bouvier's Lover,7.5,256,27,9.481481481481481
15,C. Montgomery Burns,102,5,21,Lady Bouvier's Lover,7.5,295,26,11.346153846153847
801,Comic Book Guy,102,5,21,Lady Bouvier's Lover,7.5,47,4,11.75
31,Grampa Simpson,102,5,21,Lady Bouvier's Lover,7.5,412,36,11.444444444444445
2,Homer Simpson,102,5,21,Lady Bouvier's Lover,7.5,208,23,9.043478260869565
139,Krusty the Clown,102,5,21,Lady Bouvier's Lover,7.5,3,1,3.0
9,Lisa Simpson,102,5,21,Lady Bouvier's Lover,7.5,80,12,6.666666666666667
1,Marge Simpson,102,5,21,Lady Bouvier's Lover,7.5,318,24,13.25
25,Milhouse Van Houten,102,5,21,Lady Bouvier's Lover,7.5,19,2,9.5
140,Rev. Timothy Lovejoy,102,5,21,Lady Bouvier's Lover,7.5,65,3,21.666666666666668
14,Waylon Smithers,102,5,21,Lady Bouvier's Lover,7.5,58,4,14.5
208,Apu Nahasapeemapetilon,103,5,22,Secrets of a Successful Marriage,8.0,34,3,11.333333333333334
8,Bart Simpson,103,5,22,Secrets of a Successful Marriage,8.0,90,8,11.25
15,C. Montgomery Burns,103,5,22,Secrets of a Successful Marriage,8.0,2,2,1.0
170,Carl Carlson,103,5,22,Secrets of a Successful Marriage,8.0,13,2,6.5
71,Chief Wiggum,103,5,22,Secrets of a Successful Marriage,8.0,10,1,10.0
40,Edna Krabappel-Flanders,103,5,22,Secrets of a Successful Marriage,8.0,34,6,5.666666666666667
31,Grampa Simpson,103,5,22,Secrets of a Successful Marriage,8.0,5,1,5.0
404,Groundskeeper Willie,103,5,22,Secrets of a Successful Marriage,8.0,23,2,11.5
2,Homer Simpson,103,5,22,Secrets of a Successful Marriage,8.0,1387,93,14.913978494623656
165,Lenny Leonard,103,5,22,Secrets of a Successful Marriage,8.0,38,6,6.333333333333333
9,Lisa Simpson,103,5,22,Secrets of a Successful Marriage,8.0,156,12,13.0
1,Marge Simpson,103,5,22,Secrets of a Successful Marriage,8.0,337,34,9.911764705882353
25,Milhouse Van Houten,103,5,22,Secrets of a Successful Marriage,8.0,18,2,9.0
17,Moe Szyslak,103,5,22,Secrets of a Successful Marriage,8.0,247,19,13.0
11,Ned Flanders,103,5,22,Secrets of a Successful Marriage,8.0,16,3,5.333333333333333
140,Rev. Timothy Lovejoy,103,5,22,Secrets of a Successful Marriage,8.0,27,2,13.5
3,Seymour Skinner,103,5,22,Secrets of a Successful Marriage,8.0,25,4,6.25
14,Waylon Smithers,103,5,22,Secrets of a Successful Marriage,8.0,31,5,6.2
8,Bart Simpson,104,6,1,Bart of Darkness,8.6,538,54,9.962962962962964
71,Chief Wiggum,104,6,1,Bart of Darkness,8.6,19,1,19.0
332,Dr. Julius Hibbert,104,6,1,Bart of Darkness,8.6,29,2,14.5
31,Grampa Simpson,104,6,1,Bart of Darkness,8.6,7,1,7.0
2,Homer Simpson,104,6,1,Bart of Darkness,8.6,178,18,9.88888888888889
139,Krusty the Clown,104,6,1,Bart of Darkness,8.6,66,5,13.2
9,Lisa Simpson,104,6,1,Bart of Darkness,8.6,287,28,10.25
1,Marge Simpson,104,6,1,Bart of Darkness,8.6,99,9,11.0
25,Milhouse Van Houten,104,6,1,Bart of Darkness,8.6,33,4,8.25
11,Ned Flanders,104,6,1,Bart of Darkness,8.6,107,12,8.916666666666666
101,Nelson Muntz,104,6,1,Bart of Darkness,8.6,49,6,8.166666666666666
3,Seymour Skinner,104,6,1,Bart of Darkness,8.6,21,1,21.0
33,Announcer,105,6,2,Lisa's Rival,8.1,31,1,31.0
8,Bart Simpson,105,6,2,Lisa's Rival,8.1,343,29,11.827586206896552
2,Homer Simpson,105,6,2,Lisa's Rival,8.1,378,30,12.6
9,Lisa Simpson,105,6,2,Lisa's Rival,8.1,533,57,9.350877192982455
1,Marge Simpson,105,6,2,Lisa's Rival,8.1,229,21,10.904761904761905
25,Milhouse Van Houten,105,6,2,Lisa's Rival,8.1,17,4,4.25
11,Ned Flanders,105,6,2,Lisa's Rival,8.1,13,1,13.0
101,Nelson Muntz,105,6,2,Lisa's Rival,8.1,9,2,4.5
3,Seymour Skinner,105,6,2,Lisa's Rival,8.1,306,19,16.105263157894736
33,Announcer,106,6,3,Another Simpsons Clip Show,6.0,8,1,8.0
8,Bart Simpson,106,6,3,Another Simpsons Clip Show,6.0,88,13,6.769230769230769
15,C. Montgomery Burns,106,6,3,Another Simpsons Clip Show,6.0,43,6,7.166666666666667
170,Carl Carlson,106,6,3,Another Simpsons Clip Show,6.0,2,1,2.0
71,Chief Wiggum,106,6,3,Another Simpsons Clip Show,6.0,11,2,5.5
40,Edna Krabappel-Flanders,106,6,3,Another Simpsons Clip Show,6.0,3,1,3.0
31,Grampa Simpson,106,6,3,Another Simpsons Clip Show,6.0,60,8,7.5
2,Homer Simpson,106,6,3,Another Simpsons Clip Show,6.0,344,43,8.0
139,Krusty the Clown,106,6,3,Another Simpsons Clip Show,6.0,37,4,9.25
165,Lenny Leonard,106,6,3,Another Simpsons Clip Show,6.0,4,1,4.0
9,Lisa Simpson,106,6,3,Another Simpsons Clip Show,6.0,238,27,8.814814814814815
1,Marge Simpson,106,6,3,Another Simpsons Clip Show,6.0,667,71,9.394366197183098
17,Moe Szyslak,106,6,3,Another Simpsons Clip Show,6.0,62,2,31.0
140,Rev. Timothy Lovejoy,106,6,3,Another Simpsons Clip Show,6.0,13,1,13.0
153,Sideshow Bob,106,6,3,Another Simpsons Clip Show,6.0,5,1,5.0
14,Waylon Smithers,106,6,3,Another Simpsons Clip Show,6.0,30,2,15.0
33,Announcer,107,6,4,Itchy & Scratchy Land,8.5,18,1,18.0
8,Bart Simpson,107,6,4,Itchy & Scratchy Land,8.5,262,29,9.03448275862069
31,Grampa Simpson,107,6,4,Itchy & Scratchy Land,8.5,28,3,9.333333333333334
2,Homer Simpson,107,6,4,Itchy & Scratchy Land,8.5,389,42,9.261904761904763
139,Krusty the Clown,107,6,4,Itchy & Scratchy Land,8.5,37,2,18.5
9,Lisa Simpson,107,6,4,Itchy & Scratchy Land,8.5,187,26,7.1923076923076925
1,Marge Simpson,107,6,4,Itchy & Scratchy Land,8.5,519,41,12.658536585365853
33,Announcer,108,6,5,Sideshow Bob Roberts,8.3,11,1,11.0
8,Bart Simpson,108,6,5,Sideshow Bob Roberts,8.3,176,25,7.04
15,C. Montgomery Burns,108,6,5,Sideshow Bob Roberts,8.3,44,2,22.0
170,Carl Carlson,108,6,5,Sideshow Bob Roberts,8.3,16,1,16.0
332,Dr. Julius Hibbert,108,6,5,Sideshow Bob Roberts,8.3,4,1,4.0
40,Edna Krabappel-Flanders,108,6,5,Sideshow Bob Roberts,8.3,17,2,8.5
31,Grampa Simpson,108,6,5,Sideshow Bob Roberts,8.3,68,5,13.6
2,Homer Simpson,108,6,5,Sideshow Bob Roberts,8.3,149,13,11.461538461538462
211,Kent Brockman,108,6,5,Sideshow Bob Roberts,8.3,58,4,14.5
139,Krusty the Clown,108,6,5,Sideshow Bob Roberts,8.3,16,1,16.0
165,Lenny Leonard,108,6,5,Sideshow Bob Roberts,8.3,15,1,15.0
9,Lisa Simpson,108,6,5,Sideshow Bob Roberts,8.3,389,32,12.15625
1,Marge Simpson,108,6,5,Sideshow Bob Roberts,8.3,28,3,9.333333333333334
240,Mayor Joe Quimby,108,6,5,Sideshow Bob Roberts,8.3,104,10,10.4
25,Milhouse Van Houten,108,6,5,Sideshow Bob Roberts,8.3,2,1,2.0
17,Moe Szyslak,108,6,5,Sideshow Bob Roberts,8.3,35,3,11.666666666666666
3,Seymour Skinner,108,6,5,Sideshow Bob Roberts,8.3,90,4,22.5
153,Sideshow Bob,108,6,5,Sideshow Bob Roberts,8.3,462,28,16.5
14,Waylon Smithers,108,6,5,Sideshow Bob Roberts,8.3,48,3,16.0
33,Announcer,109,6,6,Treehouse of Horror V,9.0,15,1,15.0
8,Bart Simpson,109,6,6,Treehouse of Horror V,9.0,129,17,7.588235294117647
15,C. Montgomery Burns,109,6,6,Treehouse of Horror V,9.0,105,6,17.5
71,Chief Wiggum,109,6,6,Treehouse of Horror V,9.0,13,1,13.0
40,Edna Krabappel-Flanders,109,6,6,Treehouse of Horror V,9.0,63,6,10.5
31,Grampa Simpson,109,6,6,Treehouse of Horror V,9.0,29,2,14.5
404,Groundskeeper Willie,109,6,6,Treehouse of Horror V,9.0,127,10,12.7
2,Homer Simpson,109,6,6,Treehouse of Horror V,9.0,528,57,9.263157894736842
211,Kent Brockman,109,6,6,Treehouse of Horror V,9.0,26,2,13.0
9,Lisa Simpson,109,6,6,Treehouse of Horror V,9.0,95,14,6.785714285714286
1,Marge Simpson,109,6,6,Treehouse of Horror V,9.0,214,23,9.304347826086957
25,Milhouse Van Houten,109,6,6,Treehouse of Horror V,9.0,27,1,27.0
17,Moe Szyslak,109,6,6,Treehouse of Horror V,9.0,104,9,11.555555555555555
11,Ned Flanders,109,6,6,Treehouse of Horror V,9.0,81,5,16.2
3,Seymour Skinner,109,6,6,Treehouse of Horror V,9.0,239,15,15.933333333333334
14,Waylon Smithers,109,6,6,Treehouse of Horror V,9.0,34,2,17.0
8,Bart Simpson,110,6,7,Bart's Girlfriend,8.0,865,74,11.68918918918919
332,Dr. Julius Hibbert,110,6,7,Bart's Girlfriend,8.0,8,1,8.0
31,Grampa Simpson,110,6,7,Bart's Girlfriend,8.0,13,2,6.5
404,Groundskeeper Willie,110,6,7,Bart's Girlfriend,8.0,73,5,14.6
2,Homer Simpson,110,6,7,Bart's Girlfriend,8.0,154,15,10.266666666666667
9,Lisa Simpson,110,6,7,Bart's Girlfriend,8.0,256,16,16.0
1,Marge Simpson,110,6,7,Bart's Girlfriend,8.0,163,15,10.866666666666667
25,Milhouse Van Houten,110,6,7,Bart's Girlfriend,8.0,50,4,12.5
17,Moe Szyslak,110,6,7,Bart's Girlfriend,8.0,8,2,4.0
101,Nelson Muntz,110,6,7,Bart's Girlfriend,8.0,16,2,8.0
140,Rev. Timothy Lovejoy,110,6,7,Bart's Girlfriend,8.0,180,12,15.0
3,Seymour Skinner,110,6,7,Bart's Girlfriend,8.0,31,3,10.333333333333334
208,Apu Nahasapeemapetilon,111,6,8,Lisa on Ice,8.4,120,8,15.0
8,Bart Simpson,111,6,8,Lisa on Ice,8.4,241,34,7.088235294117647
71,Chief Wiggum,111,6,8,Lisa on Ice,8.4,111,7,15.857142857142858
40,Edna Krabappel-Flanders,111,6,8,Lisa on Ice,8.4,72,9,8.0
31,Grampa Simpson,111,6,8,Lisa on Ice,8.4,9,3,3.0
2,Homer Simpson,111,6,8,Lisa on Ice,8.4,445,38,11.710526315789474
211,Kent Brockman,111,6,8,Lisa on Ice,8.4,56,3,18.666666666666668
139,Krusty the Clown,111,6,8,Lisa on Ice,8.4,19,1,19.0
9,Lisa Simpson,111,6,8,Lisa on Ice,8.4,329,32,10.28125
1,Marge Simpson,111,6,8,Lisa on Ice,8.4,308,23,13.391304347826088
25,Milhouse Van Houten,111,6,8,Lisa on Ice,8.4,55,5,11.0
17,Moe Szyslak,111,6,8,Lisa on Ice,8.4,84,4,21.0
101,Nelson Muntz,111,6,8,Lisa on Ice,8.4,14,2,7.0
3,Seymour Skinner,111,6,8,Lisa on Ice,8.4,133,7,19.0
208,Apu Nahasapeemapetilon,112,6,9,Homer Badman,9.0,24,1,24.0
8,Bart Simpson,112,6,9,Homer Badman,9.0,139,16,8.6875
31,Grampa Simpson,112,6,9,Homer Badman,9.0,12,1,12.0
404,Groundskeeper Willie,112,6,9,Homer Badman,9.0,54,4,13.5
2,Homer Simpson,112,6,9,Homer Badman,9.0,904,72,12.555555555555555
211,Kent Brockman,112,6,9,Homer Badman,9.0,152,3,50.666666666666664
9,Lisa Simpson,112,6,9,Homer Badman,9.0,159,18,8.833333333333334
1,Marge Simpson,112,6,9,Homer Badman,9.0,296,22,13.454545454545455
240,Mayor Joe Quimby,112,6,9,Homer Badman,9.0,6,1,6.0
17,Moe Szyslak,112,6,9,Homer Badman,9.0,40,3,13.333333333333334
14,Waylon Smithers,112,6,9,Homer Badman,9.0,6,1,6.0
33,Announcer,113,6,10,Grampa vs. Sexual Inadequacy,8.0,19,1,19.0
8,Bart Simpson,113,6,10,Grampa vs. Sexual Inadequacy,8.0,189,17,11.117647058823529
332,Dr. Julius Hibbert,113,6,10,Grampa vs. Sexual Inadequacy,8.0,28,1,28.0
31,Grampa Simpson,113,6,10,Grampa vs. Sexual Inadequacy,8.0,627,50,12.54
2,Homer Simpson,113,6,10,Grampa vs. Sexual Inadequacy,8.0,668,61,10.950819672131148
9,Lisa Simpson,113,6,10,Grampa vs. Sexual Inadequacy,8.0,137,11,12.454545454545455
1,Marge Simpson,113,6,10,Grampa vs. Sexual Inadequacy,8.0,251,27,9.296296296296296
240,Mayor Joe Quimby,113,6,10,Grampa vs. Sexual Inadequacy,8.0,10,1,10.0
25,Milhouse Van Houten,113,6,10,Grampa vs. Sexual Inadequacy,8.0,91,7,13.0
11,Ned Flanders,113,6,10,Grampa vs. Sexual Inadequacy,8.0,8,1,8.0
101,Nelson Muntz,113,6,10,Grampa vs. Sexual Inadequacy,8.0,13,1,13.0
33,Announcer,114,6,11,Fear of Flying,7.8,12,1,12.0
8,Bart Simpson,114,6,11,Fear of Flying,7.8,74,11,6.7272727272727275
31,Grampa Simpson,114,6,11,Fear of Flying,7.8,23,1,23.0
2,Homer Simpson,114,6,11,Fear of Flying,7.8,782,65,12.03076923076923
165,Lenny Leonard,114,6,11,Fear of Flying,7.8,12,2,6.0
9,Lisa Simpson,114,6,11,Fear of Flying,7.8,148,17,8.705882352941176
1,Marge Simpson,114,6,11,Fear of Flying,7.8,545,49,11.122448979591837
17,Moe Szyslak,114,6,11,Fear of Flying,7.8,126,13,9.692307692307692
3,Seymour Skinner,114,6,11,Fear of Flying,7.8,20,1,20.0
14,Waylon Smithers,114,6,11,Fear of Flying,7.8,2,1,2.0
8,Bart Simpson,115,6,12,Homer the Great,8.9,47,6,7.833333333333333
15,C. Montgomery Burns,115,6,12,Homer the Great,8.9,26,4,6.5
170,Carl Carlson,115,6,12,Homer the Great,8.9,79,13,6.076923076923077
332,Dr. Julius Hibbert,115,6,12,Homer the Great,8.9,6,2,3.0
31,Grampa Simpson,115,6,12,Homer the Great,8.9,40,7,5.714285714285714
2,Homer Simpson,115,6,12,Homer the Great,8.9,907,90,10.077777777777778
165,Lenny Leonard,115,6,12,Homer the Great,8.9,176,19,9.263157894736842
9,Lisa Simpson,115,6,12,Homer the Great,8.9,129,14,9.214285714285714
1,Marge Simpson,115,6,12,Homer the Great,8.9,170,15,11.333333333333334
17,Moe Szyslak,115,6,12,Homer the Great,8.9,96,13,7.384615384615385
3,Seymour Skinner,115,6,12,Homer the Great,8.9,25,3,8.333333333333334
33,Announcer,116,6,13,And Maggie Makes Three,8.5,9,1,9.0
208,Apu Nahasapeemapetilon,116,6,13,And Maggie Makes Three,8.5,15,1,15.0
8,Bart Simpson,116,6,13,And Maggie Makes Three,8.5,86,13,6.615384615384615
15,C. Montgomery Burns,116,6,13,And Maggie Makes Three,8.5,64,6,10.666666666666666
170,Carl Carlson,116,6,13,And Maggie Makes Three,8.5,35,3,11.666666666666666
71,Chief Wiggum,116,6,13,And Maggie Makes Three,8.5,13,1,13.0
332,Dr. Julius Hibbert,116,6,13,And Maggie Makes Three,8.5,72,7,10.285714285714286
2,Homer Simpson,116,6,13,And Maggie Makes Three,8.5,1144,94,12.170212765957446
165,Lenny Leonard,116,6,13,And Maggie Makes Three,8.5,17,2,8.5
9,Lisa Simpson,116,6,13,And Maggie Makes Three,8.5,100,15,6.666666666666667
1,Marge Simpson,116,6,13,And Maggie Makes Three,8.5,312,34,9.176470588235293
240,Mayor Joe Quimby,116,6,13,And Maggie Makes Three,8.5,12,2,6.0
17,Moe Szyslak,116,6,13,And Maggie Makes Three,8.5,10,1,10.0
14,Waylon Smithers,116,6,13,And Maggie Makes Three,8.5,8,2,4.0
208,Apu Nahasapeemapetilon,117,6,14,Bart's Comet,8.6,6,1,6.0
8,Bart Simpson,117,6,14,Bart's Comet,8.6,218,34,6.411764705882353
71,Chief Wiggum,117,6,14,Bart's Comet,8.6,3,1,3.0
332,Dr. Julius Hibbert,117,6,14,Bart's Comet,8.6,4,1,4.0
31,Grampa Simpson,117,6,14,Bart's Comet,8.6,14,1,14.0
404,Groundskeeper Willie,117,6,14,Bart's Comet,8.6,1,1,1.0
2,Homer Simpson,117,6,14,Bart's Comet,8.6,380,27,14.074074074074074
211,Kent Brockman,117,6,14,Bart's Comet,8.6,120,3,40.0
139,Krusty the Clown,117,6,14,Bart's Comet,8.6,34,3,11.333333333333334
9,Lisa Simpson,117,6,14,Bart's Comet,8.6,101,14,7.214285714285714
1,Marge Simpson,117,6,14,Bart's Comet,8.6,88,13,6.769230769230769
240,Mayor Joe Quimby,117,6,14,Bart's Comet,8.6,75,6,12.5
25,Milhouse Van Houten,117,6,14,Bart's Comet,8.6,18,2,9.0
17,Moe Szyslak,117,6,14,Bart's Comet,8.6,112,9,12.444444444444445
11,Ned Flanders,117,6,14,Bart's Comet,8.6,160,13,12.307692307692308
140,Rev. Timothy Lovejoy,117,6,14,Bart's Comet,8.6,23,2,11.5
3,Seymour Skinner,117,6,14,Bart's Comet,8.6,450,30,15.0
33,Announcer,118,6,15,Homie the Clown,8.5,13,1,13.0
208,Apu Nahasapeemapetilon,118,6,15,Homie the Clown,8.5,34,1,34.0
8,Bart Simpson,118,6,15,Homie the Clown,8.5,92,7,13.142857142857142
170,Carl Carlson,118,6,15,Homie the Clown,8.5,6,1,6.0
71,Chief Wiggum,118,6,15,Homie the Clown,8.5,57,3,19.0
2,Homer Simpson,118,6,15,Homie the Clown,8.5,619,59,10.491525423728813
139,Krusty the Clown,118,6,15,Homie the Clown,8.5,564,43,13.116279069767442
165,Lenny Leonard,118,6,15,Homie the Clown,8.5,18,3,6.0
9,Lisa Simpson,118,6,15,Homie the Clown,8.5,46,5,9.2
1,Marge Simpson,118,6,15,Homie the Clown,8.5,24,4,6.0
25,Milhouse Van Houten,118,6,15,Homie the Clown,8.5,35,2,17.5
11,Ned Flanders,118,6,15,Homie the Clown,8.5,44,4,11.0
8,Bart Simpson,119,6,16,Bart vs. Australia,8.5,429,49,8.755102040816327
2,Homer Simpson,119,6,16,Bart vs. Australia,8.5,358,31,11.548387096774194
9,Lisa Simpson,119,6,16,Bart vs. Australia,8.5,269,21,12.80952380952381
1,Marge Simpson,119,6,16,Bart vs. Australia,8.5,259,23,11.26086956521739
25,Milhouse Van Houten,119,6,16,Bart vs. Australia,8.5,16,1,16.0
8,Bart Simpson,120,6,17,Homer vs. Patty and Selma,7.9,298,26,11.461538461538462
170,Carl Carlson,120,6,17,Homer vs. Patty and Selma,7.9,35,3,11.666666666666666
71,Chief Wiggum,120,6,17,Homer vs. Patty and Selma,7.9,87,5,17.4
404,Groundskeeper Willie,120,6,17,Homer vs. Patty and Selma,7.9,5,1,5.0
2,Homer Simpson,120,6,17,Homer vs. Patty and Selma,7.9,865,75,11.533333333333333
165,Lenny Leonard,120,6,17,Homer vs. Patty and Selma,7.9,14,2,7.0
9,Lisa Simpson,120,6,17,Homer vs. Patty and Selma,7.9,90,9,10.0
1,Marge Simpson,120,6,17,Homer vs. Patty and Selma,7.9,255,23,11.08695652173913
25,Milhouse Van Houten,120,6,17,Homer vs. Patty and Selma,7.9,54,5,10.8
17,Moe Szyslak,120,6,17,Homer vs. Patty and Selma,7.9,64,4,16.0
101,Nelson Muntz,120,6,17,Homer vs. Patty and Selma,7.9,32,4,8.0
3,Seymour Skinner,120,6,17,Homer vs. Patty and Selma,7.9,101,5,20.2
208,Apu Nahasapeemapetilon,121,6,18,A Star Is Burns,8.5,3,1,3.0
8,Bart Simpson,121,6,18,A Star Is Burns,8.5,150,12,12.5
15,C. Montgomery Burns,121,6,18,A Star Is Burns,8.5,215,23,9.347826086956522
71,Chief Wiggum,121,6,18,A Star Is Burns,8.5,37,4,9.25
332,Dr. Julius Hibbert,121,6,18,A Star Is Burns,8.5,12,1,12.0
31,Grampa Simpson,121,6,18,A Star Is Burns,8.5,33,4,8.25
2,Homer Simpson,121,6,18,A Star Is Burns,8.5,360,40,9.0
211,Kent Brockman,121,6,18,A Star Is Burns,8.5,50,6,8.333333333333334
139,Krusty the Clown,121,6,18,A Star Is Burns,8.5,57,5,11.4
9,Lisa Simpson,121,6,18,A Star Is Burns,8.5,93,11,8.454545454545455
1,Marge Simpson,121,6,18,A Star Is Burns,8.5,349,32,10.90625
240,Mayor Joe Quimby,121,6,18,A Star Is Burns,8.5,60,6,10.0
25,Milhouse Van Houten,121,6,18,A Star Is Burns,8.5,2,1,2.0
17,Moe Szyslak,121,6,18,A Star Is Burns,8.5,36,4,9.0
11,Ned Flanders,121,6,18,A Star Is Burns,8.5,42,3,14.0
101,Nelson Muntz,121,6,18,A Star Is Burns,8.5,2,1,2.0
3,Seymour Skinner,121,6,18,A Star Is Burns,8.5,10,1,10.0
14,Waylon Smithers,121,6,18,A Star Is Burns,8.5,63,5,12.6
8,Bart Simpson,122,6,19,Lisa's Wedding,8.3,142,10,14.2
15,C. Montgomery Burns,122,6,19,Lisa's Wedding,8.3,15,2,7.5
170,Carl Carlson,122,6,19,Lisa's Wedding,8.3,7,1,7.0
71,Chief Wiggum,122,6,19,Lisa's Wedding,8.3,59,4,14.75
332,Dr. Julius Hibbert,122,6,19,Lisa's Wedding,8.3,11,1,11.0
2,Homer Simpson,122,6,19,Lisa's Wedding,8.3,529,35,15.114285714285714
211,Kent Brockman,122,6,19,Lisa's Wedding,8.3,24,2,12.0
9,Lisa Simpson,122,6,19,Lisa's Wedding,8.3,589,71,8.295774647887324
1,Marge Simpson,122,6,19,Lisa's Wedding,8.3,153,14,10.928571428571429
240,Mayor Joe Quimby,122,6,19,Lisa's Wedding,8.3,19,2,9.5
25,Milhouse Van Houten,122,6,19,Lisa's Wedding,8.3,22,3,7.333333333333333
17,Moe Szyslak,122,6,19,Lisa's Wedding,8.3,24,3,8.0
11,Ned Flanders,122,6,19,Lisa's Wedding,8.3,22,2,11.0
140,Rev. Timothy Lovejoy,122,6,19,Lisa's Wedding,8.3,41,2,20.5
3,Seymour Skinner,122,6,19,Lisa's Wedding,8.3,16,1,16.0
14,Waylon Smithers,122,6,19,Lisa's Wedding,8.3,61,7,8.714285714285714
8,Bart Simpson,123,6,20,Two Dozen and One Greyhounds,8.1,305,35,8.714285714285714
15,C. Montgomery Burns,123,6,20,Two Dozen and One Greyhounds,8.1,444,30,14.8
71,Chief Wiggum,123,6,20,Two Dozen and One Greyhounds,8.1,48,4,12.0
31,Grampa Simpson,123,6,20,Two Dozen and One Greyhounds,8.1,22,2,11.0
2,Homer Simpson,123,6,20,Two Dozen and One Greyhounds,8.1,281,27,10.407407407407407
211,Kent Brockman,123,6,20,Two Dozen and One Greyhounds,8.1,73,4,18.25
9,Lisa Simpson,123,6,20,Two Dozen and One Greyhounds,8.1,207,31,6.67741935483871
1,Marge Simpson,123,6,20,Two Dozen and One Greyhounds,8.1,380,33,11.515151515151516
11,Ned Flanders,123,6,20,Two Dozen and One Greyhounds,8.1,14,1,14.0
140,Rev. Timothy Lovejoy,123,6,20,Two Dozen and One Greyhounds,8.1,33,3,11.0
3,Seymour Skinner,123,6,20,Two Dozen and One Greyhounds,8.1,13,1,13.0
14,Waylon Smithers,123,6,20,Two Dozen and One Greyhounds,8.1,50,7,7.142857142857143
8,Bart Simpson,124,6,21,The PTA Disbands,8.1,352,39,9.025641025641026
40,Edna Krabappel-Flanders,124,6,21,The PTA Disbands,8.1,298,26,11.461538461538462
1078,Gary Chalmers,124,6,21,The PTA Disbands,8.1,17,2,8.5
31,Grampa Simpson,124,6,21,The PTA Disbands,8.1,22,3,7.333333333333333
2,Homer Simpson,124,6,21,The PTA Disbands,8.1,110,8,13.75
9,Lisa Simpson,124,6,21,The PTA Disbands,8.1,204,14,14.571428571428571
1,Marge Simpson,124,6,21,The PTA Disbands,8.1,189,16,11.8125
25,Milhouse Van Houten,124,6,21,The PTA Disbands,8.1,90,11,8.181818181818182
17,Moe Szyslak,124,6,21,The PTA Disbands,8.1,76,4,19.0
11,Ned Flanders,124,6,21,The PTA Disbands,8.1,94,6,15.666666666666666
3,Seymour Skinner,124,6,21,The PTA Disbands,8.1,400,37,10.81081081081081
8,Bart Simpson,125,6,22,'Round Springfield,8.3,257,30,8.566666666666666
15,C. Montgomery Burns,125,6,22,'Round Springfield,8.3,4,1,4.0
71,Chief Wiggum,125,6,22,'Round Springfield,8.3,20,4,5.0
801,Comic Book Guy,125,6,22,'Round Springfield,8.3,12,2,6.0
332,Dr. Julius Hibbert,125,6,22,'Round Springfield,8.3,80,6,13.333333333333334
40,Edna Krabappel-Flanders,125,6,22,'Round Springfield,8.3,49,4,12.25
1078,Gary Chalmers,125,6,22,'Round Springfield,8.3,15,1,15.0
31,Grampa Simpson,125,6,22,'Round Springfield,8.3,38,7,5.428571428571429
404,Groundskeeper Willie,125,6,22,'Round Springfield,8.3,6,1,6.0
2,Homer Simpson,125,6,22,'Round Springfield,8.3,209,21,9.952380952380953
211,Kent Brockman,125,6,22,'Round Springfield,8.3,38,1,38.0
139,Krusty the Clown,125,6,22,'Round Springfield,8.3,128,7,18.285714285714285
9,Lisa Simpson,125,6,22,'Round Springfield,8.3,438,53,8.264150943396226
1,Marge Simpson,125,6,22,'Round Springfield,8.3,114,12,9.5
25,Milhouse Van Houten,125,6,22,'Round Springfield,8.3,15,2,7.5
17,Moe Szyslak,125,6,22,'Round Springfield,8.3,12,1,12.0
140,Rev. Timothy Lovejoy,125,6,22,'Round Springfield,8.3,28,2,14.0
3,Seymour Skinner,125,6,22,'Round Springfield,8.3,105,9,11.666666666666666
208,Apu Nahasapeemapetilon,126,6,23,The Springfield Connection,8.2,46,2,23.0
8,Bart Simpson,126,6,23,The Springfield Connection,8.2,66,10,6.6
170,Carl Carlson,126,6,23,The Springfield Connection,8.2,20,1,20.0
71,Chief Wiggum,126,6,23,The Springfield Connection,8.2,230,19,12.105263157894736
332,Dr. Julius Hibbert,126,6,23,The Springfield Connection,8.2,9,1,9.0
40,Edna Krabappel-Flanders,126,6,23,The Springfield Connection,8.2,13,2,6.5
31,Grampa Simpson,126,6,23,The Springfield Connection,8.2,16,2,8.0
2,Homer Simpson,126,6,23,The Springfield Connection,8.2,722,55,13.127272727272727
165,Lenny Leonard,126,6,23,The Springfield Connection,8.2,29,3,9.666666666666666
9,Lisa Simpson,126,6,23,The Springfield Connection,8.2,128,9,14.222222222222221
1,Marge Simpson,126,6,23,The Springfield Connection,8.2,635,73,8.698630136986301
25,Milhouse Van Houten,126,6,23,The Springfield Connection,8.2,3,1,3.0
17,Moe Szyslak,126,6,23,The Springfield Connection,8.2,97,9,10.777777777777779
11,Ned Flanders,126,6,23,The Springfield Connection,8.2,34,5,6.8
140,Rev. Timothy Lovejoy,126,6,23,The Springfield Connection,8.2,26,3,8.666666666666666
3,Seymour Skinner,126,6,23,The Springfield Connection,8.2,84,2,42.0
8,Bart Simpson,127,6,24,Lemon of Troy,8.6,638,66,9.666666666666666
40,Edna Krabappel-Flanders,127,6,24,Lemon of Troy,8.6,31,3,10.333333333333334
31,Grampa Simpson,127,6,24,Lemon of Troy,8.6,104,5,20.8
2,Homer Simpson,127,6,24,Lemon of Troy,8.6,211,18,11.722222222222221
9,Lisa Simpson,127,6,24,Lemon of Troy,8.6,45,4,11.25
1,Marge Simpson,127,6,24,Lemon of Troy,8.6,233,15,15.533333333333333
25,Milhouse Van Houten,127,6,24,Lemon of Troy,8.6,207,26,7.961538461538462
11,Ned Flanders,127,6,24,Lemon of Troy,8.6,78,5,15.6
101,Nelson Muntz,127,6,24,Lemon of Troy,8.6,64,7,9.142857142857142
208,Apu Nahasapeemapetilon,128,6,25,Who Shot Mr. Burns? (Part One),9.1,17,1,17.0
8,Bart Simpson,128,6,25,Who Shot Mr. Burns? (Part One),9.1,75,11,6.818181818181818
15,C. Montgomery Burns,128,6,25,Who Shot Mr. Burns? (Part One),9.1,602,41,14.682926829268293
170,Carl Carlson,128,6,25,Who Shot Mr. Burns? (Part One),9.1,8,1,8.0
71,Chief Wiggum,128,6,25,Who Shot Mr. Burns? (Part One),9.1,39,3,13.0
332,Dr. Julius Hibbert,128,6,25,Who Shot Mr. Burns? (Part One),9.1,12,2,6.0
1078,Gary Chalmers,128,6,25,Who Shot Mr. Burns? (Part One),9.1,48,5,9.6
31,Grampa Simpson,128,6,25,Who Shot Mr. Burns? (Part One),9.1,109,10,10.9
404,Groundskeeper Willie,128,6,25,Who Shot Mr. Burns? (Part One),9.1,83,6,13.833333333333334
2,Homer Simpson,128,6,25,Who Shot Mr. Burns? (Part One),9.1,128,14,9.142857142857142
139,Krusty the Clown,128,6,25,Who Shot Mr. Burns? (Part One),9.1,15,1,15.0
165,Lenny Leonard,128,6,25,Who Shot Mr. Burns? (Part One),9.1,12,1,12.0
9,Lisa Simpson,128,6,25,Who Shot Mr. Burns? (Part One),9.1,134,9,14.88888888888889
1,Marge Simpson,128,6,25,Who Shot Mr. Burns? (Part One),9.1,136,12,11.333333333333334
240,Mayor Joe Quimby,128,6,25,Who Shot Mr. Burns? (Part One),9.1,80,2,40.0
25,Milhouse Van Houten,128,6,25,Who Shot Mr. Burns? (Part One),9.1,4,2,2.0
17,Moe Szyslak,128,6,25,Who Shot Mr. Burns? (Part One),9.1,27,3,9.0
11,Ned Flanders,128,6,25,Who Shot Mr. Burns? (Part One),9.1,17,2,8.5
101,Nelson Muntz,128,6,25,Who Shot Mr. Burns? (Part One),9.1,9,3,3.0
3,Seymour Skinner,128,6,25,Who Shot Mr. Burns? (Part One),9.1,324,26,12.461538461538462
14,Waylon Smithers,128,6,25,Who Shot Mr. Burns? (Part One),9.1,224,18,12.444444444444445
33,Announcer,129,7,1,Who Shot Mr. Burns? (Part Two),8.9,4,1,4.0
208,Apu Nahasapeemapetilon,129,7,1,Who Shot Mr. Burns? (Part Two),8.9,20,1,20.0
8,Bart Simpson,129,7,1,Who Shot Mr. Burns? (Part Two),8.9,33,7,4.714285714285714
15,C. Montgomery Burns,129,7,1,Who Shot Mr. Burns? (Part Two),8.9,273,27,10.11111111111111
71,Chief Wiggum,129,7,1,Who Shot Mr. Burns? (Part Two),8.9,404,36,11.222222222222221
1078,Gary Chalmers,129,7,1,Who Shot Mr. Burns? (Part Two),8.9,8,2,4.0
31,Grampa Simpson,129,7,1,Who Shot Mr. Burns? (Part Two),8.9,113,7,16.142857142857142
404,Groundskeeper Willie,129,7,1,Who Shot Mr. Burns? (Part Two),8.9,50,5,10.0
2,Homer Simpson,129,7,1,Who Shot Mr. Burns? (Part Two),8.9,136,14,9.714285714285714
211,Kent Brockman,129,7,1,Who Shot Mr. Burns? (Part Two),8.9,131,6,21.833333333333332
139,Krusty the Clown,129,7,1,Who Shot Mr. Burns? (Part Two),8.9,38,5,7.6
9,Lisa Simpson,129,7,1,Who Shot Mr. Burns? (Part Two),8.9,464,33,14.06060606060606
1,Marge Simpson,129,7,1,Who Shot Mr. Burns? (Part Two),8.9,179,11,16.272727272727273
17,Moe Szyslak,129,7,1,Who Shot Mr. Burns? (Part Two),8.9,79,5,15.8
3,Seymour Skinner,129,7,1,Who Shot Mr. Burns? (Part Two),8.9,62,6,10.333333333333334
14,Waylon Smithers,129,7,1,Who Shot Mr. Burns? (Part Two),8.9,293,20,14.65
8,Bart Simpson,130,7,2,Radioactive Man,8.3,426,42,10.142857142857142
71,Chief Wiggum,130,7,2,Radioactive Man,8.3,37,5,7.4
801,Comic Book Guy,130,7,2,Radioactive Man,8.3,67,7,9.571428571428571
31,Grampa Simpson,130,7,2,Radioactive Man,8.3,8,1,8.0
2,Homer Simpson,130,7,2,Radioactive Man,8.3,97,9,10.777777777777779
211,Kent Brockman,130,7,2,Radioactive Man,8.3,18,1,18.0
139,Krusty the Clown,130,7,2,Radioactive Man,8.3,40,4,10.0
9,Lisa Simpson,130,7,2,Radioactive Man,8.3,40,2,20.0
1,Marge Simpson,130,7,2,Radioactive Man,8.3,19,2,9.5
240,Mayor Joe Quimby,130,7,2,Radioactive Man,8.3,65,6,10.833333333333334
25,Milhouse Van Houten,130,7,2,Radioactive Man,8.3,263,25,10.52
17,Moe Szyslak,130,7,2,Radioactive Man,8.3,102,5,20.4
101,Nelson Muntz,130,7,2,Radioactive Man,8.3,27,4,6.75
3,Seymour Skinner,130,7,2,Radioactive Man,8.3,63,4,15.75
8,Bart Simpson,131,7,3,Home Sweet Homediddly-Dum-Doodily,8.3,126,17,7.411764705882353
40,Edna Krabappel-Flanders,131,7,3,Home Sweet Homediddly-Dum-Doodily,8.3,35,4,8.75
31,Grampa Simpson,131,7,3,Home Sweet Homediddly-Dum-Doodily,8.3,17,5,3.4
404,Groundskeeper Willie,131,7,3,Home Sweet Homediddly-Dum-Doodily,8.3,22,2,11.0
2,Homer Simpson,131,7,3,Home Sweet Homediddly-Dum-Doodily,8.3,409,42,9.738095238095237
9,Lisa Simpson,131,7,3,Home Sweet Homediddly-Dum-Doodily,8.3,204,22,9.272727272727273
1,Marge Simpson,131,7,3,Home Sweet Homediddly-Dum-Doodily,8.3,437,42,10.404761904761905
25,Milhouse Van Houten,131,7,3,Home Sweet Homediddly-Dum-Doodily,8.3,20,2,10.0
11,Ned Flanders,131,7,3,Home Sweet Homediddly-Dum-Doodily,8.3,336,33,10.181818181818182
101,Nelson Muntz,131,7,3,Home Sweet Homediddly-Dum-Doodily,8.3,5,1,5.0
140,Rev. Timothy Lovejoy,131,7,3,Home Sweet Homediddly-Dum-Doodily,8.3,30,5,6.0
3,Seymour Skinner,131,7,3,Home Sweet Homediddly-Dum-Doodily,8.3,33,3,11.0
33,Announcer,132,7,4,Bart Sells His Soul,8.7,12,1,12.0
208,Apu Nahasapeemapetilon,132,7,4,Bart Sells His Soul,8.7,14,1,14.0
8,Bart Simpson,132,7,4,Bart Sells His Soul,8.7,506,54,9.37037037037037
170,Carl Carlson,132,7,4,Bart Sells His Soul,8.7,19,2,9.5
71,Chief Wiggum,132,7,4,Bart Sells His Soul,8.7,31,4,7.75
801,Comic Book Guy,132,7,4,Bart Sells His Soul,8.7,106,5,21.2
332,Dr. Julius Hibbert,132,7,4,Bart Sells His Soul,8.7,37,4,9.25
2,Homer Simpson,132,7,4,Bart Sells His Soul,8.7,163,18,9.055555555555555
139,Krusty the Clown,132,7,4,Bart Sells His Soul,8.7,11,1,11.0
9,Lisa Simpson,132,7,4,Bart Sells His Soul,8.7,190,15,12.666666666666666
1,Marge Simpson,132,7,4,Bart Sells His Soul,8.7,74,8,9.25
25,Milhouse Van Houten,132,7,4,Bart Sells His Soul,8.7,205,20,10.25
17,Moe Szyslak,132,7,4,Bart Sells His Soul,8.7,495,35,14.142857142857142
11,Ned Flanders,132,7,4,Bart Sells His Soul,8.7,22,2,11.0
101,Nelson Muntz,132,7,4,Bart Sells His Soul,8.7,9,1,9.0
140,Rev. Timothy Lovejoy,132,7,4,Bart Sells His Soul,8.7,106,6,17.666666666666668
3,Seymour Skinner,132,7,4,Bart Sells His Soul,8.7,4,1,4.0
208,Apu Nahasapeemapetilon,133,7,5,Lisa the Vegetarian,8.5,196,14,14.0
8,Bart Simpson,133,7,5,Lisa the Vegetarian,8.5,137,16,8.5625
15,C. Montgomery Burns,133,7,5,Lisa the Vegetarian,8.5,22,2,11.0
71,Chief Wiggum,133,7,5,Lisa the Vegetarian,8.5,27,2,13.5
332,Dr. Julius Hibbert,133,7,5,Lisa the Vegetarian,8.5,3,1,3.0
31,Grampa Simpson,133,7,5,Lisa the Vegetarian,8.5,39,6,6.5
404,Groundskeeper Willie,133,7,5,Lisa the Vegetarian,8.5,17,1,17.0
2,Homer Simpson,133,7,5,Lisa the Vegetarian,8.5,495,50,9.9
9,Lisa Simpson,133,7,5,Lisa the Vegetarian,8.5,510,53,9.622641509433961
1,Marge Simpson,133,7,5,Lisa the Vegetarian,8.5,197,17,11.588235294117647
11,Ned Flanders,133,7,5,Lisa the Vegetarian,8.5,48,4,12.0
3,Seymour Skinner,133,7,5,Lisa the Vegetarian,8.5,89,3,29.666666666666668
14,Waylon Smithers,133,7,5,Lisa the Vegetarian,8.5,9,1,9.0
8,Bart Simpson,134,7,6,Treehouse of Horror VI,8.5,224,26,8.615384615384615
71,Chief Wiggum,134,7,6,Treehouse of Horror VI,8.5,56,9,6.222222222222222
332,Dr. Julius Hibbert,134,7,6,Treehouse of Horror VI,8.5,18,2,9.0
40,Edna Krabappel-Flanders,134,7,6,Treehouse of Horror VI,8.5,38,2,19.0
31,Grampa Simpson,134,7,6,Treehouse of Horror VI,8.5,18,2,9.0
404,Groundskeeper Willie,134,7,6,Treehouse of Horror VI,8.5,69,11,6.2727272727272725
2,Homer Simpson,134,7,6,Treehouse of Horror VI,8.5,458,56,8.178571428571429
211,Kent Brockman,134,7,6,Treehouse of Horror VI,8.5,85,2,42.5
139,Krusty the Clown,134,7,6,Treehouse of Horror VI,8.5,57,2,28.5
9,Lisa Simpson,134,7,6,Treehouse of Horror VI,8.5,214,25,8.56
1,Marge Simpson,134,7,6,Treehouse of Horror VI,8.5,162,18,9.0
11,Ned Flanders,134,7,6,Treehouse of Horror VI,8.5,17,3,5.666666666666667
101,Nelson Muntz,134,7,6,Treehouse of Horror VI,8.5,8,2,4.0
140,Rev. Timothy Lovejoy,134,7,6,Treehouse of Horror VI,8.5,24,4,6.0
3,Seymour Skinner,134,7,6,Treehouse of Horror VI,8.5,77,7,11.0
33,Announcer,135,7,7,King-Size Homer,9.0,8,1,8.0
8,Bart Simpson,135,7,7,King-Size Homer,9.0,166,16,10.375
15,C. Montgomery Burns,135,7,7,King-Size Homer,9.0,165,16,10.3125
170,Carl Carlson,135,7,7,King-Size Homer,9.0,18,3,6.0
332,Dr. Julius Hibbert,135,7,7,King-Size Homer,9.0,18,2,9.0
2,Homer Simpson,135,7,7,King-Size Homer,9.0,1020,105,9.714285714285714
165,Lenny Leonard,135,7,7,King-Size Homer,9.0,58,4,14.5
9,Lisa Simpson,135,7,7,King-Size Homer,9.0,166,19,8.736842105263158
1,Marge Simpson,135,7,7,King-Size Homer,9.0,230,19,12.105263157894736
25,Milhouse Van Houten,135,7,7,King-Size Homer,9.0,17,2,8.5
11,Ned Flanders,135,7,7,King-Size Homer,9.0,16,1,16.0
101,Nelson Muntz,135,7,7,King-Size Homer,9.0,6,1,6.0
14,Waylon Smithers,135,7,7,King-Size Homer,9.0,37,4,9.25
8,Bart Simpson,136,7,8,Mother Simpson,8.5,116,10,11.6
15,C. Montgomery Burns,136,7,8,Mother Simpson,8.5,191,18,10.61111111111111
170,Carl Carlson,136,7,8,Mother Simpson,8.5,40,5,8.0
71,Chief Wiggum,136,7,8,Mother Simpson,8.5,48,3,16.0
31,Grampa Simpson,136,7,8,Mother Simpson,8.5,147,11,13.363636363636363
2,Homer Simpson,136,7,8,Mother Simpson,8.5,550,52,10.576923076923077
211,Kent Brockman,136,7,8,Mother Simpson,8.5,33,2,16.5
165,Lenny Leonard,136,7,8,Mother Simpson,8.5,45,4,11.25
9,Lisa Simpson,136,7,8,Mother Simpson,8.5,195,19,10.263157894736842
1,Marge Simpson,136,7,8,Mother Simpson,8.5,175,18,9.722222222222221
11,Ned Flanders,136,7,8,Mother Simpson,8.5,33,5,6.6
140,Rev. Timothy Lovejoy,136,7,8,Mother Simpson,8.5,21,2,10.5
14,Waylon Smithers,136,7,8,Mother Simpson,8.5,68,9,7.555555555555555
8,Bart Simpson,137,7,9,Sideshow Bob's Last Gleaming,8.0,185,22,8.409090909090908
71,Chief Wiggum,137,7,9,Sideshow Bob's Last Gleaming,8.0,92,9,10.222222222222221
332,Dr. Julius Hibbert,137,7,9,Sideshow Bob's Last Gleaming,8.0,6,1,6.0
31,Grampa Simpson,137,7,9,Sideshow Bob's Last Gleaming,8.0,64,4,16.0
2,Homer Simpson,137,7,9,Sideshow Bob's Last Gleaming,8.0,114,14,8.142857142857142
211,Kent Brockman,137,7,9,Sideshow Bob's Last Gleaming,8.0,66,2,33.0
139,Krusty the Clown,137,7,9,Sideshow Bob's Last Gleaming,8.0,330,20,16.5
9,Lisa Simpson,137,7,9,Sideshow Bob's Last Gleaming,8.0,188,19,9.894736842105264
1,Marge Simpson,137,7,9,Sideshow Bob's Last Gleaming,8.0,98,14,7.0
240,Mayor Joe Quimby,137,7,9,Sideshow Bob's Last Gleaming,8.0,75,4,18.75
25,Milhouse Van Houten,137,7,9,Sideshow Bob's Last Gleaming,8.0,18,1,18.0
17,Moe Szyslak,137,7,9,Sideshow Bob's Last Gleaming,8.0,1,1,1.0
153,Sideshow Bob,137,7,9,Sideshow Bob's Last Gleaming,8.0,557,40,13.925
33,Announcer,138,7,10,The Simpsons 138th Episode Spectacular,7.5,74,5,14.8
208,Apu Nahasapeemapetilon,138,7,10,The Simpsons 138th Episode Spectacular,7.5,14,1,14.0
8,Bart Simpson,138,7,10,The Simpsons 138th Episode Spectacular,7.5,126,18,7.0
15,C. Montgomery Burns,138,7,10,The Simpsons 138th Episode Spectacular,7.5,229,20,11.45
2,Homer Simpson,138,7,10,The Simpsons 138th Episode Spectacular,7.5,352,37,9.513513513513514
139,Krusty the Clown,138,7,10,The Simpsons 138th Episode Spectacular,7.5,82,5,16.4
9,Lisa Simpson,138,7,10,The Simpsons 138th Episode Spectacular,7.5,103,12,8.583333333333334
1,Marge Simpson,138,7,10,The Simpsons 138th Episode Spectacular,7.5,141,20,7.05
14,Waylon Smithers,138,7,10,The Simpsons 138th Episode Spectacular,7.5,61,9,6.777777777777778
33,Announcer,139,7,11,Marge Be Not Proud,8.3,38,2,19.0
8,Bart Simpson,139,7,11,Marge Be Not Proud,8.3,511,70,7.3
801,Comic Book Guy,139,7,11,Marge Be Not Proud,8.3,79,4,19.75
31,Grampa Simpson,139,7,11,Marge Be Not Proud,8.3,5,1,5.0
2,Homer Simpson,139,7,11,Marge Be Not Proud,8.3,308,21,14.666666666666666
139,Krusty the Clown,139,7,11,Marge Be Not Proud,8.3,36,5,7.2
9,Lisa Simpson,139,7,11,Marge Be Not Proud,8.3,121,10,12.1
1,Marge Simpson,139,7,11,Marge Be Not Proud,8.3,512,49,10.448979591836734
25,Milhouse Van Houten,139,7,11,Marge Be Not Proud,8.3,111,9,12.333333333333334
101,Nelson Muntz,139,7,11,Marge Be Not Proud,8.3,46,7,6.571428571428571
208,Apu Nahasapeemapetilon,140,7,12,Team Homer,8.3,129,11,11.727272727272727
8,Bart Simpson,140,7,12,Team Homer,8.3,114,12,9.5
15,C. Montgomery Burns,140,7,12,Team Homer,8.3,387,32,12.09375
71,Chief Wiggum,140,7,12,Team Homer,8.3,9,2,4.5
801,Comic Book Guy,140,7,12,Team Homer,8.3,6,1,6.0
40,Edna Krabappel-Flanders,140,7,12,Team Homer,8.3,33,4,8.25
1078,Gary Chalmers,140,7,12,Team Homer,8.3,108,6,18.0
404,Groundskeeper Willie,140,7,12,Team Homer,8.3,2,1,2.0
2,Homer Simpson,140,7,12,Team Homer,8.3,586,49,11.959183673469388
211,Kent Brockman,140,7,12,Team Homer,8.3,12,1,12.0
139,Krusty the Clown,140,7,12,Team Homer,8.3,6,1,6.0
9,Lisa Simpson,140,7,12,Team Homer,8.3,21,3,7.0
1,Marge Simpson,140,7,12,Team Homer,8.3,106,15,7.066666666666666
240,Mayor Joe Quimby,140,7,12,Team Homer,8.3,7,1,7.0
25,Milhouse Van Houten,140,7,12,Team Homer,8.3,41,7,5.857142857142857
17,Moe Szyslak,140,7,12,Team Homer,8.3,311,22,14.136363636363637
11,Ned Flanders,140,7,12,Team Homer,8.3,3,1,3.0
101,Nelson Muntz,140,7,12,Team Homer,8.3,8,2,4.0
140,Rev. Timothy Lovejoy,140,7,12,Team Homer,8.3,1,1,1.0
3,Seymour Skinner,140,7,12,Team Homer,8.3,285,13,21.923076923076923
14,Waylon Smithers,140,7,12,Team Homer,8.3,82,10,8.2
208,Apu Nahasapeemapetilon,141,7,13,Two Bad Neighbors,8.7,59,3,19.666666666666668
8,Bart Simpson,141,7,13,Two Bad Neighbors,8.7,180,29,6.206896551724138
170,Carl Carlson,141,7,13,Two Bad Neighbors,8.7,4,1,4.0
71,Chief Wiggum,141,7,13,Two Bad Neighbors,8.7,4,1,4.0
332,Dr. Julius Hibbert,141,7,13,Two Bad Neighbors,8.7,13,1,13.0
31,Grampa Simpson,141,7,13,Two Bad Neighbors,8.7,35,2,17.5
2,Homer Simpson,141,7,13,Two Bad Neighbors,8.7,703,68,10.338235294117647
9,Lisa Simpson,141,7,13,Two Bad Neighbors,8.7,30,1,30.0
1,Marge Simpson,141,7,13,Two Bad Neighbors,8.7,137,15,9.133333333333333
17,Moe Szyslak,141,7,13,Two Bad Neighbors,8.7,2,1,2.0
11,Ned Flanders,141,7,13,Two Bad Neighbors,8.7,126,12,10.5
3,Seymour Skinner,141,7,13,Two Bad Neighbors,8.7,48,5,9.6
208,Apu Nahasapeemapetilon,142,7,14,Scenes from the Class Struggle in Springfield,7.7,54,3,18.0
8,Bart Simpson,142,7,14,Scenes from the Class Struggle in Springfield,7.7,79,9,8.777777777777779
15,C. Montgomery Burns,142,7,14,Scenes from the Class Struggle in Springfield,7.7,193,16,12.0625
170,Carl Carlson,142,7,14,Scenes from the Class Struggle in Springfield,7.7,7,1,7.0
31,Grampa Simpson,142,7,14,Scenes from the Class Struggle in Springfield,7.7,24,2,12.0
2,Homer Simpson,142,7,14,Scenes from the Class Struggle in Springfield,7.7,382,41,9.317073170731707
139,Krusty the Clown,142,7,14,Scenes from the Class Struggle in Springfield,7.7,8,2,4.0
165,Lenny Leonard,142,7,14,Scenes from the Class Struggle in Springfield,7.7,9,1,9.0
9,Lisa Simpson,142,7,14,Scenes from the Class Struggle in Springfield,7.7,284,27,10.518518518518519
1,Marge Simpson,142,7,14,Scenes from the Class Struggle in Springfield,7.7,799,61,13.098360655737705
14,Waylon Smithers,142,7,14,Scenes from the Class Struggle in Springfield,7.7,126,7,18.0
33,Announcer,143,7,15,Bart the Fink,7.7,10,1,10.0
208,Apu Nahasapeemapetilon,143,7,15,Bart the Fink,7.7,9,1,9.0
8,Bart Simpson,143,7,15,Bart the Fink,7.7,531,39,13.615384615384615
71,Chief Wiggum,143,7,15,Bart the Fink,7.7,44,2,22.0
801,Comic Book Guy,143,7,15,Bart the Fink,7.7,11,1,11.0
332,Dr. Julius Hibbert,143,7,15,Bart the Fink,7.7,33,2,16.5
1078,Gary Chalmers,143,7,15,Bart the Fink,7.7,1,1,1.0
2,Homer Simpson,143,7,15,Bart the Fink,7.7,132,10,13.2
211,Kent Brockman,143,7,15,Bart the Fink,7.7,107,3,35.666666666666664
139,Krusty the Clown,143,7,15,Bart the Fink,7.7,573,27,21.22222222222222
9,Lisa Simpson,143,7,15,Bart the Fink,7.7,202,19,10.631578947368421
1,Marge Simpson,143,7,15,Bart the Fink,7.7,114,11,10.363636363636363
25,Milhouse Van Houten,143,7,15,Bart the Fink,7.7,38,5,7.6
17,Moe Szyslak,143,7,15,Bart the Fink,7.7,5,2,2.5
3,Seymour Skinner,143,7,15,Bart the Fink,7.7,17,3,5.666666666666667
208,Apu Nahasapeemapetilon,144,7,16,Lisa the Iconoclast,8.1,52,2,26.0
8,Bart Simpson,144,7,16,Lisa the Iconoclast,8.1,52,3,17.333333333333332
71,Chief Wiggum,144,7,16,Lisa the Iconoclast,8.1,90,8,11.25
801,Comic Book Guy,144,7,16,Lisa the Iconoclast,8.1,42,2,21.0
332,Dr. Julius Hibbert,144,7,16,Lisa the Iconoclast,8.1,11,1,11.0
40,Edna Krabappel-Flanders,144,7,16,Lisa the Iconoclast,8.1,12,1,12.0
2,Homer Simpson,144,7,16,Lisa the Iconoclast,8.1,412,38,10.842105263157896
9,Lisa Simpson,144,7,16,Lisa the Iconoclast,8.1,606,53,11.433962264150944
1,Marge Simpson,144,7,16,Lisa the Iconoclast,8.1,47,4,11.75
240,Mayor Joe Quimby,144,7,16,Lisa the Iconoclast,8.1,141,13,10.846153846153847
25,Milhouse Van Houten,144,7,16,Lisa the Iconoclast,8.1,6,1,6.0
17,Moe Szyslak,144,7,16,Lisa the Iconoclast,8.1,72,4,18.0
11,Ned Flanders,144,7,16,Lisa the Iconoclast,8.1,44,3,14.666666666666666
140,Rev. Timothy Lovejoy,144,7,16,Lisa the Iconoclast,8.1,25,2,12.5
3,Seymour Skinner,144,7,16,Lisa the Iconoclast,8.1,79,4,19.75
33,Announcer,145,7,17,Homer the Smithers,8.9,37,3,12.333333333333334
8,Bart Simpson,145,7,17,Homer the Smithers,8.9,49,6,8.166666666666666
15,C. Montgomery Burns,145,7,17,Homer the Smithers,8.9,888,73,12.164383561643836
71,Chief Wiggum,145,7,17,Homer the Smithers,8.9,8,1,8.0
332,Dr. Julius Hibbert,145,7,17,Homer the Smithers,8.9,18,2,9.0
2,Homer Simpson,145,7,17,Homer the Smithers,8.9,553,53,10.433962264150944
165,Lenny Leonard,145,7,17,Homer the Smithers,8.9,30,3,10.0
9,Lisa Simpson,145,7,17,Homer the Smithers,8.9,73,8,9.125
1,Marge Simpson,145,7,17,Homer the Smithers,8.9,122,13,9.384615384615385
17,Moe Szyslak,145,7,17,Homer the Smithers,8.9,88,4,22.0
14,Waylon Smithers,145,7,17,Homer the Smithers,8.9,719,50,14.38
208,Apu Nahasapeemapetilon,146,7,18,The Day the Violence Died,8.0,41,1,41.0
8,Bart Simpson,146,7,18,The Day the Violence Died,8.0,548,55,9.963636363636363
801,Comic Book Guy,146,7,18,The Day the Violence Died,8.0,101,4,25.25
31,Grampa Simpson,146,7,18,The Day the Violence Died,8.0,30,2,15.0
2,Homer Simpson,146,7,18,The Day the Violence Died,8.0,70,14,5.0
211,Kent Brockman,146,7,18,The Day the Violence Died,8.0,43,2,21.5
139,Krusty the Clown,146,7,18,The Day the Violence Died,8.0,76,6,12.666666666666666
9,Lisa Simpson,146,7,18,The Day the Violence Died,8.0,151,18,8.38888888888889
1,Marge Simpson,146,7,18,The Day the Violence Died,8.0,141,11,12.818181818181818
25,Milhouse Van Houten,146,7,18,The Day the Violence Died,8.0,21,4,5.25
33,Announcer,147,7,19,A Fish Called Selma,8.2,23,1,23.0
8,Bart Simpson,147,7,19,A Fish Called Selma,8.2,14,2,7.0
170,Carl Carlson,147,7,19,A Fish Called Selma,8.2,18,1,18.0
71,Chief Wiggum,147,7,19,A Fish Called Selma,8.2,74,5,14.8
332,Dr. Julius Hibbert,147,7,19,A Fish Called Selma,8.2,12,1,12.0
31,Grampa Simpson,147,7,19,A Fish Called Selma,8.2,12,2,6.0
2,Homer Simpson,147,7,19,A Fish Called Selma,8.2,168,14,12.0
165,Lenny Leonard,147,7,19,A Fish Called Selma,8.2,26,2,13.0
9,Lisa Simpson,147,7,19,A Fish Called Selma,8.2,23,3,7.666666666666667
1,Marge Simpson,147,7,19,A Fish Called Selma,8.2,120,9,13.333333333333334
140,Rev. Timothy Lovejoy,147,7,19,A Fish Called Selma,8.2,54,3,18.0
8,Bart Simpson,148,7,20,Bart on the Road,8.6,475,44,10.795454545454545
2,Homer Simpson,148,7,20,Bart on the Road,8.6,449,37,12.135135135135135
9,Lisa Simpson,148,7,20,Bart on the Road,8.6,447,44,10.159090909090908
1,Marge Simpson,148,7,20,Bart on the Road,8.6,233,17,13.705882352941176
25,Milhouse Van Houten,148,7,20,Bart on the Road,8.6,251,29,8.655172413793103
17,Moe Szyslak,148,7,20,Bart on the Road,8.6,16,2,8.0
101,Nelson Muntz,148,7,20,Bart on the Road,8.6,115,17,6.764705882352941
3,Seymour Skinner,148,7,20,Bart on the Road,8.6,116,7,16.571428571428573
14,Waylon Smithers,148,7,20,Bart on the Road,8.6,19,2,9.5
33,Announcer,149,7,21,22 Short Films About Springfield,8.8,15,1,15.0
208,Apu Nahasapeemapetilon,149,7,21,22 Short Films About Springfield,8.8,128,11,11.636363636363637
8,Bart Simpson,149,7,21,22 Short Films About Springfield,8.8,77,6,12.833333333333334
15,C. Montgomery Burns,149,7,21,22 Short Films About Springfield,8.8,102,8,12.75
71,Chief Wiggum,149,7,21,22 Short Films About Springfield,8.8,65,7,9.285714285714286
801,Comic Book Guy,149,7,21,22 Short Films About Springfield,8.8,79,5,15.8
332,Dr. Julius Hibbert,149,7,21,22 Short Films About Springfield,8.8,11,1,11.0
1078,Gary Chalmers,149,7,21,22 Short Films About Springfield,8.8,141,17,8.294117647058824
31,Grampa Simpson,149,7,21,22 Short Films About Springfield,8.8,17,2,8.5
404,Groundskeeper Willie,149,7,21,22 Short Films About Springfield,8.8,11,1,11.0
2,Homer Simpson,149,7,21,22 Short Films About Springfield,8.8,76,11,6.909090909090909
9,Lisa Simpson,149,7,21,22 Short Films About Springfield,8.8,105,14,7.5
1,Marge Simpson,149,7,21,22 Short Films About Springfield,8.8,78,6,13.0
25,Milhouse Van Houten,149,7,21,22 Short Films About Springfield,8.8,64,9,7.111111111111111
17,Moe Szyslak,149,7,21,22 Short Films About Springfield,8.8,87,7,12.428571428571429
11,Ned Flanders,149,7,21,22 Short Films About Springfield,8.8,71,5,14.2
101,Nelson Muntz,149,7,21,22 Short Films About Springfield,8.8,14,8,1.75
140,Rev. Timothy Lovejoy,149,7,21,22 Short Films About Springfield,8.8,60,3,20.0
3,Seymour Skinner,149,7,21,22 Short Films About Springfield,8.8,155,18,8.61111111111111
14,Waylon Smithers,149,7,21,22 Short Films About Springfield,8.8,43,6,7.166666666666667
8,Bart Simpson,150,7,22,"Raging Abe Simpson and His Grumbling Grandson in ""The Curse of the Flying Hellfish""",8.3,353,32,11.03125
15,C. Montgomery Burns,150,7,22,"Raging Abe Simpson and His Grumbling Grandson in ""The Curse of the Flying Hellfish""",8.3,358,31,11.548387096774194
40,Edna Krabappel-Flanders,150,7,22,"Raging Abe Simpson and His Grumbling Grandson in ""The Curse of the Flying Hellfish""",8.3,41,3,13.666666666666666
31,Grampa Simpson,150,7,22,"Raging Abe Simpson and His Grumbling Grandson in ""The Curse of the Flying Hellfish""",8.3,952,67,14.208955223880597
2,Homer Simpson,150,7,22,"Raging Abe Simpson and His Grumbling Grandson in ""The Curse of the Flying Hellfish""",8.3,65,7,9.285714285714286
9,Lisa Simpson,150,7,22,"Raging Abe Simpson and His Grumbling Grandson in ""The Curse of the Flying Hellfish""",8.3,52,6,8.666666666666666
1,Marge Simpson,150,7,22,"Raging Abe Simpson and His Grumbling Grandson in ""The Curse of the Flying Hellfish""",8.3,22,3,7.333333333333333
11,Ned Flanders,150,7,22,"Raging Abe Simpson and His Grumbling Grandson in ""The Curse of the Flying Hellfish""",8.3,52,6,8.666666666666666
101,Nelson Muntz,150,7,22,"Raging Abe Simpson and His Grumbling Grandson in ""The Curse of the Flying Hellfish""",8.3,6,1,6.0
140,Rev. Timothy Lovejoy,150,7,22,"Raging Abe Simpson and His Grumbling Grandson in ""The Curse of the Flying Hellfish""",8.3,44,1,44.0
14,Waylon Smithers,150,7,22,"Raging Abe Simpson and His Grumbling Grandson in ""The Curse of the Flying Hellfish""",8.3,56,4,14.0
208,Apu Nahasapeemapetilon,151,7,23,Much Apu About Nothing,8.0,728,46,15.826086956521738
8,Bart Simpson,151,7,23,Much Apu About Nothing,8.0,45,6,7.5
71,Chief Wiggum,151,7,23,Much Apu About Nothing,8.0,48,3,16.0
31,Grampa Simpson,151,7,23,Much Apu About Nothing,8.0,87,6,14.5
404,Groundskeeper Willie,151,7,23,Much Apu About Nothing,8.0,13,3,4.333333333333333
2,Homer Simpson,151,7,23,Much Apu About Nothing,8.0,680,51,13.333333333333334
211,Kent Brockman,151,7,23,Much Apu About Nothing,8.0,55,2,27.5
165,Lenny Leonard,151,7,23,Much Apu About Nothing,8.0,11,1,11.0
9,Lisa Simpson,151,7,23,Much Apu About Nothing,8.0,175,19,9.210526315789474
1,Marge Simpson,151,7,23,Much Apu About Nothing,8.0,96,9,10.666666666666666
240,Mayor Joe Quimby,151,7,23,Much Apu About Nothing,8.0,81,6,13.5
17,Moe Szyslak,151,7,23,Much Apu About Nothing,8.0,64,4,16.0
11,Ned Flanders,151,7,23,Much Apu About Nothing,8.0,32,2,16.0
101,Nelson Muntz,151,7,23,Much Apu About Nothing,8.0,7,1,7.0
3,Seymour Skinner,151,7,23,Much Apu About Nothing,8.0,28,3,9.333333333333334
8,Bart Simpson,152,7,24,Homerpalooza,8.0,162,20,8.1
15,C. Montgomery Burns,152,7,24,Homerpalooza,8.0,19,1,19.0
31,Grampa Simpson,152,7,24,Homerpalooza,8.0,39,2,19.5
2,Homer Simpson,152,7,24,Homerpalooza,8.0,1005,79,12.721518987341772
9,Lisa Simpson,152,7,24,Homerpalooza,8.0,109,17,6.411764705882353
1,Marge Simpson,152,7,24,Homerpalooza,8.0,183,15,12.2
25,Milhouse Van Houten,152,7,24,Homerpalooza,8.0,31,4,7.75
101,Nelson Muntz,152,7,24,Homerpalooza,8.0,2,1,2.0
14,Waylon Smithers,152,7,24,Homerpalooza,8.0,16,1,16.0
8,Bart Simpson,153,7,25,Summer of 4 Ft. 2,8.3,261,32,8.15625
40,Edna Krabappel-Flanders,153,7,25,Summer of 4 Ft. 2,8.3,31,2,15.5
2,Homer Simpson,153,7,25,Summer of 4 Ft. 2,8.3,224,24,9.333333333333334
9,Lisa Simpson,153,7,25,Summer of 4 Ft. 2,8.3,587,62,9.46774193548387
1,Marge Simpson,153,7,25,Summer of 4 Ft. 2,8.3,323,31,10.419354838709678
25,Milhouse Van Houten,153,7,25,Summer of 4 Ft. 2,8.3,102,13,7.846153846153846
11,Ned Flanders,153,7,25,Summer of 4 Ft. 2,8.3,105,4,26.25
101,Nelson Muntz,153,7,25,Summer of 4 Ft. 2,8.3,20,2,10.0
3,Seymour Skinner,153,7,25,Summer of 4 Ft. 2,8.3,8,1,8.0
8,Bart Simpson,154,8,1,Treehouse of Horror VII,8.3,167,21,7.9523809523809526
332,Dr. Julius Hibbert,154,8,1,Treehouse of Horror VII,8.3,221,12,18.416666666666668
2,Homer Simpson,154,8,1,Treehouse of Horror VII,8.3,423,32,13.21875
211,Kent Brockman,154,8,1,Treehouse of Horror VII,8.3,52,3,17.333333333333332
9,Lisa Simpson,154,8,1,Treehouse of Horror VII,8.3,292,40,7.3
1,Marge Simpson,154,8,1,Treehouse of Horror VII,8.3,120,12,10.0
3,Seymour Skinner,154,8,1,Treehouse of Horror VII,8.3,29,1,29.0
33,Announcer,155,8,2,You Only Move Twice,9.2,30,4,7.5
208,Apu Nahasapeemapetilon,155,8,2,You Only Move Twice,9.2,43,2,21.5
8,Bart Simpson,155,8,2,You Only Move Twice,9.2,132,16,8.25
15,C. Montgomery Burns,155,8,2,You Only Move Twice,9.2,1,1,1.0
71,Chief Wiggum,155,8,2,You Only Move Twice,9.2,2,1,2.0
801,Comic Book Guy,155,8,2,You Only Move Twice,9.2,1,1,1.0
332,Dr. Julius Hibbert,155,8,2,You Only Move Twice,9.2,1,1,1.0
1078,Gary Chalmers,155,8,2,You Only Move Twice,9.2,1,1,1.0
2,Homer Simpson,155,8,2,You Only Move Twice,9.2,546,74,7.378378378378378
139,Krusty the Clown,155,8,2,You Only Move Twice,9.2,2,1,2.0
9,Lisa Simpson,155,8,2,You Only Move Twice,9.2,130,14,9.285714285714286
1,Marge Simpson,155,8,2,You Only Move Twice,9.2,248,19,13.052631578947368
240,Mayor Joe Quimby,155,8,2,You Only Move Twice,9.2,3,1,3.0
25,Milhouse Van Houten,155,8,2,You Only Move Twice,9.2,1,1,1.0
17,Moe Szyslak,155,8,2,You Only Move Twice,9.2,2,1,2.0
11,Ned Flanders,155,8,2,You Only Move Twice,9.2,41,4,10.25
101,Nelson Muntz,155,8,2,You Only Move Twice,9.2,1,1,1.0
140,Rev. Timothy Lovejoy,155,8,2,You Only Move Twice,9.2,3,1,3.0
3,Seymour Skinner,155,8,2,You Only Move Twice,9.2,1,1,1.0
14,Waylon Smithers,155,8,2,You Only Move Twice,9.2,43,5,8.6
33,Announcer,156,8,3,The Homer They Fall,8.0,24,1,24.0
8,Bart Simpson,156,8,3,The Homer They Fall,8.0,157,17,9.235294117647058
170,Carl Carlson,156,8,3,The Homer They Fall,8.0,11,1,11.0
801,Comic Book Guy,156,8,3,The Homer They Fall,8.0,73,4,18.25
332,Dr. Julius Hibbert,156,8,3,The Homer They Fall,8.0,90,4,22.5
31,Grampa Simpson,156,8,3,The Homer They Fall,8.0,13,2,6.5
2,Homer Simpson,156,8,3,The Homer They Fall,8.0,409,51,8.019607843137255
211,Kent Brockman,156,8,3,The Homer They Fall,8.0,6,1,6.0
139,Krusty the Clown,156,8,3,The Homer They Fall,8.0,9,1,9.0
165,Lenny Leonard,156,8,3,The Homer They Fall,8.0,9,1,9.0
9,Lisa Simpson,156,8,3,The Homer They Fall,8.0,32,5,6.4
1,Marge Simpson,156,8,3,The Homer They Fall,8.0,253,20,12.65
25,Milhouse Van Houten,156,8,3,The Homer They Fall,8.0,13,1,13.0
17,Moe Szyslak,156,8,3,The Homer They Fall,8.0,734,54,13.592592592592593
8,Bart Simpson,157,8,4,"Burns, Baby Burns",7.7,55,6,9.166666666666666
15,C. Montgomery Burns,157,8,4,"Burns, Baby Burns",7.7,641,43,14.906976744186046
71,Chief Wiggum,157,8,4,"Burns, Baby Burns",7.7,66,6,11.0
31,Grampa Simpson,157,8,4,"Burns, Baby Burns",7.7,9,3,3.0
2,Homer Simpson,157,8,4,"Burns, Baby Burns",7.7,379,40,9.475
211,Kent Brockman,157,8,4,"Burns, Baby Burns",7.7,114,5,22.8
9,Lisa Simpson,157,8,4,"Burns, Baby Burns",7.7,67,8,8.375
1,Marge Simpson,157,8,4,"Burns, Baby Burns",7.7,220,24,9.166666666666666
17,Moe Szyslak,157,8,4,"Burns, Baby Burns",7.7,16,1,16.0
11,Ned Flanders,157,8,4,"Burns, Baby Burns",7.7,120,6,20.0
14,Waylon Smithers,157,8,4,"Burns, Baby Burns",7.7,114,11,10.363636363636363
33,Announcer,158,8,5,Bart After Dark,8.2,8,1,8.0
208,Apu Nahasapeemapetilon,158,8,5,Bart After Dark,8.2,5,1,5.0
8,Bart Simpson,158,8,5,Bart After Dark,8.2,258,38,6.7894736842105265
15,C. Montgomery Burns,158,8,5,Bart After Dark,8.2,16,3,5.333333333333333
71,Chief Wiggum,158,8,5,Bart After Dark,8.2,19,3,6.333333333333333
1078,Gary Chalmers,158,8,5,Bart After Dark,8.2,1,1,1.0
31,Grampa Simpson,158,8,5,Bart After Dark,8.2,31,4,7.75
404,Groundskeeper Willie,158,8,5,Bart After Dark,8.2,4,1,4.0
2,Homer Simpson,158,8,5,Bart After Dark,8.2,443,44,10.068181818181818
211,Kent Brockman,158,8,5,Bart After Dark,8.2,76,4,19.0
165,Lenny Leonard,158,8,5,Bart After Dark,8.2,7,1,7.0
9,Lisa Simpson,158,8,5,Bart After Dark,8.2,82,9,9.11111111111111
1,Marge Simpson,158,8,5,Bart After Dark,8.2,413,33,12.515151515151516
240,Mayor Joe Quimby,158,8,5,Bart After Dark,8.2,122,7,17.428571428571427
25,Milhouse Van Houten,158,8,5,Bart After Dark,8.2,60,5,12.0
17,Moe Szyslak,158,8,5,Bart After Dark,8.2,22,3,7.333333333333333
11,Ned Flanders,158,8,5,Bart After Dark,8.2,84,5,16.8
101,Nelson Muntz,158,8,5,Bart After Dark,8.2,11,3,3.6666666666666665
140,Rev. Timothy Lovejoy,158,8,5,Bart After Dark,8.2,61,6,10.166666666666666
3,Seymour Skinner,158,8,5,Bart After Dark,8.2,64,9,7.111111111111111
14,Waylon Smithers,158,8,5,Bart After Dark,8.2,10,1,10.0
8,Bart Simpson,159,8,6,A Milhouse Divided,8.0,95,11,8.636363636363637
332,Dr. Julius Hibbert,159,8,6,A Milhouse Divided,8.0,36,3,12.0
2,Homer Simpson,159,8,6,A Milhouse Divided,8.0,636,57,11.157894736842104
9,Lisa Simpson,159,8,6,A Milhouse Divided,8.0,84,10,8.4
1,Marge Simpson,159,8,6,A Milhouse Divided,8.0,526,43,12.232558139534884
25,Milhouse Van Houten,159,8,6,A Milhouse Divided,8.0,50,8,6.25
11,Ned Flanders,159,8,6,A Milhouse Divided,8.0,32,4,8.0
101,Nelson Muntz,159,8,6,A Milhouse Divided,8.0,39,3,13.0
140,Rev. Timothy Lovejoy,159,8,6,A Milhouse Divided,8.0,100,6,16.666666666666668
208,Apu Nahasapeemapetilon,160,8,7,Lisa's Date with Density,7.8,76,4,19.0
8,Bart Simpson,160,8,7,Lisa's Date with Density,7.8,49,5,9.8
15,C. Montgomery Burns,160,8,7,Lisa's Date with Density,7.8,14,2,7.0
71,Chief Wiggum,160,8,7,Lisa's Date with Density,7.8,149,6,24.833333333333332
1078,Gary Chalmers,160,8,7,Lisa's Date with Density,7.8,105,8,13.125
31,Grampa Simpson,160,8,7,Lisa's Date with Density,7.8,8,1,8.0
404,Groundskeeper Willie,160,8,7,Lisa's Date with Density,7.8,38,6,6.333333333333333
2,Homer Simpson,160,8,7,Lisa's Date with Density,7.8,104,15,6.933333333333334
9,Lisa Simpson,160,8,7,Lisa's Date with Density,7.8,673,65,10.353846153846154
1,Marge Simpson,160,8,7,Lisa's Date with Density,7.8,89,6,14.833333333333334
25,Milhouse Van Houten,160,8,7,Lisa's Date with Density,7.8,84,10,8.4
11,Ned Flanders,160,8,7,Lisa's Date with Density,7.8,19,7,2.7142857142857144
101,Nelson Muntz,160,8,7,Lisa's Date with Density,7.8,444,57,7.7894736842105265
3,Seymour Skinner,160,8,7,Lisa's Date with Density,7.8,322,26,12.384615384615385
208,Apu Nahasapeemapetilon,161,8,8,Hurricane Neddy,8.8,72,4,18.0
8,Bart Simpson,161,8,8,Hurricane Neddy,8.8,35,5,7.0
71,Chief Wiggum,161,8,8,Hurricane Neddy,8.8,13,1,13.0
31,Grampa Simpson,161,8,8,Hurricane Neddy,8.8,20,2,10.0
2,Homer Simpson,161,8,8,Hurricane Neddy,8.8,326,35,9.314285714285715
211,Kent Brockman,161,8,8,Hurricane Neddy,8.8,106,5,21.2
139,Krusty the Clown,161,8,8,Hurricane Neddy,8.8,7,1,7.0
165,Lenny Leonard,161,8,8,Hurricane Neddy,8.8,11,1,11.0
9,Lisa Simpson,161,8,8,Hurricane Neddy,8.8,124,14,8.857142857142858
1,Marge Simpson,161,8,8,Hurricane Neddy,8.8,193,17,11.352941176470589
17,Moe Szyslak,161,8,8,Hurricane Neddy,8.8,32,2,16.0
11,Ned Flanders,161,8,8,Hurricane Neddy,8.8,730,51,14.313725490196079
140,Rev. Timothy Lovejoy,161,8,8,Hurricane Neddy,8.8,50,2,25.0
8,Bart Simpson,162,8,9,El Viaje Misterioso de Nuestro Jomer (The Mysterious Voyage of Homer),8.5,73,9,8.11111111111111
170,Carl Carlson,162,8,9,El Viaje Misterioso de Nuestro Jomer (The Mysterious Voyage of Homer),8.5,3,1,3.0
71,Chief Wiggum,162,8,9,El Viaje Misterioso de Nuestro Jomer (The Mysterious Voyage of Homer),8.5,93,6,15.5
332,Dr. Julius Hibbert,162,8,9,El Viaje Misterioso de Nuestro Jomer (The Mysterious Voyage of Homer),8.5,13,2,6.5
2,Homer Simpson,162,8,9,El Viaje Misterioso de Nuestro Jomer (The Mysterious Voyage of Homer),8.5,1060,103,10.29126213592233
211,Kent Brockman,162,8,9,El Viaje Misterioso de Nuestro Jomer (The Mysterious Voyage of Homer),8.5,8,1,8.0
139,Krusty the Clown,162,8,9,El Viaje Misterioso de Nuestro Jomer (The Mysterious Voyage of Homer),8.5,5,1,5.0
165,Lenny Leonard,162,8,9,El Viaje Misterioso de Nuestro Jomer (The Mysterious Voyage of Homer),8.5,18,3,6.0
9,Lisa Simpson,162,8,9,El Viaje Misterioso de Nuestro Jomer (The Mysterious Voyage of Homer),8.5,33,6,5.5
1,Marge Simpson,162,8,9,El Viaje Misterioso de Nuestro Jomer (The Mysterious Voyage of Homer),8.5,318,31,10.258064516129032
240,Mayor Joe Quimby,162,8,9,El Viaje Misterioso de Nuestro Jomer (The Mysterious Voyage of Homer),8.5,6,1,6.0
17,Moe Szyslak,162,8,9,El Viaje Misterioso de Nuestro Jomer (The Mysterious Voyage of Homer),8.5,12,1,12.0
11,Ned Flanders,162,8,9,El Viaje Misterioso de Nuestro Jomer (The Mysterious Voyage of Homer),8.5,41,5,8.2
101,Nelson Muntz,162,8,9,El Viaje Misterioso de Nuestro Jomer (The Mysterious Voyage of Homer),8.5,4,1,4.0
140,Rev. Timothy Lovejoy,162,8,9,El Viaje Misterioso de Nuestro Jomer (The Mysterious Voyage of Homer),8.5,32,4,8.0
14,Waylon Smithers,162,8,9,El Viaje Misterioso de Nuestro Jomer (The Mysterious Voyage of Homer),8.5,24,2,12.0
8,Bart Simpson,163,8,10,The Springfield Files,9.0,140,18,7.777777777777778
15,C. Montgomery Burns,163,8,10,The Springfield Files,9.0,101,6,16.833333333333332
170,Carl Carlson,163,8,10,The Springfield Files,9.0,7,2,3.5
71,Chief Wiggum,163,8,10,The Springfield Files,9.0,34,2,17.0
332,Dr. Julius Hibbert,163,8,10,The Springfield Files,9.0,33,3,11.0
31,Grampa Simpson,163,8,10,The Springfield Files,9.0,60,5,12.0
404,Groundskeeper Willie,163,8,10,The Springfield Files,9.0,16,2,8.0
2,Homer Simpson,163,8,10,The Springfield Files,9.0,683,63,10.841269841269842
211,Kent Brockman,163,8,10,The Springfield Files,9.0,67,6,11.166666666666666
165,Lenny Leonard,163,8,10,The Springfield Files,9.0,15,2,7.5
9,Lisa Simpson,163,8,10,The Springfield Files,9.0,115,8,14.375
1,Marge Simpson,163,8,10,The Springfield Files,9.0,166,18,9.222222222222221
25,Milhouse Van Houten,163,8,10,The Springfield Files,9.0,11,2,5.5
17,Moe Szyslak,163,8,10,The Springfield Files,9.0,82,9,9.11111111111111
11,Ned Flanders,163,8,10,The Springfield Files,9.0,11,1,11.0
140,Rev. Timothy Lovejoy,163,8,10,The Springfield Files,9.0,33,1,33.0
14,Waylon Smithers,163,8,10,The Springfield Files,9.0,58,6,9.666666666666666
8,Bart Simpson,164,8,11,The Twisted World of Marge Simpson,7.8,42,4,10.5
15,C. Montgomery Burns,164,8,11,The Twisted World of Marge Simpson,7.8,7,1,7.0
170,Carl Carlson,164,8,11,The Twisted World of Marge Simpson,7.8,21,3,7.0
71,Chief Wiggum,164,8,11,The Twisted World of Marge Simpson,7.8,42,3,14.0
40,Edna Krabappel-Flanders,164,8,11,The Twisted World of Marge Simpson,7.8,42,6,7.0
31,Grampa Simpson,164,8,11,The Twisted World of Marge Simpson,7.8,5,1,5.0
2,Homer Simpson,164,8,11,The Twisted World of Marge Simpson,7.8,364,30,12.133333333333333
165,Lenny Leonard,164,8,11,The Twisted World of Marge Simpson,7.8,26,4,6.5
9,Lisa Simpson,164,8,11,The Twisted World of Marge Simpson,7.8,47,5,9.4
1,Marge Simpson,164,8,11,The Twisted World of Marge Simpson,7.8,563,51,11.03921568627451
17,Moe Szyslak,164,8,11,The Twisted World of Marge Simpson,7.8,22,3,7.333333333333333
3,Seymour Skinner,164,8,11,The Twisted World of Marge Simpson,7.8,23,4,5.75
8,Bart Simpson,165,8,12,Mountain of Madness,8.6,113,13,8.692307692307692
15,C. Montgomery Burns,165,8,12,Mountain of Madness,8.6,874,68,12.852941176470589
170,Carl Carlson,165,8,12,Mountain of Madness,8.6,86,12,7.166666666666667
2,Homer Simpson,165,8,12,Mountain of Madness,8.6,332,49,6.775510204081633
165,Lenny Leonard,165,8,12,Mountain of Madness,8.6,81,12,6.75
9,Lisa Simpson,165,8,12,Mountain of Madness,8.6,56,10,5.6
1,Marge Simpson,165,8,12,Mountain of Madness,8.6,61,9,6.777777777777778
14,Waylon Smithers,165,8,12,Mountain of Madness,8.6,323,26,12.423076923076923
33,Announcer,166,8,13,Simpsoncalifragilisticexpiala(Annoyed Grunt)cious,7.7,5,1,5.0
208,Apu Nahasapeemapetilon,166,8,13,Simpsoncalifragilisticexpiala(Annoyed Grunt)cious,7.7,13,4,3.25
8,Bart Simpson,166,8,13,Simpsoncalifragilisticexpiala(Annoyed Grunt)cious,7.7,173,26,6.653846153846154
15,C. Montgomery Burns,166,8,13,Simpsoncalifragilisticexpiala(Annoyed Grunt)cious,7.7,41,4,10.25
71,Chief Wiggum,166,8,13,Simpsoncalifragilisticexpiala(Annoyed Grunt)cious,7.7,8,1,8.0
332,Dr. Julius Hibbert,166,8,13,Simpsoncalifragilisticexpiala(Annoyed Grunt)cious,7.7,25,2,12.5
31,Grampa Simpson,166,8,13,Simpsoncalifragilisticexpiala(Annoyed Grunt)cious,7.7,40,6,6.666666666666667
404,Groundskeeper Willie,166,8,13,Simpsoncalifragilisticexpiala(Annoyed Grunt)cious,7.7,74,5,14.8
2,Homer Simpson,166,8,13,Simpsoncalifragilisticexpiala(Annoyed Grunt)cious,7.7,412,47,8.76595744680851
139,Krusty the Clown,166,8,13,Simpsoncalifragilisticexpiala(Annoyed Grunt)cious,7.7,114,10,11.4
9,Lisa Simpson,166,8,13,Simpsoncalifragilisticexpiala(Annoyed Grunt)cious,7.7,201,33,6.090909090909091
1,Marge Simpson,166,8,13,Simpsoncalifragilisticexpiala(Annoyed Grunt)cious,7.7,272,33,8.242424242424242
17,Moe Szyslak,166,8,13,Simpsoncalifragilisticexpiala(Annoyed Grunt)cious,7.7,26,3,8.666666666666666
11,Ned Flanders,166,8,13,Simpsoncalifragilisticexpiala(Annoyed Grunt)cious,7.7,15,3,5.0
101,Nelson Muntz,166,8,13,Simpsoncalifragilisticexpiala(Annoyed Grunt)cious,7.7,9,2,4.5
3,Seymour Skinner,166,8,13,Simpsoncalifragilisticexpiala(Annoyed Grunt)cious,7.7,11,2,5.5
14,Waylon Smithers,166,8,13,Simpsoncalifragilisticexpiala(Annoyed Grunt)cious,7.7,6,1,6.0
8,Bart Simpson,167,8,14,The Itchy & Scratchy & Poochie Show,7.9,176,18,9.777777777777779
170,Carl Carlson,167,8,14,The Itchy & Scratchy & Poochie Show,7.9,15,1,15.0
801,Comic Book Guy,167,8,14,The Itchy & Scratchy & Poochie Show,7.9,102,6,17.0
2,Homer Simpson,167,8,14,The Itchy & Scratchy & Poochie Show,7.9,478,33,14.484848484848484
211,Kent Brockman,167,8,14,The Itchy & Scratchy & Poochie Show,7.9,81,1,81.0
139,Krusty the Clown,167,8,14,The Itchy & Scratchy & Poochie Show,7.9,318,18,17.666666666666668
9,Lisa Simpson,167,8,14,The Itchy & Scratchy & Poochie Show,7.9,156,13,12.0
1,Marge Simpson,167,8,14,The Itchy & Scratchy & Poochie Show,7.9,121,13,9.307692307692308
25,Milhouse Van Houten,167,8,14,The Itchy & Scratchy & Poochie Show,7.9,21,3,7.0
17,Moe Szyslak,167,8,14,The Itchy & Scratchy & Poochie Show,7.9,15,1,15.0
11,Ned Flanders,167,8,14,The Itchy & Scratchy & Poochie Show,7.9,17,1,17.0
101,Nelson Muntz,167,8,14,The Itchy & Scratchy & Poochie Show,7.9,3,1,3.0
8,Bart Simpson,168,8,15,Homer's Phobia,8.9,230,32,7.1875
2,Homer Simpson,168,8,15,Homer's Phobia,8.9,981,89,11.02247191011236
9,Lisa Simpson,168,8,15,Homer's Phobia,8.9,148,12,12.333333333333334
1,Marge Simpson,168,8,15,Homer's Phobia,8.9,337,31,10.870967741935484
25,Milhouse Van Houten,168,8,15,Homer's Phobia,8.9,3,1,3.0
17,Moe Szyslak,168,8,15,Homer's Phobia,8.9,253,17,14.882352941176471
3,Seymour Skinner,168,8,15,Homer's Phobia,8.9,38,2,19.0
14,Waylon Smithers,168,8,15,Homer's Phobia,8.9,17,3,5.666666666666667
8,Bart Simpson,169,8,16,Brother from Another Series,8.2,316,30,10.533333333333333
71,Chief Wiggum,169,8,16,Brother from Another Series,8.2,110,9,12.222222222222221
40,Edna Krabappel-Flanders,169,8,16,Brother from Another Series,8.2,30,4,7.5
2,Homer Simpson,169,8,16,Brother from Another Series,8.2,90,11,8.181818181818182
139,Krusty the Clown,169,8,16,Brother from Another Series,8.2,87,4,21.75
9,Lisa Simpson,169,8,16,Brother from Another Series,8.2,115,17,6.764705882352941
1,Marge Simpson,169,8,16,Brother from Another Series,8.2,64,11,5.818181818181818
240,Mayor Joe Quimby,169,8,16,Brother from Another Series,8.2,22,1,22.0
25,Milhouse Van Houten,169,8,16,Brother from Another Series,8.2,7,1,7.0
140,Rev. Timothy Lovejoy,169,8,16,Brother from Another Series,8.2,62,5,12.4
153,Sideshow Bob,169,8,16,Brother from Another Series,8.2,980,69,14.202898550724637
8,Bart Simpson,170,8,17,"My Sister, My Sitter",8.1,394,49,8.040816326530612
71,Chief Wiggum,170,8,17,"My Sister, My Sitter",8.1,136,10,13.6
801,Comic Book Guy,170,8,17,"My Sister, My Sitter",8.1,7,1,7.0
332,Dr. Julius Hibbert,170,8,17,"My Sister, My Sitter",8.1,85,7,12.142857142857142
2,Homer Simpson,170,8,17,"My Sister, My Sitter",8.1,225,21,10.714285714285714
211,Kent Brockman,170,8,17,"My Sister, My Sitter",8.1,100,6,16.666666666666668
139,Krusty the Clown,170,8,17,"My Sister, My Sitter",8.1,51,4,12.75
165,Lenny Leonard,170,8,17,"My Sister, My Sitter",8.1,10,1,10.0
9,Lisa Simpson,170,8,17,"My Sister, My Sitter",8.1,742,79,9.39240506329114
1,Marge Simpson,170,8,17,"My Sister, My Sitter",8.1,226,18,12.555555555555555
240,Mayor Joe Quimby,170,8,17,"My Sister, My Sitter",8.1,16,2,8.0
17,Moe Szyslak,170,8,17,"My Sister, My Sitter",8.1,12,1,12.0
11,Ned Flanders,170,8,17,"My Sister, My Sitter",8.1,165,7,23.571428571428573
140,Rev. Timothy Lovejoy,170,8,17,"My Sister, My Sitter",8.1,63,4,15.75
3,Seymour Skinner,170,8,17,"My Sister, My Sitter",8.1,9,1,9.0
14,Waylon Smithers,170,8,17,"My Sister, My Sitter",8.1,11,1,11.0
208,Apu Nahasapeemapetilon,171,8,18,Homer vs. the Eighteenth Amendment,8.7,15,1,15.0
8,Bart Simpson,171,8,18,Homer vs. the Eighteenth Amendment,8.7,161,19,8.473684210526315
71,Chief Wiggum,171,8,18,Homer vs. the Eighteenth Amendment,8.7,194,20,9.7
801,Comic Book Guy,171,8,18,Homer vs. the Eighteenth Amendment,8.7,19,2,9.5
332,Dr. Julius Hibbert,171,8,18,Homer vs. the Eighteenth Amendment,8.7,8,2,4.0
2,Homer Simpson,171,8,18,Homer vs. the Eighteenth Amendment,8.7,554,61,9.081967213114755
211,Kent Brockman,171,8,18,Homer vs. the Eighteenth Amendment,8.7,185,6,30.833333333333332
139,Krusty the Clown,171,8,18,Homer vs. the Eighteenth Amendment,8.7,8,2,4.0
165,Lenny Leonard,171,8,18,Homer vs. the Eighteenth Amendment,8.7,18,2,9.0
9,Lisa Simpson,171,8,18,Homer vs. the Eighteenth Amendment,8.7,42,5,8.4
1,Marge Simpson,171,8,18,Homer vs. the Eighteenth Amendment,8.7,248,18,13.777777777777779
240,Mayor Joe Quimby,171,8,18,Homer vs. the Eighteenth Amendment,8.7,110,8,13.75
25,Milhouse Van Houten,171,8,18,Homer vs. the Eighteenth Amendment,8.7,10,1,10.0
17,Moe Szyslak,171,8,18,Homer vs. the Eighteenth Amendment,8.7,124,10,12.4
11,Ned Flanders,171,8,18,Homer vs. the Eighteenth Amendment,8.7,12,1,12.0
101,Nelson Muntz,171,8,18,Homer vs. the Eighteenth Amendment,8.7,5,1,5.0
208,Apu Nahasapeemapetilon,172,8,19,Grade School Confidential,8.2,1,1,1.0
8,Bart Simpson,172,8,19,Grade School Confidential,8.2,343,41,8.365853658536585
71,Chief Wiggum,172,8,19,Grade School Confidential,8.2,72,7,10.285714285714286
332,Dr. Julius Hibbert,172,8,19,Grade School Confidential,8.2,18,2,9.0
40,Edna Krabappel-Flanders,172,8,19,Grade School Confidential,8.2,510,49,10.408163265306122
1078,Gary Chalmers,172,8,19,Grade School Confidential,8.2,233,17,13.705882352941176
404,Groundskeeper Willie,172,8,19,Grade School Confidential,8.2,15,2,7.5
2,Homer Simpson,172,8,19,Grade School Confidential,8.2,101,7,14.428571428571429
211,Kent Brockman,172,8,19,Grade School Confidential,8.2,45,3,15.0
139,Krusty the Clown,172,8,19,Grade School Confidential,8.2,13,2,6.5
165,Lenny Leonard,172,8,19,Grade School Confidential,8.2,8,1,8.0
9,Lisa Simpson,172,8,19,Grade School Confidential,8.2,51,5,10.2
1,Marge Simpson,172,8,19,Grade School Confidential,8.2,8,3,2.6666666666666665
25,Milhouse Van Houten,172,8,19,Grade School Confidential,8.2,58,6,9.666666666666666
101,Nelson Muntz,172,8,19,Grade School Confidential,8.2,17,6,2.8333333333333335
3,Seymour Skinner,172,8,19,Grade School Confidential,8.2,797,66,12.075757575757576
8,Bart Simpson,173,8,20,The Canine Mutiny,7.7,898,85,10.564705882352941
15,C. Montgomery Burns,173,8,20,The Canine Mutiny,7.7,28,2,14.0
71,Chief Wiggum,173,8,20,The Canine Mutiny,7.7,109,9,12.11111111111111
801,Comic Book Guy,173,8,20,The Canine Mutiny,7.7,58,3,19.333333333333332
404,Groundskeeper Willie,173,8,20,The Canine Mutiny,7.7,48,3,16.0
2,Homer Simpson,173,8,20,The Canine Mutiny,7.7,256,28,9.142857142857142
211,Kent Brockman,173,8,20,The Canine Mutiny,7.7,31,3,10.333333333333334
9,Lisa Simpson,173,8,20,The Canine Mutiny,7.7,172,15,11.466666666666667
1,Marge Simpson,173,8,20,The Canine Mutiny,7.7,210,17,12.352941176470589
240,Mayor Joe Quimby,173,8,20,The Canine Mutiny,7.7,22,1,22.0
25,Milhouse Van Houten,173,8,20,The Canine Mutiny,7.7,51,2,25.5
17,Moe Szyslak,173,8,20,The Canine Mutiny,7.7,20,3,6.666666666666667
140,Rev. Timothy Lovejoy,173,8,20,The Canine Mutiny,7.7,46,3,15.333333333333334
8,Bart Simpson,174,8,21,The Old Man and the Lisa,7.9,50,5,10.0
15,C. Montgomery Burns,174,8,21,The Old Man and the Lisa,7.9,1139,75,15.186666666666667
71,Chief Wiggum,174,8,21,The Old Man and the Lisa,7.9,23,1,23.0
332,Dr. Julius Hibbert,174,8,21,The Old Man and the Lisa,7.9,16,1,16.0
31,Grampa Simpson,174,8,21,The Old Man and the Lisa,7.9,65,4,16.25
2,Homer Simpson,174,8,21,The Old Man and the Lisa,7.9,181,21,8.619047619047619
211,Kent Brockman,174,8,21,The Old Man and the Lisa,7.9,69,3,23.0
139,Krusty the Clown,174,8,21,The Old Man and the Lisa,7.9,9,1,9.0
165,Lenny Leonard,174,8,21,The Old Man and the Lisa,7.9,6,1,6.0
9,Lisa Simpson,174,8,21,The Old Man and the Lisa,7.9,482,45,10.71111111111111
1,Marge Simpson,174,8,21,The Old Man and the Lisa,7.9,88,12,7.333333333333333
17,Moe Szyslak,174,8,21,The Old Man and the Lisa,7.9,13,1,13.0
101,Nelson Muntz,174,8,21,The Old Man and the Lisa,7.9,2,1,2.0
3,Seymour Skinner,174,8,21,The Old Man and the Lisa,7.9,133,7,19.0
14,Waylon Smithers,174,8,21,The Old Man and the Lisa,7.9,159,14,11.357142857142858
8,Bart Simpson,175,8,22,In Marge We Trust,8.0,84,12,7.0
2,Homer Simpson,175,8,22,In Marge We Trust,8.0,279,34,8.205882352941176
165,Lenny Leonard,175,8,22,In Marge We Trust,8.0,65,4,16.25
9,Lisa Simpson,175,8,22,In Marge We Trust,8.0,88,18,4.888888888888889
1,Marge Simpson,175,8,22,In Marge We Trust,8.0,527,49,10.755102040816327
17,Moe Szyslak,175,8,22,In Marge We Trust,8.0,83,8,10.375
11,Ned Flanders,175,8,22,In Marge We Trust,8.0,202,17,11.882352941176471
140,Rev. Timothy Lovejoy,175,8,22,In Marge We Trust,8.0,417,35,11.914285714285715
3,Seymour Skinner,175,8,22,In Marge We Trust,8.0,65,5,13.0
8,Bart Simpson,176,8,23,Homer's Enemy,9.2,130,17,7.647058823529412
15,C. Montgomery Burns,176,8,23,Homer's Enemy,9.2,217,15,14.466666666666667
170,Carl Carlson,176,8,23,Homer's Enemy,9.2,47,8,5.875
71,Chief Wiggum,176,8,23,Homer's Enemy,9.2,7,1,7.0
2,Homer Simpson,176,8,23,Homer's Enemy,9.2,588,57,10.31578947368421
211,Kent Brockman,176,8,23,Homer's Enemy,9.2,137,6,22.833333333333332
165,Lenny Leonard,176,8,23,Homer's Enemy,9.2,108,14,7.714285714285714
9,Lisa Simpson,176,8,23,Homer's Enemy,9.2,11,3,3.6666666666666665
1,Marge Simpson,176,8,23,Homer's Enemy,9.2,159,14,11.357142857142858
25,Milhouse Van Houten,176,8,23,Homer's Enemy,9.2,66,9,7.333333333333333
17,Moe Szyslak,176,8,23,Homer's Enemy,9.2,90,7,12.857142857142858
140,Rev. Timothy Lovejoy,176,8,23,Homer's Enemy,9.2,36,1,36.0
14,Waylon Smithers,176,8,23,Homer's Enemy,9.2,28,6,4.666666666666667
33,Announcer,177,8,24,The Simpsons Spin-Off Showcase,7.3,7,1,7.0
8,Bart Simpson,177,8,24,The Simpsons Spin-Off Showcase,7.3,60,7,8.571428571428571
71,Chief Wiggum,177,8,24,The Simpsons Spin-Off Showcase,7.3,332,27,12.296296296296296
31,Grampa Simpson,177,8,24,The Simpsons Spin-Off Showcase,7.3,220,20,11.0
2,Homer Simpson,177,8,24,The Simpsons Spin-Off Showcase,7.3,155,18,8.61111111111111
211,Kent Brockman,177,8,24,The Simpsons Spin-Off Showcase,7.3,43,4,10.75
9,Lisa Simpson,177,8,24,The Simpsons Spin-Off Showcase,7.3,21,1,21.0
1,Marge Simpson,177,8,24,The Simpsons Spin-Off Showcase,7.3,162,19,8.526315789473685
17,Moe Szyslak,177,8,24,The Simpsons Spin-Off Showcase,7.3,308,25,12.32
3,Seymour Skinner,177,8,24,The Simpsons Spin-Off Showcase,7.3,225,15,15.0
14,Waylon Smithers,177,8,24,The Simpsons Spin-Off Showcase,7.3,11,1,11.0
33,Announcer,178,8,25,The Secret War of Lisa Simpson,7.8,83,5,16.6
8,Bart Simpson,178,8,25,The Secret War of Lisa Simpson,7.8,342,38,9.0
71,Chief Wiggum,178,8,25,The Secret War of Lisa Simpson,7.8,238,14,17.0
40,Edna Krabappel-Flanders,178,8,25,The Secret War of Lisa Simpson,7.8,26,2,13.0
31,Grampa Simpson,178,8,25,The Secret War of Lisa Simpson,7.8,107,4,26.75
2,Homer Simpson,178,8,25,The Secret War of Lisa Simpson,7.8,154,16,9.625
9,Lisa Simpson,178,8,25,The Secret War of Lisa Simpson,7.8,431,42,10.261904761904763
1,Marge Simpson,178,8,25,The Secret War of Lisa Simpson,7.8,166,13,12.76923076923077
101,Nelson Muntz,178,8,25,The Secret War of Lisa Simpson,7.8,2,1,2.0
3,Seymour Skinner,178,8,25,The Secret War of Lisa Simpson,7.8,39,2,19.5
8,Bart Simpson,179,9,1,The City of New York vs. Homer Simpson,9.1,148,15,9.866666666666667
170,Carl Carlson,179,9,1,The City of New York vs. Homer Simpson,9.1,6,1,6.0
2,Homer Simpson,179,9,1,The City of New York vs. Homer Simpson,9.1,684,69,9.91304347826087
165,Lenny Leonard,179,9,1,The City of New York vs. Homer Simpson,9.1,20,2,10.0
9,Lisa Simpson,179,9,1,The City of New York vs. Homer Simpson,9.1,182,18,10.11111111111111
1,Marge Simpson,179,9,1,The City of New York vs. Homer Simpson,9.1,214,23,9.304347826086957
17,Moe Szyslak,179,9,1,The City of New York vs. Homer Simpson,9.1,89,6,14.833333333333334
208,Apu Nahasapeemapetilon,180,9,2,The Principal and the Pauper,7.4,12,1,12.0
8,Bart Simpson,180,9,2,The Principal and the Pauper,7.4,116,13,8.923076923076923
40,Edna Krabappel-Flanders,180,9,2,The Principal and the Pauper,7.4,71,9,7.888888888888889
1078,Gary Chalmers,180,9,2,The Principal and the Pauper,7.4,194,13,14.923076923076923
31,Grampa Simpson,180,9,2,The Principal and the Pauper,7.4,15,4,3.75
404,Groundskeeper Willie,180,9,2,The Principal and the Pauper,7.4,5,1,5.0
2,Homer Simpson,180,9,2,The Principal and the Pauper,7.4,155,18,8.61111111111111
211,Kent Brockman,180,9,2,The Principal and the Pauper,7.4,27,2,13.5
9,Lisa Simpson,180,9,2,The Principal and the Pauper,7.4,98,6,16.333333333333332
1,Marge Simpson,180,9,2,The Principal and the Pauper,7.4,166,16,10.375
240,Mayor Joe Quimby,180,9,2,The Principal and the Pauper,7.4,15,1,15.0
101,Nelson Muntz,180,9,2,The Principal and the Pauper,7.4,1,1,1.0
3,Seymour Skinner,180,9,2,The Principal and the Pauper,7.4,220,18,12.222222222222221
33,Announcer,181,9,3,Lisa's Sax,8.1,53,5,10.6
208,Apu Nahasapeemapetilon,181,9,3,Lisa's Sax,8.1,24,5,4.8
8,Bart Simpson,181,9,3,Lisa's Sax,8.1,173,30,5.766666666666667
332,Dr. Julius Hibbert,181,9,3,Lisa's Sax,8.1,23,1,23.0
31,Grampa Simpson,181,9,3,Lisa's Sax,8.1,108,11,9.818181818181818
404,Groundskeeper Willie,181,9,3,Lisa's Sax,8.1,13,1,13.0
2,Homer Simpson,181,9,3,Lisa's Sax,8.1,633,73,8.67123287671233
211,Kent Brockman,181,9,3,Lisa's Sax,8.1,32,1,32.0
9,Lisa Simpson,181,9,3,Lisa's Sax,8.1,182,22,8.272727272727273
1,Marge Simpson,181,9,3,Lisa's Sax,8.1,457,41,11.146341463414634
25,Milhouse Van Houten,181,9,3,Lisa's Sax,8.1,24,4,6.0
17,Moe Szyslak,181,9,3,Lisa's Sax,8.1,21,4,5.25
11,Ned Flanders,181,9,3,Lisa's Sax,8.1,20,2,10.0
101,Nelson Muntz,181,9,3,Lisa's Sax,8.1,12,2,6.0
3,Seymour Skinner,181,9,3,Lisa's Sax,8.1,124,8,15.5
8,Bart Simpson,182,9,4,Treehouse of Horror VIII,8.1,191,23,8.304347826086957
801,Comic Book Guy,182,9,4,Treehouse of Horror VIII,8.1,19,2,9.5
2,Homer Simpson,182,9,4,Treehouse of Horror VIII,8.1,471,63,7.476190476190476
211,Kent Brockman,182,9,4,Treehouse of Horror VIII,8.1,55,3,18.333333333333332
9,Lisa Simpson,182,9,4,Treehouse of Horror VIII,8.1,188,22,8.545454545454545
1,Marge Simpson,182,9,4,Treehouse of Horror VIII,8.1,228,26,8.76923076923077
240,Mayor Joe Quimby,182,9,4,Treehouse of Horror VIII,8.1,20,2,10.0
101,Nelson Muntz,182,9,4,Treehouse of Horror VIII,8.1,2,1,2.0
33,Announcer,183,9,5,The Cartridge Family,8.2,58,4,14.5
208,Apu Nahasapeemapetilon,183,9,5,The Cartridge Family,8.2,10,1,10.0
8,Bart Simpson,183,9,5,The Cartridge Family,8.2,142,18,7.888888888888889
332,Dr. Julius Hibbert,183,9,5,The Cartridge Family,8.2,24,2,12.0
404,Groundskeeper Willie,183,9,5,The Cartridge Family,8.2,14,1,14.0
2,Homer Simpson,183,9,5,The Cartridge Family,8.2,904,94,9.617021276595745
211,Kent Brockman,183,9,5,The Cartridge Family,8.2,54,2,27.0
139,Krusty the Clown,183,9,5,The Cartridge Family,8.2,30,2,15.0
165,Lenny Leonard,183,9,5,The Cartridge Family,8.2,50,3,16.666666666666668
9,Lisa Simpson,183,9,5,The Cartridge Family,8.2,116,17,6.823529411764706
1,Marge Simpson,183,9,5,The Cartridge Family,8.2,310,34,9.117647058823529
240,Mayor Joe Quimby,183,9,5,The Cartridge Family,8.2,29,5,5.8
25,Milhouse Van Houten,183,9,5,The Cartridge Family,8.2,12,3,4.0
17,Moe Szyslak,183,9,5,The Cartridge Family,8.2,124,14,8.857142857142858
11,Ned Flanders,183,9,5,The Cartridge Family,8.2,20,2,10.0
3,Seymour Skinner,183,9,5,The Cartridge Family,8.2,7,2,3.5
208,Apu Nahasapeemapetilon,184,9,6,Bart Star,7.7,14,1,14.0
8,Bart Simpson,184,9,6,Bart Star,7.7,224,39,5.743589743589744
15,C. Montgomery Burns,184,9,6,Bart Star,7.7,1,1,1.0
71,Chief Wiggum,184,9,6,Bart Star,7.7,37,2,18.5
332,Dr. Julius Hibbert,184,9,6,Bart Star,7.7,21,2,10.5
31,Grampa Simpson,184,9,6,Bart Star,7.7,7,2,3.5
2,Homer Simpson,184,9,6,Bart Star,7.7,977,78,12.525641025641026
211,Kent Brockman,184,9,6,Bart Star,7.7,51,3,17.0
139,Krusty the Clown,184,9,6,Bart Star,7.7,5,1,5.0
9,Lisa Simpson,184,9,6,Bart Star,7.7,96,13,7.384615384615385
1,Marge Simpson,184,9,6,Bart Star,7.7,196,22,8.909090909090908
25,Milhouse Van Houten,184,9,6,Bart Star,7.7,21,4,5.25
11,Ned Flanders,184,9,6,Bart Star,7.7,168,20,8.4
101,Nelson Muntz,184,9,6,Bart Star,7.7,105,19,5.526315789473684
208,Apu Nahasapeemapetilon,185,9,7,The Two Mrs. Nahasapeemapetilons,7.7,738,67,11.014925373134329
8,Bart Simpson,185,9,7,The Two Mrs. Nahasapeemapetilons,7.7,51,11,4.636363636363637
170,Carl Carlson,185,9,7,The Two Mrs. Nahasapeemapetilons,7.7,8,1,8.0
31,Grampa Simpson,185,9,7,The Two Mrs. Nahasapeemapetilons,7.7,22,4,5.5
2,Homer Simpson,185,9,7,The Two Mrs. Nahasapeemapetilons,7.7,564,61,9.245901639344263
211,Kent Brockman,185,9,7,The Two Mrs. Nahasapeemapetilons,7.7,46,3,15.333333333333334
139,Krusty the Clown,185,9,7,The Two Mrs. Nahasapeemapetilons,7.7,121,11,11.0
165,Lenny Leonard,185,9,7,The Two Mrs. Nahasapeemapetilons,7.7,25,3,8.333333333333334
9,Lisa Simpson,185,9,7,The Two Mrs. Nahasapeemapetilons,7.7,81,11,7.363636363636363
1,Marge Simpson,185,9,7,The Two Mrs. Nahasapeemapetilons,7.7,162,17,9.529411764705882
17,Moe Szyslak,185,9,7,The Two Mrs. Nahasapeemapetilons,7.7,81,10,8.1
140,Rev. Timothy Lovejoy,185,9,7,The Two Mrs. Nahasapeemapetilons,7.7,32,3,10.666666666666666
8,Bart Simpson,186,9,8,Lisa the Skeptic,8.0,69,8,8.625
15,C. Montgomery Burns,186,9,8,Lisa the Skeptic,8.0,35,3,11.666666666666666
170,Carl Carlson,186,9,8,Lisa the Skeptic,8.0,9,1,9.0
71,Chief Wiggum,186,9,8,Lisa the Skeptic,8.0,130,13,10.0
332,Dr. Julius Hibbert,186,9,8,Lisa the Skeptic,8.0,59,3,19.666666666666668
40,Edna Krabappel-Flanders,186,9,8,Lisa the Skeptic,8.0,20,1,20.0
2,Homer Simpson,186,9,8,Lisa the Skeptic,8.0,386,38,10.157894736842104
211,Kent Brockman,186,9,8,Lisa the Skeptic,8.0,81,6,13.5
165,Lenny Leonard,186,9,8,Lisa the Skeptic,8.0,33,4,8.25
9,Lisa Simpson,186,9,8,Lisa the Skeptic,8.0,642,52,12.346153846153847
1,Marge Simpson,186,9,8,Lisa the Skeptic,8.0,168,14,12.0
240,Mayor Joe Quimby,186,9,8,Lisa the Skeptic,8.0,10,1,10.0
25,Milhouse Van Houten,186,9,8,Lisa the Skeptic,8.0,12,2,6.0
17,Moe Szyslak,186,9,8,Lisa the Skeptic,8.0,80,10,8.0
11,Ned Flanders,186,9,8,Lisa the Skeptic,8.0,140,10,14.0
140,Rev. Timothy Lovejoy,186,9,8,Lisa the Skeptic,8.0,64,5,12.8
3,Seymour Skinner,186,9,8,Lisa the Skeptic,8.0,122,7,17.428571428571427
14,Waylon Smithers,186,9,8,Lisa the Skeptic,8.0,31,3,10.333333333333334
8,Bart Simpson,187,9,9,Realty Bites,7.5,47,9,5.222222222222222
71,Chief Wiggum,187,9,9,Realty Bites,7.5,51,7,7.285714285714286
332,Dr. Julius Hibbert,187,9,9,Realty Bites,7.5,36,4,9.0
2,Homer Simpson,187,9,9,Realty Bites,7.5,350,55,6.363636363636363
165,Lenny Leonard,187,9,9,Realty Bites,7.5,7,1,7.0
9,Lisa Simpson,187,9,9,Realty Bites,7.5,134,11,12.181818181818182
1,Marge Simpson,187,9,9,Realty Bites,7.5,629,68,9.25
17,Moe Szyslak,187,9,9,Realty Bites,7.5,62,7,8.857142857142858
11,Ned Flanders,187,9,9,Realty Bites,7.5,261,19,13.736842105263158
3,Seymour Skinner,187,9,9,Realty Bites,7.5,22,3,7.333333333333333
208,Apu Nahasapeemapetilon,188,9,10,Miracle on Evergreen Terrace,7.6,21,4,5.25
8,Bart Simpson,188,9,10,Miracle on Evergreen Terrace,7.6,378,43,8.790697674418604
15,C. Montgomery Burns,188,9,10,Miracle on Evergreen Terrace,7.6,7,1,7.0
170,Carl Carlson,188,9,10,Miracle on Evergreen Terrace,7.6,4,1,4.0
71,Chief Wiggum,188,9,10,Miracle on Evergreen Terrace,7.6,25,4,6.25
332,Dr. Julius Hibbert,188,9,10,Miracle on Evergreen Terrace,7.6,3,1,3.0
40,Edna Krabappel-Flanders,188,9,10,Miracle on Evergreen Terrace,7.6,12,2,6.0
31,Grampa Simpson,188,9,10,Miracle on Evergreen Terrace,7.6,17,2,8.5
2,Homer Simpson,188,9,10,Miracle on Evergreen Terrace,7.6,468,52,9.0
211,Kent Brockman,188,9,10,Miracle on Evergreen Terrace,7.6,189,12,15.75
139,Krusty the Clown,188,9,10,Miracle on Evergreen Terrace,7.6,25,2,12.5
165,Lenny Leonard,188,9,10,Miracle on Evergreen Terrace,7.6,22,2,11.0
9,Lisa Simpson,188,9,10,Miracle on Evergreen Terrace,7.6,181,23,7.869565217391305
1,Marge Simpson,188,9,10,Miracle on Evergreen Terrace,7.6,359,41,8.75609756097561
25,Milhouse Van Houten,188,9,10,Miracle on Evergreen Terrace,7.6,11,2,5.5
17,Moe Szyslak,188,9,10,Miracle on Evergreen Terrace,7.6,85,9,9.444444444444445
11,Ned Flanders,188,9,10,Miracle on Evergreen Terrace,7.6,25,2,12.5
3,Seymour Skinner,188,9,10,Miracle on Evergreen Terrace,7.6,9,3,3.0
8,Bart Simpson,189,9,11,"All Singing, All Dancing",5.1,80,10,8.0
2,Homer Simpson,189,9,11,"All Singing, All Dancing",5.1,186,18,10.333333333333334
9,Lisa Simpson,189,9,11,"All Singing, All Dancing",5.1,97,9,10.777777777777779
1,Marge Simpson,189,9,11,"All Singing, All Dancing",5.1,130,14,9.285714285714286
8,Bart Simpson,190,9,12,Bart Carny,7.7,363,50,7.26
71,Chief Wiggum,190,9,12,Bart Carny,7.7,106,8,13.25
2,Homer Simpson,190,9,12,Bart Carny,7.7,629,75,8.386666666666667
139,Krusty the Clown,190,9,12,Bart Carny,7.7,19,2,9.5
9,Lisa Simpson,190,9,12,Bart Carny,7.7,159,25,6.36
1,Marge Simpson,190,9,12,Bart Carny,7.7,340,44,7.7272727272727275
11,Ned Flanders,190,9,12,Bart Carny,7.7,5,1,5.0
101,Nelson Muntz,190,9,12,Bart Carny,7.7,13,3,4.333333333333333
3,Seymour Skinner,190,9,12,Bart Carny,7.7,24,3,8.0
33,Announcer,191,9,13,The Joy of Sect,8.2,78,3,26.0
208,Apu Nahasapeemapetilon,191,9,13,The Joy of Sect,8.2,11,1,11.0
8,Bart Simpson,191,9,13,The Joy of Sect,8.2,118,11,10.727272727272727
15,C. Montgomery Burns,191,9,13,The Joy of Sect,8.2,112,9,12.444444444444445
170,Carl Carlson,191,9,13,The Joy of Sect,8.2,41,3,13.666666666666666
801,Comic Book Guy,191,9,13,The Joy of Sect,8.2,6,1,6.0
40,Edna Krabappel-Flanders,191,9,13,The Joy of Sect,8.2,47,4,11.75
404,Groundskeeper Willie,191,9,13,The Joy of Sect,8.2,107,12,8.916666666666666
2,Homer Simpson,191,9,13,The Joy of Sect,8.2,612,62,9.870967741935484
211,Kent Brockman,191,9,13,The Joy of Sect,8.2,126,7,18.0
165,Lenny Leonard,191,9,13,The Joy of Sect,8.2,11,1,11.0
9,Lisa Simpson,191,9,13,The Joy of Sect,8.2,111,16,6.9375
1,Marge Simpson,191,9,13,The Joy of Sect,8.2,293,31,9.451612903225806
17,Moe Szyslak,191,9,13,The Joy of Sect,8.2,88,9,9.777777777777779
11,Ned Flanders,191,9,13,The Joy of Sect,8.2,91,8,11.375
140,Rev. Timothy Lovejoy,191,9,13,The Joy of Sect,8.2,117,11,10.636363636363637
3,Seymour Skinner,191,9,13,The Joy of Sect,8.2,14,2,7.0
14,Waylon Smithers,191,9,13,The Joy of Sect,8.2,73,10,7.3
8,Bart Simpson,192,9,14,Das Bus,8.1,404,40,10.1
71,Chief Wiggum,192,9,14,Das Bus,8.1,18,1,18.0
801,Comic Book Guy,192,9,14,Das Bus,8.1,69,5,13.8
2,Homer Simpson,192,9,14,Das Bus,8.1,328,29,11.310344827586206
211,Kent Brockman,192,9,14,Das Bus,8.1,27,1,27.0
9,Lisa Simpson,192,9,14,Das Bus,8.1,320,35,9.142857142857142
1,Marge Simpson,192,9,14,Das Bus,8.1,94,12,7.833333333333333
25,Milhouse Van Houten,192,9,14,Das Bus,8.1,204,28,7.285714285714286
11,Ned Flanders,192,9,14,Das Bus,8.1,31,4,7.75
101,Nelson Muntz,192,9,14,Das Bus,8.1,188,30,6.266666666666667
3,Seymour Skinner,192,9,14,Das Bus,8.1,117,10,11.7
33,Announcer,193,9,15,The Last Temptation of Krust,7.5,17,2,8.5
208,Apu Nahasapeemapetilon,193,9,15,The Last Temptation of Krust,7.5,9,1,9.0
8,Bart Simpson,193,9,15,The Last Temptation of Krust,7.5,302,39,7.743589743589744
170,Carl Carlson,193,9,15,The Last Temptation of Krust,7.5,16,1,16.0
71,Chief Wiggum,193,9,15,The Last Temptation of Krust,7.5,4,1,4.0
332,Dr. Julius Hibbert,193,9,15,The Last Temptation of Krust,7.5,8,1,8.0
2,Homer Simpson,193,9,15,The Last Temptation of Krust,7.5,190,26,7.3076923076923075
211,Kent Brockman,193,9,15,The Last Temptation of Krust,7.5,46,1,46.0
139,Krusty the Clown,193,9,15,The Last Temptation of Krust,7.5,985,69,14.27536231884058
165,Lenny Leonard,193,9,15,The Last Temptation of Krust,7.5,24,2,12.0
9,Lisa Simpson,193,9,15,The Last Temptation of Krust,7.5,83,11,7.545454545454546
1,Marge Simpson,193,9,15,The Last Temptation of Krust,7.5,146,15,9.733333333333333
17,Moe Szyslak,193,9,15,The Last Temptation of Krust,7.5,46,3,15.333333333333334
3,Seymour Skinner,193,9,15,The Last Temptation of Krust,7.5,12,1,12.0
8,Bart Simpson,194,9,16,Dumbbell Indemnity,7.6,44,7,6.285714285714286
71,Chief Wiggum,194,9,16,Dumbbell Indemnity,7.6,112,12,9.333333333333334
2,Homer Simpson,194,9,16,Dumbbell Indemnity,7.6,608,64,9.5
165,Lenny Leonard,194,9,16,Dumbbell Indemnity,7.6,5,1,5.0
9,Lisa Simpson,194,9,16,Dumbbell Indemnity,7.6,29,4,7.25
1,Marge Simpson,194,9,16,Dumbbell Indemnity,7.6,71,8,8.875
17,Moe Szyslak,194,9,16,Dumbbell Indemnity,7.6,1217,89,13.674157303370787
33,Announcer,195,9,17,Lisa the Simpson,8.0,23,3,7.666666666666667
208,Apu Nahasapeemapetilon,195,9,17,Lisa the Simpson,8.0,193,16,12.0625
8,Bart Simpson,195,9,17,Lisa the Simpson,8.0,147,20,7.35
71,Chief Wiggum,195,9,17,Lisa the Simpson,8.0,26,2,13.0
332,Dr. Julius Hibbert,195,9,17,Lisa the Simpson,8.0,58,4,14.5
31,Grampa Simpson,195,9,17,Lisa the Simpson,8.0,189,13,14.538461538461538
2,Homer Simpson,195,9,17,Lisa the Simpson,8.0,319,32,9.96875
211,Kent Brockman,195,9,17,Lisa the Simpson,8.0,33,2,16.5
9,Lisa Simpson,195,9,17,Lisa the Simpson,8.0,703,67,10.492537313432836
1,Marge Simpson,195,9,17,Lisa the Simpson,8.0,141,15,9.4
25,Milhouse Van Houten,195,9,17,Lisa the Simpson,8.0,39,7,5.571428571428571
11,Ned Flanders,195,9,17,Lisa the Simpson,8.0,11,1,11.0
101,Nelson Muntz,195,9,17,Lisa the Simpson,8.0,33,4,8.25
3,Seymour Skinner,195,9,17,Lisa the Simpson,8.0,3,1,3.0
33,Announcer,196,9,18,This Little Wiggy,7.8,17,1,17.0
8,Bart Simpson,196,9,18,This Little Wiggy,7.8,712,91,7.824175824175824
15,C. Montgomery Burns,196,9,18,This Little Wiggy,7.8,31,2,15.5
71,Chief Wiggum,196,9,18,This Little Wiggy,7.8,194,17,11.411764705882353
40,Edna Krabappel-Flanders,196,9,18,This Little Wiggy,7.8,12,2,6.0
2,Homer Simpson,196,9,18,This Little Wiggy,7.8,141,11,12.818181818181818
211,Kent Brockman,196,9,18,This Little Wiggy,7.8,13,1,13.0
139,Krusty the Clown,196,9,18,This Little Wiggy,7.8,4,1,4.0
9,Lisa Simpson,196,9,18,This Little Wiggy,7.8,42,7,6.0
1,Marge Simpson,196,9,18,This Little Wiggy,7.8,239,25,9.56
240,Mayor Joe Quimby,196,9,18,This Little Wiggy,7.8,98,4,24.5
25,Milhouse Van Houten,196,9,18,This Little Wiggy,7.8,6,2,3.0
101,Nelson Muntz,196,9,18,This Little Wiggy,7.8,62,8,7.75
3,Seymour Skinner,196,9,18,This Little Wiggy,7.8,50,7,7.142857142857143
14,Waylon Smithers,196,9,18,This Little Wiggy,7.8,7,1,7.0
33,Announcer,197,9,19,Simpson Tide,8.3,19,2,9.5
208,Apu Nahasapeemapetilon,197,9,19,Simpson Tide,8.3,22,3,7.333333333333333
8,Bart Simpson,197,9,19,Simpson Tide,8.3,146,18,8.11111111111111
15,C. Montgomery Burns,197,9,19,Simpson Tide,8.3,44,4,11.0
170,Carl Carlson,197,9,19,Simpson Tide,8.3,8,1,8.0
31,Grampa Simpson,197,9,19,Simpson Tide,8.3,60,3,20.0
2,Homer Simpson,197,9,19,Simpson Tide,8.3,656,93,7.053763440860215
211,Kent Brockman,197,9,19,Simpson Tide,8.3,32,2,16.0
165,Lenny Leonard,197,9,19,Simpson Tide,8.3,14,2,7.0
9,Lisa Simpson,197,9,19,Simpson Tide,8.3,62,8,7.75
1,Marge Simpson,197,9,19,Simpson Tide,8.3,67,10,6.7
25,Milhouse Van Houten,197,9,19,Simpson Tide,8.3,31,5,6.2
17,Moe Szyslak,197,9,19,Simpson Tide,8.3,92,12,7.666666666666667
101,Nelson Muntz,197,9,19,Simpson Tide,8.3,2,1,2.0
3,Seymour Skinner,197,9,19,Simpson Tide,8.3,73,5,14.6
14,Waylon Smithers,197,9,19,Simpson Tide,8.3,26,2,13.0
208,Apu Nahasapeemapetilon,198,9,20,The Trouble with Trillions,7.9,1,1,1.0
8,Bart Simpson,198,9,20,The Trouble with Trillions,7.9,33,3,11.0
15,C. Montgomery Burns,198,9,20,The Trouble with Trillions,7.9,622,47,13.23404255319149
170,Carl Carlson,198,9,20,The Trouble with Trillions,7.9,20,2,10.0
71,Chief Wiggum,198,9,20,The Trouble with Trillions,7.9,42,3,14.0
332,Dr. Julius Hibbert,198,9,20,The Trouble with Trillions,7.9,9,1,9.0
40,Edna Krabappel-Flanders,198,9,20,The Trouble with Trillions,7.9,12,1,12.0
2,Homer Simpson,198,9,20,The Trouble with Trillions,7.9,600,68,8.823529411764707
211,Kent Brockman,198,9,20,The Trouble with Trillions,7.9,89,5,17.8
139,Krusty the Clown,198,9,20,The Trouble with Trillions,7.9,5,1,5.0
165,Lenny Leonard,198,9,20,The Trouble with Trillions,7.9,32,3,10.666666666666666
9,Lisa Simpson,198,9,20,The Trouble with Trillions,7.9,44,5,8.8
1,Marge Simpson,198,9,20,The Trouble with Trillions,7.9,53,6,8.833333333333334
25,Milhouse Van Houten,198,9,20,The Trouble with Trillions,7.9,4,1,4.0
17,Moe Szyslak,198,9,20,The Trouble with Trillions,7.9,70,5,14.0
11,Ned Flanders,198,9,20,The Trouble with Trillions,7.9,80,5,16.0
3,Seymour Skinner,198,9,20,The Trouble with Trillions,7.9,14,2,7.0
14,Waylon Smithers,198,9,20,The Trouble with Trillions,7.9,105,13,8.076923076923077
33,Announcer,199,9,21,Girly Edition,7.9,20,2,10.0
208,Apu Nahasapeemapetilon,199,9,21,Girly Edition,7.9,26,1,26.0
8,Bart Simpson,199,9,21,Girly Edition,7.9,662,52,12.73076923076923
15,C. Montgomery Burns,199,9,21,Girly Edition,7.9,12,2,6.0
31,Grampa Simpson,199,9,21,Girly Edition,7.9,21,3,7.0
404,Groundskeeper Willie,199,9,21,Girly Edition,7.9,148,17,8.705882352941176
2,Homer Simpson,199,9,21,Girly Edition,7.9,184,25,7.36
211,Kent Brockman,199,9,21,Girly Edition,7.9,148,8,18.5
139,Krusty the Clown,199,9,21,Girly Edition,7.9,96,6,16.0
9,Lisa Simpson,199,9,21,Girly Edition,7.9,594,50,11.88
1,Marge Simpson,199,9,21,Girly Edition,7.9,188,15,12.533333333333333
25,Milhouse Van Houten,199,9,21,Girly Edition,7.9,26,4,6.5
101,Nelson Muntz,199,9,21,Girly Edition,7.9,26,5,5.2
3,Seymour Skinner,199,9,21,Girly Edition,7.9,54,5,10.8
14,Waylon Smithers,199,9,21,Girly Edition,7.9,6,1,6.0
208,Apu Nahasapeemapetilon,200,9,22,Trash of the Titans,8.5,2,1,2.0
8,Bart Simpson,200,9,22,Trash of the Titans,8.5,57,10,5.7
15,C. Montgomery Burns,200,9,22,Trash of the Titans,8.5,1,1,1.0
170,Carl Carlson,200,9,22,Trash of the Titans,8.5,18,1,18.0
71,Chief Wiggum,200,9,22,Trash of the Titans,8.5,20,2,10.0
2,Homer Simpson,200,9,22,Trash of the Titans,8.5,1072,104,10.307692307692308
165,Lenny Leonard,200,9,22,Trash of the Titans,8.5,35,4,8.75
9,Lisa Simpson,200,9,22,Trash of the Titans,8.5,138,15,9.2
1,Marge Simpson,200,9,22,Trash of the Titans,8.5,216,23,9.391304347826088
240,Mayor Joe Quimby,200,9,22,Trash of the Titans,8.5,113,11,10.272727272727273
17,Moe Szyslak,200,9,22,Trash of the Titans,8.5,83,9,9.222222222222221
11,Ned Flanders,200,9,22,Trash of the Titans,8.5,47,6,7.833333333333333
3,Seymour Skinner,200,9,22,Trash of the Titans,8.5,4,1,4.0
208,Apu Nahasapeemapetilon,201,9,23,King of the Hill,8.3,49,3,16.333333333333332
8,Bart Simpson,201,9,23,King of the Hill,8.3,250,28,8.928571428571429
15,C. Montgomery Burns,201,9,23,King of the Hill,8.3,20,2,10.0
71,Chief Wiggum,201,9,23,King of the Hill,8.3,19,1,19.0
801,Comic Book Guy,201,9,23,King of the Hill,8.3,13,1,13.0
332,Dr. Julius Hibbert,201,9,23,King of the Hill,8.3,15,1,15.0
31,Grampa Simpson,201,9,23,King of the Hill,8.3,116,8,14.5
2,Homer Simpson,201,9,23,King of the Hill,8.3,885,82,10.792682926829269
9,Lisa Simpson,201,9,23,King of the Hill,8.3,35,5,7.0
1,Marge Simpson,201,9,23,King of the Hill,8.3,126,16,7.875
25,Milhouse Van Houten,201,9,23,King of the Hill,8.3,31,4,7.75
11,Ned Flanders,201,9,23,King of the Hill,8.3,11,1,11.0
101,Nelson Muntz,201,9,23,King of the Hill,8.3,12,2,6.0
140,Rev. Timothy Lovejoy,201,9,23,King of the Hill,8.3,11,2,5.5
14,Waylon Smithers,201,9,23,King of the Hill,8.3,6,1,6.0
8,Bart Simpson,202,9,24,Lost Our Lisa,7.7,231,27,8.555555555555555
15,C. Montgomery Burns,202,9,24,Lost Our Lisa,7.7,24,3,8.0
170,Carl Carlson,202,9,24,Lost Our Lisa,7.7,38,4,9.5
71,Chief Wiggum,202,9,24,Lost Our Lisa,7.7,24,2,12.0
801,Comic Book Guy,202,9,24,Lost Our Lisa,7.7,12,1,12.0
332,Dr. Julius Hibbert,202,9,24,Lost Our Lisa,7.7,99,5,19.8
2,Homer Simpson,202,9,24,Lost Our Lisa,7.7,578,55,10.50909090909091
165,Lenny Leonard,202,9,24,Lost Our Lisa,7.7,15,2,7.5
9,Lisa Simpson,202,9,24,Lost Our Lisa,7.7,645,71,9.084507042253522
1,Marge Simpson,202,9,24,Lost Our Lisa,7.7,181,18,10.055555555555555
25,Milhouse Van Houten,202,9,24,Lost Our Lisa,7.7,72,8,9.0
17,Moe Szyslak,202,9,24,Lost Our Lisa,7.7,11,3,3.6666666666666665
3,Seymour Skinner,202,9,24,Lost Our Lisa,7.7,4,1,4.0
33,Announcer,203,9,25,Natural Born Kissers,8.1,39,3,13.0
8,Bart Simpson,203,9,25,Natural Born Kissers,8.1,173,21,8.238095238095237
170,Carl Carlson,203,9,25,Natural Born Kissers,8.1,32,4,8.0
71,Chief Wiggum,203,9,25,Natural Born Kissers,8.1,48,5,9.6
40,Edna Krabappel-Flanders,203,9,25,Natural Born Kissers,8.1,16,2,8.0
31,Grampa Simpson,203,9,25,Natural Born Kissers,8.1,110,12,9.166666666666666
2,Homer Simpson,203,9,25,Natural Born Kissers,8.1,620,80,7.75
165,Lenny Leonard,203,9,25,Natural Born Kissers,8.1,26,4,6.5
9,Lisa Simpson,203,9,25,Natural Born Kissers,8.1,101,17,5.9411764705882355
1,Marge Simpson,203,9,25,Natural Born Kissers,8.1,454,64,7.09375
17,Moe Szyslak,203,9,25,Natural Born Kissers,8.1,19,2,9.5
11,Ned Flanders,203,9,25,Natural Born Kissers,8.1,51,7,7.285714285714286
3,Seymour Skinner,203,9,25,Natural Born Kissers,8.1,6,1,6.0
208,Apu Nahasapeemapetilon,204,10,1,Lard of the Dance,7.6,62,4,15.5
8,Bart Simpson,204,10,1,Lard of the Dance,7.6,151,19,7.947368421052632
404,Groundskeeper Willie,204,10,1,Lard of the Dance,7.6,96,8,12.0
2,Homer Simpson,204,10,1,Lard of the Dance,7.6,533,51,10.450980392156863
139,Krusty the Clown,204,10,1,Lard of the Dance,7.6,19,1,19.0
9,Lisa Simpson,204,10,1,Lard of the Dance,7.6,653,75,8.706666666666667
1,Marge Simpson,204,10,1,Lard of the Dance,7.6,179,12,14.916666666666666
25,Milhouse Van Houten,204,10,1,Lard of the Dance,7.6,114,15,7.6
101,Nelson Muntz,204,10,1,Lard of the Dance,7.6,58,8,7.25
3,Seymour Skinner,204,10,1,Lard of the Dance,7.6,205,17,12.058823529411764
8,Bart Simpson,205,10,2,The Wizard of Evergreen Terrace,8.2,174,29,6.0
170,Carl Carlson,205,10,2,The Wizard of Evergreen Terrace,8.2,7,1,7.0
31,Grampa Simpson,205,10,2,The Wizard of Evergreen Terrace,8.2,19,4,4.75
2,Homer Simpson,205,10,2,The Wizard of Evergreen Terrace,8.2,1364,104,13.115384615384615
211,Kent Brockman,205,10,2,The Wizard of Evergreen Terrace,8.2,75,4,18.75
165,Lenny Leonard,205,10,2,The Wizard of Evergreen Terrace,8.2,55,3,18.333333333333332
9,Lisa Simpson,205,10,2,The Wizard of Evergreen Terrace,8.2,124,19,6.526315789473684
1,Marge Simpson,205,10,2,The Wizard of Evergreen Terrace,8.2,253,28,9.035714285714286
17,Moe Szyslak,205,10,2,The Wizard of Evergreen Terrace,8.2,34,2,17.0
208,Apu Nahasapeemapetilon,206,10,3,Bart the Mother,7.5,7,2,3.5
8,Bart Simpson,206,10,3,Bart the Mother,7.5,524,69,7.594202898550725
15,C. Montgomery Burns,206,10,3,Bart the Mother,7.5,34,3,11.333333333333334
40,Edna Krabappel-Flanders,206,10,3,Bart the Mother,7.5,10,1,10.0
2,Homer Simpson,206,10,3,Bart the Mother,7.5,280,39,7.17948717948718
211,Kent Brockman,206,10,3,Bart the Mother,7.5,54,2,27.0
9,Lisa Simpson,206,10,3,Bart the Mother,7.5,187,24,7.791666666666667
1,Marge Simpson,206,10,3,Bart the Mother,7.5,422,51,8.27450980392157
240,Mayor Joe Quimby,206,10,3,Bart the Mother,7.5,25,1,25.0
25,Milhouse Van Houten,206,10,3,Bart the Mother,7.5,10,3,3.3333333333333335
17,Moe Szyslak,206,10,3,Bart the Mother,7.5,18,5,3.6
101,Nelson Muntz,206,10,3,Bart the Mother,7.5,274,29,9.448275862068966
140,Rev. Timothy Lovejoy,206,10,3,Bart the Mother,7.5,5,1,5.0
3,Seymour Skinner,206,10,3,Bart the Mother,7.5,302,21,14.380952380952381
14,Waylon Smithers,206,10,3,Bart the Mother,7.5,2,1,2.0
208,Apu Nahasapeemapetilon,207,10,4,Treehouse of Horror IX,8.0,33,4,8.25
8,Bart Simpson,207,10,4,Treehouse of Horror IX,8.0,181,36,5.027777777777778
71,Chief Wiggum,207,10,4,Treehouse of Horror IX,8.0,175,15,11.666666666666666
332,Dr. Julius Hibbert,207,10,4,Treehouse of Horror IX,8.0,5,1,5.0
2,Homer Simpson,207,10,4,Treehouse of Horror IX,8.0,322,52,6.1923076923076925
211,Kent Brockman,207,10,4,Treehouse of Horror IX,8.0,45,2,22.5
139,Krusty the Clown,207,10,4,Treehouse of Horror IX,8.0,25,2,12.5
9,Lisa Simpson,207,10,4,Treehouse of Horror IX,8.0,94,22,4.2727272727272725
1,Marge Simpson,207,10,4,Treehouse of Horror IX,8.0,286,31,9.225806451612904
17,Moe Szyslak,207,10,4,Treehouse of Horror IX,8.0,39,4,9.75
208,Apu Nahasapeemapetilon,208,10,5,When You Dish Upon a Star,7.3,40,6,6.666666666666667
8,Bart Simpson,208,10,5,When You Dish Upon a Star,7.3,80,10,8.0
170,Carl Carlson,208,10,5,When You Dish Upon a Star,7.3,19,3,6.333333333333333
71,Chief Wiggum,208,10,5,When You Dish Upon a Star,7.3,10,2,5.0
801,Comic Book Guy,208,10,5,When You Dish Upon a Star,7.3,28,1,28.0
2,Homer Simpson,208,10,5,When You Dish Upon a Star,7.3,1216,111,10.954954954954955
139,Krusty the Clown,208,10,5,When You Dish Upon a Star,7.3,6,1,6.0
165,Lenny Leonard,208,10,5,When You Dish Upon a Star,7.3,19,3,6.333333333333333
9,Lisa Simpson,208,10,5,When You Dish Upon a Star,7.3,73,10,7.3
1,Marge Simpson,208,10,5,When You Dish Upon a Star,7.3,103,16,6.4375
17,Moe Szyslak,208,10,5,When You Dish Upon a Star,7.3,89,9,9.88888888888889
11,Ned Flanders,208,10,5,When You Dish Upon a Star,7.3,25,2,12.5
14,Waylon Smithers,208,10,5,When You Dish Upon a Star,7.3,29,1,29.0
8,Bart Simpson,209,10,6,D'oh-in' in the Wind,7.6,71,9,7.888888888888889
15,C. Montgomery Burns,209,10,6,D'oh-in' in the Wind,7.6,110,12,9.166666666666666
170,Carl Carlson,209,10,6,D'oh-in' in the Wind,7.6,14,4,3.5
71,Chief Wiggum,209,10,6,D'oh-in' in the Wind,7.6,66,8,8.25
332,Dr. Julius Hibbert,209,10,6,D'oh-in' in the Wind,7.6,26,3,8.666666666666666
31,Grampa Simpson,209,10,6,D'oh-in' in the Wind,7.6,185,13,14.23076923076923
404,Groundskeeper Willie,209,10,6,D'oh-in' in the Wind,7.6,10,3,3.3333333333333335
2,Homer Simpson,209,10,6,D'oh-in' in the Wind,7.6,961,82,11.71951219512195
211,Kent Brockman,209,10,6,D'oh-in' in the Wind,7.6,45,2,22.5
139,Krusty the Clown,209,10,6,D'oh-in' in the Wind,7.6,1,1,1.0
165,Lenny Leonard,209,10,6,D'oh-in' in the Wind,7.6,19,3,6.333333333333333
9,Lisa Simpson,209,10,6,D'oh-in' in the Wind,7.6,76,6,12.666666666666666
1,Marge Simpson,209,10,6,D'oh-in' in the Wind,7.6,123,15,8.2
11,Ned Flanders,209,10,6,D'oh-in' in the Wind,7.6,5,1,5.0
3,Seymour Skinner,209,10,6,D'oh-in' in the Wind,7.6,20,1,20.0
14,Waylon Smithers,209,10,6,D'oh-in' in the Wind,7.6,33,5,6.6
8,Bart Simpson,210,10,7,"Lisa Gets an ""A""",8.0,180,19,9.473684210526315
40,Edna Krabappel-Flanders,210,10,7,"Lisa Gets an ""A""",8.0,23,3,7.666666666666667
1078,Gary Chalmers,210,10,7,"Lisa Gets an ""A""",8.0,102,7,14.571428571428571
404,Groundskeeper Willie,210,10,7,"Lisa Gets an ""A""",8.0,36,4,9.0
2,Homer Simpson,210,10,7,"Lisa Gets an ""A""",8.0,432,50,8.64
9,Lisa Simpson,210,10,7,"Lisa Gets an ""A""",8.0,539,62,8.693548387096774
1,Marge Simpson,210,10,7,"Lisa Gets an ""A""",8.0,294,31,9.483870967741936
25,Milhouse Van Houten,210,10,7,"Lisa Gets an ""A""",8.0,1,1,1.0
101,Nelson Muntz,210,10,7,"Lisa Gets an ""A""",8.0,76,8,9.5
140,Rev. Timothy Lovejoy,210,10,7,"Lisa Gets an ""A""",8.0,28,4,7.0
3,Seymour Skinner,210,10,7,"Lisa Gets an ""A""",8.0,339,23,14.73913043478261
8,Bart Simpson,211,10,8,"Homer Simpson in: ""Kidney Trouble""",7.3,91,11,8.272727272727273
170,Carl Carlson,211,10,8,"Homer Simpson in: ""Kidney Trouble""",7.3,36,3,12.0
332,Dr. Julius Hibbert,211,10,8,"Homer Simpson in: ""Kidney Trouble""",7.3,161,15,10.733333333333333
31,Grampa Simpson,211,10,8,"Homer Simpson in: ""Kidney Trouble""",7.3,231,37,6.243243243243243
2,Homer Simpson,211,10,8,"Homer Simpson in: ""Kidney Trouble""",7.3,824,88,9.363636363636363
139,Krusty the Clown,211,10,8,"Homer Simpson in: ""Kidney Trouble""",7.3,59,5,11.8
165,Lenny Leonard,211,10,8,"Homer Simpson in: ""Kidney Trouble""",7.3,28,1,28.0
9,Lisa Simpson,211,10,8,"Homer Simpson in: ""Kidney Trouble""",7.3,97,13,7.461538461538462
1,Marge Simpson,211,10,8,"Homer Simpson in: ""Kidney Trouble""",7.3,217,28,7.75
17,Moe Szyslak,211,10,8,"Homer Simpson in: ""Kidney Trouble""",7.3,65,4,16.25
140,Rev. Timothy Lovejoy,211,10,8,"Homer Simpson in: ""Kidney Trouble""",7.3,14,1,14.0
8,Bart Simpson,212,10,9,Mayored to the Mob,8.2,89,10,8.9
170,Carl Carlson,212,10,9,Mayored to the Mob,8.2,12,1,12.0
71,Chief Wiggum,212,10,9,Mayored to the Mob,8.2,20,3,6.666666666666667
801,Comic Book Guy,212,10,9,Mayored to the Mob,8.2,53,4,13.25
40,Edna Krabappel-Flanders,212,10,9,Mayored to the Mob,8.2,3,1,3.0
404,Groundskeeper Willie,212,10,9,Mayored to the Mob,8.2,5,1,5.0
2,Homer Simpson,212,10,9,Mayored to the Mob,8.2,632,77,8.207792207792208
211,Kent Brockman,212,10,9,Mayored to the Mob,8.2,31,3,10.333333333333334
165,Lenny Leonard,212,10,9,Mayored to the Mob,8.2,15,1,15.0
9,Lisa Simpson,212,10,9,Mayored to the Mob,8.2,44,6,7.333333333333333
1,Marge Simpson,212,10,9,Mayored to the Mob,8.2,96,12,8.0
240,Mayor Joe Quimby,212,10,9,Mayored to the Mob,8.2,322,32,10.0625
25,Milhouse Van Houten,212,10,9,Mayored to the Mob,8.2,9,3,3.0
17,Moe Szyslak,212,10,9,Mayored to the Mob,8.2,93,7,13.285714285714286
11,Ned Flanders,212,10,9,Mayored to the Mob,8.2,12,1,12.0
3,Seymour Skinner,212,10,9,Mayored to the Mob,8.2,1,1,1.0
33,Announcer,213,10,10,Viva Ned Flanders,7.8,55,3,18.333333333333332
8,Bart Simpson,213,10,10,Viva Ned Flanders,7.8,27,5,5.4
15,C. Montgomery Burns,213,10,10,Viva Ned Flanders,7.8,20,2,10.0
170,Carl Carlson,213,10,10,Viva Ned Flanders,7.8,17,2,8.5
801,Comic Book Guy,213,10,10,Viva Ned Flanders,7.8,28,1,28.0
40,Edna Krabappel-Flanders,213,10,10,Viva Ned Flanders,7.8,9,1,9.0
31,Grampa Simpson,213,10,10,Viva Ned Flanders,7.8,6,2,3.0
2,Homer Simpson,213,10,10,Viva Ned Flanders,7.8,911,106,8.59433962264151
211,Kent Brockman,213,10,10,Viva Ned Flanders,7.8,50,2,25.0
165,Lenny Leonard,213,10,10,Viva Ned Flanders,7.8,15,3,5.0
9,Lisa Simpson,213,10,10,Viva Ned Flanders,7.8,43,4,10.75
1,Marge Simpson,213,10,10,Viva Ned Flanders,7.8,99,10,9.9
17,Moe Szyslak,213,10,10,Viva Ned Flanders,7.8,9,2,4.5
11,Ned Flanders,213,10,10,Viva Ned Flanders,7.8,695,65,10.692307692307692
140,Rev. Timothy Lovejoy,213,10,10,Viva Ned Flanders,7.8,40,2,20.0
14,Waylon Smithers,213,10,10,Viva Ned Flanders,7.8,15,2,7.5
8,Bart Simpson,214,10,11,Wild Barts Can't Be Broken,7.7,266,30,8.866666666666667
170,Carl Carlson,214,10,11,Wild Barts Can't Be Broken,7.7,13,3,4.333333333333333
71,Chief Wiggum,214,10,11,Wild Barts Can't Be Broken,7.7,201,18,11.166666666666666
332,Dr. Julius Hibbert,214,10,11,Wild Barts Can't Be Broken,7.7,3,1,3.0
40,Edna Krabappel-Flanders,214,10,11,Wild Barts Can't Be Broken,7.7,10,1,10.0
1078,Gary Chalmers,214,10,11,Wild Barts Can't Be Broken,7.7,6,2,3.0
31,Grampa Simpson,214,10,11,Wild Barts Can't Be Broken,7.7,23,4,5.75
2,Homer Simpson,214,10,11,Wild Barts Can't Be Broken,7.7,330,44,7.5
211,Kent Brockman,214,10,11,Wild Barts Can't Be Broken,7.7,92,7,13.142857142857142
139,Krusty the Clown,214,10,11,Wild Barts Can't Be Broken,7.7,14,2,7.0
165,Lenny Leonard,214,10,11,Wild Barts Can't Be Broken,7.7,19,6,3.1666666666666665
9,Lisa Simpson,214,10,11,Wild Barts Can't Be Broken,7.7,191,26,7.346153846153846
1,Marge Simpson,214,10,11,Wild Barts Can't Be Broken,7.7,161,20,8.05
240,Mayor Joe Quimby,214,10,11,Wild Barts Can't Be Broken,7.7,42,3,14.0
25,Milhouse Van Houten,214,10,11,Wild Barts Can't Be Broken,7.7,99,12,8.25
17,Moe Szyslak,214,10,11,Wild Barts Can't Be Broken,7.7,28,4,7.0
101,Nelson Muntz,214,10,11,Wild Barts Can't Be Broken,7.7,42,9,4.666666666666667
140,Rev. Timothy Lovejoy,214,10,11,Wild Barts Can't Be Broken,7.7,10,1,10.0
3,Seymour Skinner,214,10,11,Wild Barts Can't Be Broken,7.7,52,7,7.428571428571429
208,Apu Nahasapeemapetilon,215,10,12,"Sunday, Cruddy Sunday",6.9,14,1,14.0
8,Bart Simpson,215,10,12,"Sunday, Cruddy Sunday",6.9,83,16,5.1875
170,Carl Carlson,215,10,12,"Sunday, Cruddy Sunday",6.9,19,2,9.5
71,Chief Wiggum,215,10,12,"Sunday, Cruddy Sunday",6.9,65,8,8.125
332,Dr. Julius Hibbert,215,10,12,"Sunday, Cruddy Sunday",6.9,13,1,13.0
2,Homer Simpson,215,10,12,"Sunday, Cruddy Sunday",6.9,545,69,7.898550724637682
139,Krusty the Clown,215,10,12,"Sunday, Cruddy Sunday",6.9,49,6,8.166666666666666
165,Lenny Leonard,215,10,12,"Sunday, Cruddy Sunday",6.9,35,10,3.5
9,Lisa Simpson,215,10,12,"Sunday, Cruddy Sunday",6.9,117,16,7.3125
1,Marge Simpson,215,10,12,"Sunday, Cruddy Sunday",6.9,149,18,8.277777777777779
25,Milhouse Van Houten,215,10,12,"Sunday, Cruddy Sunday",6.9,6,1,6.0
17,Moe Szyslak,215,10,12,"Sunday, Cruddy Sunday",6.9,71,6,11.833333333333334
11,Ned Flanders,215,10,12,"Sunday, Cruddy Sunday",6.9,35,3,11.666666666666666
101,Nelson Muntz,215,10,12,"Sunday, Cruddy Sunday",6.9,7,1,7.0
140,Rev. Timothy Lovejoy,215,10,12,"Sunday, Cruddy Sunday",6.9,5,1,5.0
3,Seymour Skinner,215,10,12,"Sunday, Cruddy Sunday",6.9,50,6,8.333333333333334
33,Announcer,216,10,13,Homer to the Max,7.7,36,4,9.0
8,Bart Simpson,216,10,13,Homer to the Max,7.7,23,7,3.2857142857142856
15,C. Montgomery Burns,216,10,13,Homer to the Max,7.7,30,3,10.0
170,Carl Carlson,216,10,13,Homer to the Max,7.7,51,7,7.285714285714286
71,Chief Wiggum,216,10,13,Homer to the Max,7.7,122,17,7.176470588235294
801,Comic Book Guy,216,10,13,Homer to the Max,7.7,17,2,8.5
31,Grampa Simpson,216,10,13,Homer to the Max,7.7,41,1,41.0
2,Homer Simpson,216,10,13,Homer to the Max,7.7,1004,106,9.471698113207546
139,Krusty the Clown,216,10,13,Homer to the Max,7.7,48,2,24.0
165,Lenny Leonard,216,10,13,Homer to the Max,7.7,41,7,5.857142857142857
9,Lisa Simpson,216,10,13,Homer to the Max,7.7,85,9,9.444444444444445
1,Marge Simpson,216,10,13,Homer to the Max,7.7,308,38,8.105263157894736
17,Moe Szyslak,216,10,13,Homer to the Max,7.7,48,5,9.6
101,Nelson Muntz,216,10,13,Homer to the Max,7.7,2,1,2.0
208,Apu Nahasapeemapetilon,217,10,14,I'm with Cupid,7.3,361,35,10.314285714285715
8,Bart Simpson,217,10,14,I'm with Cupid,7.3,94,13,7.230769230769231
71,Chief Wiggum,217,10,14,I'm with Cupid,7.3,151,13,11.615384615384615
332,Dr. Julius Hibbert,217,10,14,I'm with Cupid,7.3,41,5,8.2
40,Edna Krabappel-Flanders,217,10,14,I'm with Cupid,7.3,19,2,9.5
2,Homer Simpson,217,10,14,I'm with Cupid,7.3,555,61,9.098360655737705
211,Kent Brockman,217,10,14,I'm with Cupid,7.3,43,2,21.5
165,Lenny Leonard,217,10,14,I'm with Cupid,7.3,5,1,5.0
9,Lisa Simpson,217,10,14,I'm with Cupid,7.3,34,4,8.5
1,Marge Simpson,217,10,14,I'm with Cupid,7.3,403,47,8.574468085106384
17,Moe Szyslak,217,10,14,I'm with Cupid,7.3,106,12,8.833333333333334
11,Ned Flanders,217,10,14,I'm with Cupid,7.3,71,4,17.75
101,Nelson Muntz,217,10,14,I'm with Cupid,7.3,15,2,7.5
3,Seymour Skinner,217,10,14,I'm with Cupid,7.3,8,1,8.0
8,Bart Simpson,218,10,15,"Marge Simpson in: ""Screaming Yellow Honkers""",7.3,122,17,7.176470588235294
170,Carl Carlson,218,10,15,"Marge Simpson in: ""Screaming Yellow Honkers""",7.3,25,3,8.333333333333334
71,Chief Wiggum,218,10,15,"Marge Simpson in: ""Screaming Yellow Honkers""",7.3,245,20,12.25
40,Edna Krabappel-Flanders,218,10,15,"Marge Simpson in: ""Screaming Yellow Honkers""",7.3,21,2,10.5
1078,Gary Chalmers,218,10,15,"Marge Simpson in: ""Screaming Yellow Honkers""",7.3,39,3,13.0
404,Groundskeeper Willie,218,10,15,"Marge Simpson in: ""Screaming Yellow Honkers""",7.3,54,4,13.5
2,Homer Simpson,218,10,15,"Marge Simpson in: ""Screaming Yellow Honkers""",7.3,391,47,8.319148936170214
211,Kent Brockman,218,10,15,"Marge Simpson in: ""Screaming Yellow Honkers""",7.3,36,1,36.0
139,Krusty the Clown,218,10,15,"Marge Simpson in: ""Screaming Yellow Honkers""",7.3,8,2,4.0
165,Lenny Leonard,218,10,15,"Marge Simpson in: ""Screaming Yellow Honkers""",7.3,37,5,7.4
9,Lisa Simpson,218,10,15,"Marge Simpson in: ""Screaming Yellow Honkers""",7.3,122,16,7.625
1,Marge Simpson,218,10,15,"Marge Simpson in: ""Screaming Yellow Honkers""",7.3,473,50,9.46
17,Moe Szyslak,218,10,15,"Marge Simpson in: ""Screaming Yellow Honkers""",7.3,32,1,32.0
101,Nelson Muntz,218,10,15,"Marge Simpson in: ""Screaming Yellow Honkers""",7.3,2,1,2.0
140,Rev. Timothy Lovejoy,218,10,15,"Marge Simpson in: ""Screaming Yellow Honkers""",7.3,20,1,20.0
3,Seymour Skinner,218,10,15,"Marge Simpson in: ""Screaming Yellow Honkers""",7.3,102,5,20.4
33,Announcer,219,10,16,Make Room for Lisa,7.5,5,1,5.0
8,Bart Simpson,219,10,16,Make Room for Lisa,7.5,150,15,10.0
170,Carl Carlson,219,10,16,Make Room for Lisa,7.5,18,2,9.0
71,Chief Wiggum,219,10,16,Make Room for Lisa,7.5,39,3,13.0
332,Dr. Julius Hibbert,219,10,16,Make Room for Lisa,7.5,72,4,18.0
2,Homer Simpson,219,10,16,Make Room for Lisa,7.5,840,87,9.655172413793103
139,Krusty the Clown,219,10,16,Make Room for Lisa,7.5,28,2,14.0
165,Lenny Leonard,219,10,16,Make Room for Lisa,7.5,21,4,5.25
9,Lisa Simpson,219,10,16,Make Room for Lisa,7.5,665,77,8.636363636363637
1,Marge Simpson,219,10,16,Make Room for Lisa,7.5,192,25,7.68
25,Milhouse Van Houten,219,10,16,Make Room for Lisa,7.5,4,3,1.3333333333333333
17,Moe Szyslak,219,10,16,Make Room for Lisa,7.5,52,2,26.0
11,Ned Flanders,219,10,16,Make Room for Lisa,7.5,29,2,14.5
3,Seymour Skinner,219,10,16,Make Room for Lisa,7.5,25,3,8.333333333333334
2739,ABBA,220,10,17,Maximum Homerdrive,7.6,571000,1,571000.0
8,Bart Simpson,220,10,17,Maximum Homerdrive,7.6,175,30,5.833333333333333
15,C. Montgomery Burns,220,10,17,Maximum Homerdrive,7.6,52,4,13.0
71,Chief Wiggum,220,10,17,Maximum Homerdrive,7.6,15,1,15.0
332,Dr. Julius Hibbert,220,10,17,Maximum Homerdrive,7.6,53,4,13.25
2,Homer Simpson,220,10,17,Maximum Homerdrive,7.6,748,79,9.468354430379748
9,Lisa Simpson,220,10,17,Maximum Homerdrive,7.6,158,15,10.533333333333333
1,Marge Simpson,220,10,17,Maximum Homerdrive,7.6,381,42,9.071428571428571
25,Milhouse Van Houten,220,10,17,Maximum Homerdrive,7.6,5,1,5.0
8,Bart Simpson,221,10,18,Simpsons Bible Stories,7.3,274,34,8.058823529411764
170,Carl Carlson,221,10,18,Simpsons Bible Stories,7.3,8,1,8.0
71,Chief Wiggum,221,10,18,Simpsons Bible Stories,7.3,112,12,9.333333333333334
332,Dr. Julius Hibbert,221,10,18,Simpsons Bible Stories,7.3,14,2,7.0
40,Edna Krabappel-Flanders,221,10,18,Simpsons Bible Stories,7.3,6,2,3.0
2,Homer Simpson,221,10,18,Simpsons Bible Stories,7.3,361,37,9.756756756756756
139,Krusty the Clown,221,10,18,Simpsons Bible Stories,7.3,43,2,21.5
9,Lisa Simpson,221,10,18,Simpsons Bible Stories,7.3,147,16,9.1875
1,Marge Simpson,221,10,18,Simpsons Bible Stories,7.3,177,24,7.375
11,Ned Flanders,221,10,18,Simpsons Bible Stories,7.3,146,16,9.125
140,Rev. Timothy Lovejoy,221,10,18,Simpsons Bible Stories,7.3,138,11,12.545454545454545
33,Announcer,222,10,19,Mom and Pop Art,7.6,11,1,11.0
8,Bart Simpson,222,10,19,Mom and Pop Art,7.6,74,10,7.4
15,C. Montgomery Burns,222,10,19,Mom and Pop Art,7.6,48,4,12.0
170,Carl Carlson,222,10,19,Mom and Pop Art,7.6,10,1,10.0
71,Chief Wiggum,222,10,19,Mom and Pop Art,7.6,31,4,7.75
40,Edna Krabappel-Flanders,222,10,19,Mom and Pop Art,7.6,13,3,4.333333333333333
2,Homer Simpson,222,10,19,Mom and Pop Art,7.6,1093,111,9.846846846846846
165,Lenny Leonard,222,10,19,Mom and Pop Art,7.6,12,1,12.0
9,Lisa Simpson,222,10,19,Mom and Pop Art,7.6,132,11,12.0
1,Marge Simpson,222,10,19,Mom and Pop Art,7.6,396,36,11.0
25,Milhouse Van Houten,222,10,19,Mom and Pop Art,7.6,23,2,11.5
17,Moe Szyslak,222,10,19,Mom and Pop Art,7.6,52,5,10.4
11,Ned Flanders,222,10,19,Mom and Pop Art,7.6,34,6,5.666666666666667
3,Seymour Skinner,222,10,19,Mom and Pop Art,7.6,65,6,10.833333333333334
14,Waylon Smithers,222,10,19,Mom and Pop Art,7.6,13,1,13.0
8,Bart Simpson,223,10,20,"The Old Man and the ""C"" Student",7.3,423,46,9.195652173913043
15,C. Montgomery Burns,223,10,20,"The Old Man and the ""C"" Student",7.3,17,2,8.5
71,Chief Wiggum,223,10,20,"The Old Man and the ""C"" Student",7.3,44,4,11.0
1078,Gary Chalmers,223,10,20,"The Old Man and the ""C"" Student",7.3,84,4,21.0
31,Grampa Simpson,223,10,20,"The Old Man and the ""C"" Student",7.3,136,18,7.555555555555555
2,Homer Simpson,223,10,20,"The Old Man and the ""C"" Student",7.3,339,32,10.59375
211,Kent Brockman,223,10,20,"The Old Man and the ""C"" Student",7.3,66,2,33.0
165,Lenny Leonard,223,10,20,"The Old Man and the ""C"" Student",7.3,15,2,7.5
9,Lisa Simpson,223,10,20,"The Old Man and the ""C"" Student",7.3,214,25,8.56
1,Marge Simpson,223,10,20,"The Old Man and the ""C"" Student",7.3,94,15,6.266666666666667
240,Mayor Joe Quimby,223,10,20,"The Old Man and the ""C"" Student",7.3,28,2,14.0
25,Milhouse Van Houten,223,10,20,"The Old Man and the ""C"" Student",7.3,11,3,3.6666666666666665
17,Moe Szyslak,223,10,20,"The Old Man and the ""C"" Student",7.3,25,4,6.25
101,Nelson Muntz,223,10,20,"The Old Man and the ""C"" Student",7.3,19,3,6.333333333333333
3,Seymour Skinner,223,10,20,"The Old Man and the ""C"" Student",7.3,170,13,13.076923076923077
14,Waylon Smithers,223,10,20,"The Old Man and the ""C"" Student",7.3,5,1,5.0
208,Apu Nahasapeemapetilon,224,10,21,Monty Can't Buy Me Love,7.2,6,2,3.0
8,Bart Simpson,224,10,21,Monty Can't Buy Me Love,7.2,62,7,8.857142857142858
15,C. Montgomery Burns,224,10,21,Monty Can't Buy Me Love,7.2,793,74,10.716216216216216
170,Carl Carlson,224,10,21,Monty Can't Buy Me Love,7.2,12,1,12.0
801,Comic Book Guy,224,10,21,Monty Can't Buy Me Love,7.2,12,1,12.0
404,Groundskeeper Willie,224,10,21,Monty Can't Buy Me Love,7.2,78,9,8.666666666666666
2,Homer Simpson,224,10,21,Monty Can't Buy Me Love,7.2,445,46,9.673913043478262
211,Kent Brockman,224,10,21,Monty Can't Buy Me Love,7.2,86,4,21.5
165,Lenny Leonard,224,10,21,Monty Can't Buy Me Love,7.2,33,5,6.6
9,Lisa Simpson,224,10,21,Monty Can't Buy Me Love,7.2,66,10,6.6
1,Marge Simpson,224,10,21,Monty Can't Buy Me Love,7.2,183,18,10.166666666666666
240,Mayor Joe Quimby,224,10,21,Monty Can't Buy Me Love,7.2,27,2,13.5
25,Milhouse Van Houten,224,10,21,Monty Can't Buy Me Love,7.2,5,1,5.0
17,Moe Szyslak,224,10,21,Monty Can't Buy Me Love,7.2,28,2,14.0
11,Ned Flanders,224,10,21,Monty Can't Buy Me Love,7.2,11,2,5.5
101,Nelson Muntz,224,10,21,Monty Can't Buy Me Love,7.2,6,1,6.0
14,Waylon Smithers,224,10,21,Monty Can't Buy Me Love,7.2,37,4,9.25
33,Announcer,225,10,22,They Saved Lisa's Brain,7.3,23,2,11.5
8,Bart Simpson,225,10,22,They Saved Lisa's Brain,7.3,47,7,6.714285714285714
170,Carl Carlson,225,10,22,They Saved Lisa's Brain,7.3,17,3,5.666666666666667
71,Chief Wiggum,225,10,22,They Saved Lisa's Brain,7.3,93,9,10.333333333333334
801,Comic Book Guy,225,10,22,They Saved Lisa's Brain,7.3,161,12,13.416666666666666
332,Dr. Julius Hibbert,225,10,22,They Saved Lisa's Brain,7.3,169,16,10.5625
404,Groundskeeper Willie,225,10,22,They Saved Lisa's Brain,7.3,10,1,10.0
2,Homer Simpson,225,10,22,They Saved Lisa's Brain,7.3,308,46,6.695652173913044
211,Kent Brockman,225,10,22,They Saved Lisa's Brain,7.3,59,4,14.75
139,Krusty the Clown,225,10,22,They Saved Lisa's Brain,7.3,11,2,5.5
165,Lenny Leonard,225,10,22,They Saved Lisa's Brain,7.3,34,5,6.8
9,Lisa Simpson,225,10,22,They Saved Lisa's Brain,7.3,508,49,10.36734693877551
1,Marge Simpson,225,10,22,They Saved Lisa's Brain,7.3,169,17,9.941176470588236
240,Mayor Joe Quimby,225,10,22,They Saved Lisa's Brain,7.3,12,3,4.0
17,Moe Szyslak,225,10,22,They Saved Lisa's Brain,7.3,54,3,18.0
11,Ned Flanders,225,10,22,They Saved Lisa's Brain,7.3,17,1,17.0
140,Rev. Timothy Lovejoy,225,10,22,They Saved Lisa's Brain,7.3,20,2,10.0
3,Seymour Skinner,225,10,22,They Saved Lisa's Brain,7.3,288,30,9.6
8,Bart Simpson,226,10,23,Thirty Minutes over Tokyo,7.9,164,23,7.130434782608695
15,C. Montgomery Burns,226,10,23,Thirty Minutes over Tokyo,7.9,8,1,8.0
404,Groundskeeper Willie,226,10,23,Thirty Minutes over Tokyo,7.9,22,2,11.0
2,Homer Simpson,226,10,23,Thirty Minutes over Tokyo,7.9,698,78,8.948717948717949
165,Lenny Leonard,226,10,23,Thirty Minutes over Tokyo,7.9,15,2,7.5
9,Lisa Simpson,226,10,23,Thirty Minutes over Tokyo,7.9,260,30,8.666666666666666
1,Marge Simpson,226,10,23,Thirty Minutes over Tokyo,7.9,253,31,8.161290322580646
17,Moe Szyslak,226,10,23,Thirty Minutes over Tokyo,7.9,13,1,13.0
11,Ned Flanders,226,10,23,Thirty Minutes over Tokyo,7.9,113,7,16.142857142857142
8,Bart Simpson,227,11,1,Beyond Blunderdome,7.3,51,7,7.285714285714286
71,Chief Wiggum,227,11,1,Beyond Blunderdome,7.3,11,2,5.5
801,Comic Book Guy,227,11,1,Beyond Blunderdome,7.3,18,4,4.5
2,Homer Simpson,227,11,1,Beyond Blunderdome,7.3,897,95,9.442105263157895
139,Krusty the Clown,227,11,1,Beyond Blunderdome,7.3,8,1,8.0
9,Lisa Simpson,227,11,1,Beyond Blunderdome,7.3,52,6,8.666666666666666
1,Marge Simpson,227,11,1,Beyond Blunderdome,7.3,234,29,8.068965517241379
17,Moe Szyslak,227,11,1,Beyond Blunderdome,7.3,15,2,7.5
11,Ned Flanders,227,11,1,Beyond Blunderdome,7.3,12,2,6.0
208,Apu Nahasapeemapetilon,228,11,2,Brother's Little Helper,7.5,33,3,11.0
8,Bart Simpson,228,11,2,Brother's Little Helper,7.5,444,66,6.7272727272727275
15,C. Montgomery Burns,228,11,2,Brother's Little Helper,7.5,19,2,9.5
170,Carl Carlson,228,11,2,Brother's Little Helper,7.5,19,3,6.333333333333333
71,Chief Wiggum,228,11,2,Brother's Little Helper,7.5,65,5,13.0
801,Comic Book Guy,228,11,2,Brother's Little Helper,7.5,23,2,11.5
332,Dr. Julius Hibbert,228,11,2,Brother's Little Helper,7.5,3,1,3.0
40,Edna Krabappel-Flanders,228,11,2,Brother's Little Helper,7.5,39,5,7.8
31,Grampa Simpson,228,11,2,Brother's Little Helper,7.5,2,1,2.0
404,Groundskeeper Willie,228,11,2,Brother's Little Helper,7.5,28,2,14.0
2,Homer Simpson,228,11,2,Brother's Little Helper,7.5,429,55,7.8
139,Krusty the Clown,228,11,2,Brother's Little Helper,7.5,70,6,11.666666666666666
165,Lenny Leonard,228,11,2,Brother's Little Helper,7.5,27,4,6.75
9,Lisa Simpson,228,11,2,Brother's Little Helper,7.5,129,16,8.0625
1,Marge Simpson,228,11,2,Brother's Little Helper,7.5,377,43,8.767441860465116
25,Milhouse Van Houten,228,11,2,Brother's Little Helper,7.5,30,7,4.285714285714286
17,Moe Szyslak,228,11,2,Brother's Little Helper,7.5,42,4,10.5
11,Ned Flanders,228,11,2,Brother's Little Helper,7.5,93,10,9.3
101,Nelson Muntz,228,11,2,Brother's Little Helper,7.5,54,7,7.714285714285714
140,Rev. Timothy Lovejoy,228,11,2,Brother's Little Helper,7.5,6,1,6.0
3,Seymour Skinner,228,11,2,Brother's Little Helper,7.5,234,26,9.0
14,Waylon Smithers,228,11,2,Brother's Little Helper,7.5,4,1,4.0
8,Bart Simpson,229,11,3,Guess Who's Coming to Criticize Dinner?,7.5,101,8,12.625
15,C. Montgomery Burns,229,11,3,Guess Who's Coming to Criticize Dinner?,7.5,37,4,9.25
71,Chief Wiggum,229,11,3,Guess Who's Coming to Criticize Dinner?,7.5,37,5,7.4
404,Groundskeeper Willie,229,11,3,Guess Who's Coming to Criticize Dinner?,7.5,8,1,8.0
2,Homer Simpson,229,11,3,Guess Who's Coming to Criticize Dinner?,7.5,794,86,9.232558139534884
139,Krusty the Clown,229,11,3,Guess Who's Coming to Criticize Dinner?,7.5,74,6,12.333333333333334
165,Lenny Leonard,229,11,3,Guess Who's Coming to Criticize Dinner?,7.5,20,3,6.666666666666667
9,Lisa Simpson,229,11,3,Guess Who's Coming to Criticize Dinner?,7.5,214,26,8.23076923076923
1,Marge Simpson,229,11,3,Guess Who's Coming to Criticize Dinner?,7.5,83,8,10.375
25,Milhouse Van Houten,229,11,3,Guess Who's Coming to Criticize Dinner?,7.5,19,1,19.0
11,Ned Flanders,229,11,3,Guess Who's Coming to Criticize Dinner?,7.5,17,3,5.666666666666667
101,Nelson Muntz,229,11,3,Guess Who's Coming to Criticize Dinner?,7.5,20,3,6.666666666666667
3,Seymour Skinner,229,11,3,Guess Who's Coming to Criticize Dinner?,7.5,71,4,17.75
33,Announcer,230,11,4,Treehouse of Horror X,7.7,5,1,5.0
8,Bart Simpson,230,11,4,Treehouse of Horror X,7.7,176,30,5.866666666666666
170,Carl Carlson,230,11,4,Treehouse of Horror X,7.7,10,1,10.0
71,Chief Wiggum,230,11,4,Treehouse of Horror X,7.7,56,7,8.0
801,Comic Book Guy,230,11,4,Treehouse of Horror X,7.7,209,16,13.0625
31,Grampa Simpson,230,11,4,Treehouse of Horror X,7.7,20,1,20.0
2,Homer Simpson,230,11,4,Treehouse of Horror X,7.7,535,66,8.106060606060606
139,Krusty the Clown,230,11,4,Treehouse of Horror X,7.7,19,3,6.333333333333333
165,Lenny Leonard,230,11,4,Treehouse of Horror X,7.7,9,1,9.0
9,Lisa Simpson,230,11,4,Treehouse of Horror X,7.7,167,23,7.260869565217392
1,Marge Simpson,230,11,4,Treehouse of Horror X,7.7,122,23,5.304347826086956
25,Milhouse Van Houten,230,11,4,Treehouse of Horror X,7.7,11,2,5.5
11,Ned Flanders,230,11,4,Treehouse of Horror X,7.7,47,6,7.833333333333333
101,Nelson Muntz,230,11,4,Treehouse of Horror X,7.7,8,3,2.6666666666666665
140,Rev. Timothy Lovejoy,230,11,4,Treehouse of Horror X,7.7,45,3,15.0
3,Seymour Skinner,230,11,4,Treehouse of Horror X,7.7,39,7,5.571428571428571
33,Announcer,231,11,5,E-I-E-I-(Annoyed Grunt),7.6,7,1,7.0
208,Apu Nahasapeemapetilon,231,11,5,E-I-E-I-(Annoyed Grunt),7.6,8,1,8.0
8,Bart Simpson,231,11,5,E-I-E-I-(Annoyed Grunt),7.6,142,24,5.916666666666667
170,Carl Carlson,231,11,5,E-I-E-I-(Annoyed Grunt),7.6,12,2,6.0
71,Chief Wiggum,231,11,5,E-I-E-I-(Annoyed Grunt),7.6,60,6,10.0
2,Homer Simpson,231,11,5,E-I-E-I-(Annoyed Grunt),7.6,1035,131,7.900763358778626
165,Lenny Leonard,231,11,5,E-I-E-I-(Annoyed Grunt),7.6,20,3,6.666666666666667
9,Lisa Simpson,231,11,5,E-I-E-I-(Annoyed Grunt),7.6,223,23,9.695652173913043
1,Marge Simpson,231,11,5,E-I-E-I-(Annoyed Grunt),7.6,292,40,7.3
17,Moe Szyslak,231,11,5,E-I-E-I-(Annoyed Grunt),7.6,64,5,12.8
11,Ned Flanders,231,11,5,E-I-E-I-(Annoyed Grunt),7.6,13,1,13.0
3,Seymour Skinner,231,11,5,E-I-E-I-(Annoyed Grunt),7.6,5,1,5.0
33,Announcer,232,11,6,"Hello Gutter, Hello Fadder",7.3,16,1,16.0
8,Bart Simpson,232,11,6,"Hello Gutter, Hello Fadder",7.3,22,1,22.0
15,C. Montgomery Burns,232,11,6,"Hello Gutter, Hello Fadder",7.3,14,3,4.666666666666667
170,Carl Carlson,232,11,6,"Hello Gutter, Hello Fadder",7.3,54,7,7.714285714285714
71,Chief Wiggum,232,11,6,"Hello Gutter, Hello Fadder",7.3,42,2,21.0
332,Dr. Julius Hibbert,232,11,6,"Hello Gutter, Hello Fadder",7.3,49,4,12.25
40,Edna Krabappel-Flanders,232,11,6,"Hello Gutter, Hello Fadder",7.3,36,3,12.0
31,Grampa Simpson,232,11,6,"Hello Gutter, Hello Fadder",7.3,10,2,5.0
2,Homer Simpson,232,11,6,"Hello Gutter, Hello Fadder",7.3,990,107,9.25233644859813
211,Kent Brockman,232,11,6,"Hello Gutter, Hello Fadder",7.3,119,11,10.818181818181818
139,Krusty the Clown,232,11,6,"Hello Gutter, Hello Fadder",7.3,51,4,12.75
165,Lenny Leonard,232,11,6,"Hello Gutter, Hello Fadder",7.3,93,13,7.153846153846154
9,Lisa Simpson,232,11,6,"Hello Gutter, Hello Fadder",7.3,51,4,12.75
1,Marge Simpson,232,11,6,"Hello Gutter, Hello Fadder",7.3,130,15,8.666666666666666
25,Milhouse Van Houten,232,11,6,"Hello Gutter, Hello Fadder",7.3,8,2,4.0
17,Moe Szyslak,232,11,6,"Hello Gutter, Hello Fadder",7.3,38,3,12.666666666666666
101,Nelson Muntz,232,11,6,"Hello Gutter, Hello Fadder",7.3,16,1,16.0
14,Waylon Smithers,232,11,6,"Hello Gutter, Hello Fadder",7.3,12,2,6.0
208,Apu Nahasapeemapetilon,233,11,7,Eight Misbehavin',7.1,730,80,9.125
8,Bart Simpson,233,11,7,Eight Misbehavin',7.1,55,8,6.875
71,Chief Wiggum,233,11,7,Eight Misbehavin',7.1,44,4,11.0
332,Dr. Julius Hibbert,233,11,7,Eight Misbehavin',7.1,39,3,13.0
2,Homer Simpson,233,11,7,Eight Misbehavin',7.1,408,47,8.680851063829786
211,Kent Brockman,233,11,7,Eight Misbehavin',7.1,49,3,16.333333333333332
165,Lenny Leonard,233,11,7,Eight Misbehavin',7.1,6,1,6.0
9,Lisa Simpson,233,11,7,Eight Misbehavin',7.1,59,6,9.833333333333334
1,Marge Simpson,233,11,7,Eight Misbehavin',7.1,181,21,8.619047619047619
11,Ned Flanders,233,11,7,Eight Misbehavin',7.1,27,4,6.75
33,Announcer,234,11,8,"Take My Wife, Sleaze",7.1,54,6,9.0
208,Apu Nahasapeemapetilon,234,11,8,"Take My Wife, Sleaze",7.1,20,2,10.0
8,Bart Simpson,234,11,8,"Take My Wife, Sleaze",7.1,81,14,5.785714285714286
170,Carl Carlson,234,11,8,"Take My Wife, Sleaze",7.1,16,4,4.0
71,Chief Wiggum,234,11,8,"Take My Wife, Sleaze",7.1,76,5,15.2
40,Edna Krabappel-Flanders,234,11,8,"Take My Wife, Sleaze",7.1,27,3,9.0
31,Grampa Simpson,234,11,8,"Take My Wife, Sleaze",7.1,4,1,4.0
2,Homer Simpson,234,11,8,"Take My Wife, Sleaze",7.1,528,63,8.380952380952381
165,Lenny Leonard,234,11,8,"Take My Wife, Sleaze",7.1,27,6,4.5
9,Lisa Simpson,234,11,8,"Take My Wife, Sleaze",7.1,69,10,6.9
1,Marge Simpson,234,11,8,"Take My Wife, Sleaze",7.1,323,41,7.878048780487805
25,Milhouse Van Houten,234,11,8,"Take My Wife, Sleaze",7.1,13,1,13.0
17,Moe Szyslak,234,11,8,"Take My Wife, Sleaze",7.1,30,6,5.0
11,Ned Flanders,234,11,8,"Take My Wife, Sleaze",7.1,64,6,10.666666666666666
101,Nelson Muntz,234,11,8,"Take My Wife, Sleaze",7.1,4,1,4.0
140,Rev. Timothy Lovejoy,234,11,8,"Take My Wife, Sleaze",7.1,26,1,26.0
3,Seymour Skinner,234,11,8,"Take My Wife, Sleaze",7.1,5,1,5.0
33,Announcer,235,11,9,Grift of the Magi,7.3,15,2,7.5
8,Bart Simpson,235,11,9,Grift of the Magi,7.3,289,44,6.568181818181818
15,C. Montgomery Burns,235,11,9,Grift of the Magi,7.3,39,8,4.875
170,Carl Carlson,235,11,9,Grift of the Magi,7.3,9,1,9.0
71,Chief Wiggum,235,11,9,Grift of the Magi,7.3,36,2,18.0
332,Dr. Julius Hibbert,235,11,9,Grift of the Magi,7.3,64,6,10.666666666666666
2,Homer Simpson,235,11,9,Grift of the Magi,7.3,221,18,12.277777777777779
211,Kent Brockman,235,11,9,Grift of the Magi,7.3,75,5,15.0
139,Krusty the Clown,235,11,9,Grift of the Magi,7.3,54,6,9.0
165,Lenny Leonard,235,11,9,Grift of the Magi,7.3,8,1,8.0
9,Lisa Simpson,235,11,9,Grift of the Magi,7.3,347,44,7.886363636363637
1,Marge Simpson,235,11,9,Grift of the Magi,7.3,55,8,6.875
25,Milhouse Van Houten,235,11,9,Grift of the Magi,7.3,91,13,7.0
17,Moe Szyslak,235,11,9,Grift of the Magi,7.3,41,5,8.2
11,Ned Flanders,235,11,9,Grift of the Magi,7.3,20,3,6.666666666666667
101,Nelson Muntz,235,11,9,Grift of the Magi,7.3,34,4,8.5
3,Seymour Skinner,235,11,9,Grift of the Magi,7.3,296,28,10.571428571428571
14,Waylon Smithers,235,11,9,Grift of the Magi,7.3,4,1,4.0
8,Bart Simpson,236,11,10,Little Big Mom,7.3,218,38,5.7368421052631575
332,Dr. Julius Hibbert,236,11,10,Little Big Mom,7.3,69,5,13.8
2,Homer Simpson,236,11,10,Little Big Mom,7.3,532,75,7.093333333333334
9,Lisa Simpson,236,11,10,Little Big Mom,7.3,447,60,7.45
1,Marge Simpson,236,11,10,Little Big Mom,7.3,312,37,8.432432432432432
17,Moe Szyslak,236,11,10,Little Big Mom,7.3,46,4,11.5
11,Ned Flanders,236,11,10,Little Big Mom,7.3,145,13,11.153846153846153
101,Nelson Muntz,236,11,10,Little Big Mom,7.3,6,1,6.0
8,Bart Simpson,237,11,11,Faith Off,6.9,369,44,8.386363636363637
170,Carl Carlson,237,11,11,Faith Off,6.9,8,1,8.0
332,Dr. Julius Hibbert,237,11,11,Faith Off,6.9,137,10,13.7
31,Grampa Simpson,237,11,11,Faith Off,6.9,3,1,3.0
2,Homer Simpson,237,11,11,Faith Off,6.9,412,57,7.228070175438597
211,Kent Brockman,237,11,11,Faith Off,6.9,45,2,22.5
139,Krusty the Clown,237,11,11,Faith Off,6.9,24,1,24.0
165,Lenny Leonard,237,11,11,Faith Off,6.9,15,1,15.0
9,Lisa Simpson,237,11,11,Faith Off,6.9,107,12,8.916666666666666
1,Marge Simpson,237,11,11,Faith Off,6.9,82,11,7.454545454545454
25,Milhouse Van Houten,237,11,11,Faith Off,6.9,108,12,9.0
11,Ned Flanders,237,11,11,Faith Off,6.9,42,4,10.5
101,Nelson Muntz,237,11,11,Faith Off,6.9,14,1,14.0
140,Rev. Timothy Lovejoy,237,11,11,Faith Off,6.9,64,6,10.666666666666666
208,Apu Nahasapeemapetilon,238,11,12,The Mansion Family,7.3,21,1,21.0
8,Bart Simpson,238,11,12,The Mansion Family,7.3,59,8,7.375
15,C. Montgomery Burns,238,11,12,The Mansion Family,7.3,335,32,10.46875
170,Carl Carlson,238,11,12,The Mansion Family,7.3,25,2,12.5
31,Grampa Simpson,238,11,12,The Mansion Family,7.3,3,1,3.0
2,Homer Simpson,238,11,12,The Mansion Family,7.3,699,72,9.708333333333334
211,Kent Brockman,238,11,12,The Mansion Family,7.3,134,19,7.052631578947368
139,Krusty the Clown,238,11,12,The Mansion Family,7.3,12,2,6.0
165,Lenny Leonard,238,11,12,The Mansion Family,7.3,49,8,6.125
9,Lisa Simpson,238,11,12,The Mansion Family,7.3,84,10,8.4
1,Marge Simpson,238,11,12,The Mansion Family,7.3,260,25,10.4
17,Moe Szyslak,238,11,12,The Mansion Family,7.3,109,9,12.11111111111111
14,Waylon Smithers,238,11,12,The Mansion Family,7.3,42,6,7.0
8,Bart Simpson,239,11,13,Saddlesore Galactica,6.6,211,19,11.105263157894736
170,Carl Carlson,239,11,13,Saddlesore Galactica,6.6,3,1,3.0
71,Chief Wiggum,239,11,13,Saddlesore Galactica,6.6,68,3,22.666666666666668
801,Comic Book Guy,239,11,13,Saddlesore Galactica,6.6,28,2,14.0
2,Homer Simpson,239,11,13,Saddlesore Galactica,6.6,588,64,9.1875
165,Lenny Leonard,239,11,13,Saddlesore Galactica,6.6,32,3,10.666666666666666
9,Lisa Simpson,239,11,13,Saddlesore Galactica,6.6,191,19,10.052631578947368
1,Marge Simpson,239,11,13,Saddlesore Galactica,6.6,255,23,11.08695652173913
25,Milhouse Van Houten,239,11,13,Saddlesore Galactica,6.6,7,1,7.0
17,Moe Szyslak,239,11,13,Saddlesore Galactica,6.6,32,5,6.4
11,Ned Flanders,239,11,13,Saddlesore Galactica,6.6,5,1,5.0
101,Nelson Muntz,239,11,13,Saddlesore Galactica,6.6,33,3,11.0
208,Apu Nahasapeemapetilon,240,11,14,"Alone Again, Natura-diddily",7.9,53,3,17.666666666666668
8,Bart Simpson,240,11,14,"Alone Again, Natura-diddily",7.9,112,17,6.588235294117647
170,Carl Carlson,240,11,14,"Alone Again, Natura-diddily",7.9,10,2,5.0
71,Chief Wiggum,240,11,14,"Alone Again, Natura-diddily",7.9,39,2,19.5
801,Comic Book Guy,240,11,14,"Alone Again, Natura-diddily",7.9,14,2,7.0
332,Dr. Julius Hibbert,240,11,14,"Alone Again, Natura-diddily",7.9,16,3,5.333333333333333
40,Edna Krabappel-Flanders,240,11,14,"Alone Again, Natura-diddily",7.9,16,3,5.333333333333333
404,Groundskeeper Willie,240,11,14,"Alone Again, Natura-diddily",7.9,1,1,1.0
2,Homer Simpson,240,11,14,"Alone Again, Natura-diddily",7.9,653,67,9.746268656716419
165,Lenny Leonard,240,11,14,"Alone Again, Natura-diddily",7.9,14,4,3.5
9,Lisa Simpson,240,11,14,"Alone Again, Natura-diddily",7.9,104,12,8.666666666666666
1,Marge Simpson,240,11,14,"Alone Again, Natura-diddily",7.9,108,14,7.714285714285714
17,Moe Szyslak,240,11,14,"Alone Again, Natura-diddily",7.9,96,4,24.0
11,Ned Flanders,240,11,14,"Alone Again, Natura-diddily",7.9,507,50,10.14
140,Rev. Timothy Lovejoy,240,11,14,"Alone Again, Natura-diddily",7.9,112,5,22.4
3,Seymour Skinner,240,11,14,"Alone Again, Natura-diddily",7.9,11,2,5.5
8,Bart Simpson,241,11,15,Missionary: Impossible,7.3,97,18,5.388888888888889
15,C. Montgomery Burns,241,11,15,Missionary: Impossible,7.3,77,5,15.4
170,Carl Carlson,241,11,15,Missionary: Impossible,7.3,3,1,3.0
2,Homer Simpson,241,11,15,Missionary: Impossible,7.3,1130,100,11.3
165,Lenny Leonard,241,11,15,Missionary: Impossible,7.3,10,2,5.0
9,Lisa Simpson,241,11,15,Missionary: Impossible,7.3,31,5,6.2
1,Marge Simpson,241,11,15,Missionary: Impossible,7.3,114,15,7.6
140,Rev. Timothy Lovejoy,241,11,15,Missionary: Impossible,7.3,96,9,10.666666666666666
33,Announcer,242,11,16,Pygmoelian,7.3,27,2,13.5
8,Bart Simpson,242,11,16,Pygmoelian,7.3,82,11,7.454545454545454
170,Carl Carlson,242,11,16,Pygmoelian,7.3,100,11,9.090909090909092
2,Homer Simpson,242,11,16,Pygmoelian,7.3,382,44,8.681818181818182
165,Lenny Leonard,242,11,16,Pygmoelian,7.3,54,7,7.714285714285714
9,Lisa Simpson,242,11,16,Pygmoelian,7.3,117,16,7.3125
1,Marge Simpson,242,11,16,Pygmoelian,7.3,82,9,9.11111111111111
25,Milhouse Van Houten,242,11,16,Pygmoelian,7.3,7,1,7.0
17,Moe Szyslak,242,11,16,Pygmoelian,7.3,877,71,12.352112676056338
8,Bart Simpson,243,11,17,Bart to the Future,7.0,879,100,8.79
170,Carl Carlson,243,11,17,Bart to the Future,7.0,11,2,5.5
404,Groundskeeper Willie,243,11,17,Bart to the Future,7.0,10,1,10.0
2,Homer Simpson,243,11,17,Bart to the Future,7.0,224,29,7.724137931034483
211,Kent Brockman,243,11,17,Bart to the Future,7.0,65,3,21.666666666666668
165,Lenny Leonard,243,11,17,Bart to the Future,7.0,12,2,6.0
9,Lisa Simpson,243,11,17,Bart to the Future,7.0,576,52,11.076923076923077
1,Marge Simpson,243,11,17,Bart to the Future,7.0,1145139,16,71571.1875
25,Milhouse Van Houten,243,11,17,Bart to the Future,7.0,59,7,8.428571428571429
17,Moe Szyslak,243,11,17,Bart to the Future,7.0,12,2,6.0
11,Ned Flanders,243,11,17,Bart to the Future,7.0,73,6,12.166666666666666
33,Announcer,244,11,18,Days of Wine and D'oh'ses,7.4,53,3,17.666666666666668
208,Apu Nahasapeemapetilon,244,11,18,Days of Wine and D'oh'ses,7.4,18,2,9.0
8,Bart Simpson,244,11,18,Days of Wine and D'oh'ses,7.4,151,26,5.8076923076923075
170,Carl Carlson,244,11,18,Days of Wine and D'oh'ses,7.4,32,4,8.0
801,Comic Book Guy,244,11,18,Days of Wine and D'oh'ses,7.4,18,2,9.0
2,Homer Simpson,244,11,18,Days of Wine and D'oh'ses,7.4,642,72,8.916666666666666
211,Kent Brockman,244,11,18,Days of Wine and D'oh'ses,7.4,63,4,15.75
165,Lenny Leonard,244,11,18,Days of Wine and D'oh'ses,7.4,36,4,9.0
9,Lisa Simpson,244,11,18,Days of Wine and D'oh'ses,7.4,133,22,6.045454545454546
1,Marge Simpson,244,11,18,Days of Wine and D'oh'ses,7.4,181,16,11.3125
17,Moe Szyslak,244,11,18,Days of Wine and D'oh'ses,7.4,189,19,9.947368421052632
11,Ned Flanders,244,11,18,Days of Wine and D'oh'ses,7.4,10,1,10.0
101,Nelson Muntz,244,11,18,Days of Wine and D'oh'ses,7.4,9,1,9.0
8,Bart Simpson,245,11,19,Kill the Alligator and Run,6.6,92,14,6.571428571428571
15,C. Montgomery Burns,245,11,19,Kill the Alligator and Run,6.6,36,2,18.0
170,Carl Carlson,245,11,19,Kill the Alligator and Run,6.6,10,1,10.0
2,Homer Simpson,245,11,19,Kill the Alligator and Run,6.6,687,88,7.806818181818182
165,Lenny Leonard,245,11,19,Kill the Alligator and Run,6.6,12,2,6.0
9,Lisa Simpson,245,11,19,Kill the Alligator and Run,6.6,115,18,6.388888888888889
1,Marge Simpson,245,11,19,Kill the Alligator and Run,6.6,354,41,8.634146341463415
11,Ned Flanders,245,11,19,Kill the Alligator and Run,6.6,31,2,15.5
33,Announcer,246,11,20,Last Tap Dance in Springfield,7.2,18,1,18.0
8,Bart Simpson,246,11,20,Last Tap Dance in Springfield,7.2,177,26,6.8076923076923075
71,Chief Wiggum,246,11,20,Last Tap Dance in Springfield,7.2,89,11,8.090909090909092
2,Homer Simpson,246,11,20,Last Tap Dance in Springfield,7.2,261,33,7.909090909090909
9,Lisa Simpson,246,11,20,Last Tap Dance in Springfield,7.2,305,39,7.82051282051282
1,Marge Simpson,246,11,20,Last Tap Dance in Springfield,7.2,274,29,9.448275862068966
25,Milhouse Van Houten,246,11,20,Last Tap Dance in Springfield,7.2,80,14,5.714285714285714
101,Nelson Muntz,246,11,20,Last Tap Dance in Springfield,7.2,15,3,5.0
3,Seymour Skinner,246,11,20,Last Tap Dance in Springfield,7.2,7,1,7.0
8,Bart Simpson,247,11,21,"It's a Mad, Mad, Mad, Mad Marge",7.3,196,25,7.84
71,Chief Wiggum,247,11,21,"It's a Mad, Mad, Mad, Mad Marge",7.3,128,9,14.222222222222221
801,Comic Book Guy,247,11,21,"It's a Mad, Mad, Mad, Mad Marge",7.3,6,1,6.0
2,Homer Simpson,247,11,21,"It's a Mad, Mad, Mad, Mad Marge",7.3,190,19,10.0
211,Kent Brockman,247,11,21,"It's a Mad, Mad, Mad, Mad Marge",7.3,35,2,17.5
139,Krusty the Clown,247,11,21,"It's a Mad, Mad, Mad, Mad Marge",7.3,50,3,16.666666666666668
9,Lisa Simpson,247,11,21,"It's a Mad, Mad, Mad, Mad Marge",7.3,137,17,8.058823529411764
1,Marge Simpson,247,11,21,"It's a Mad, Mad, Mad, Mad Marge",7.3,644,64,10.0625
25,Milhouse Van Houten,247,11,21,"It's a Mad, Mad, Mad, Mad Marge",7.3,14,2,7.0
17,Moe Szyslak,247,11,21,"It's a Mad, Mad, Mad, Mad Marge",7.3,37,3,12.333333333333334
101,Nelson Muntz,247,11,21,"It's a Mad, Mad, Mad, Mad Marge",7.3,14,2,7.0
140,Rev. Timothy Lovejoy,247,11,21,"It's a Mad, Mad, Mad, Mad Marge",7.3,18,3,6.0
3,Seymour Skinner,247,11,21,"It's a Mad, Mad, Mad, Mad Marge",7.3,54,3,18.0
208,Apu Nahasapeemapetilon,248,11,22,Behind the Laughter,7.9,26,1,26.0
8,Bart Simpson,248,11,22,Behind the Laughter,7.9,206,20,10.3
170,Carl Carlson,248,11,22,Behind the Laughter,7.9,7,1,7.0
71,Chief Wiggum,248,11,22,Behind the Laughter,7.9,31,1,31.0
801,Comic Book Guy,248,11,22,Behind the Laughter,7.9,18,2,9.0
332,Dr. Julius Hibbert,248,11,22,Behind the Laughter,7.9,19,1,19.0
31,Grampa Simpson,248,11,22,Behind the Laughter,7.9,14,1,14.0
2,Homer Simpson,248,11,22,Behind the Laughter,7.9,431,47,9.170212765957446
139,Krusty the Clown,248,11,22,Behind the Laughter,7.9,36,1,36.0
165,Lenny Leonard,248,11,22,Behind the Laughter,7.9,18,1,18.0
9,Lisa Simpson,248,11,22,Behind the Laughter,7.9,200,20,10.0
1,Marge Simpson,248,11,22,Behind the Laughter,7.9,263,25,10.52
17,Moe Szyslak,248,11,22,Behind the Laughter,7.9,39,1,39.0
11,Ned Flanders,248,11,22,Behind the Laughter,7.9,16,1,16.0
3,Seymour Skinner,248,11,22,Behind the Laughter,7.9,27,3,9.0
208,Apu Nahasapeemapetilon,249,12,1,Treehouse of Horror XI,7.6,2,1,2.0
8,Bart Simpson,249,12,1,Treehouse of Horror XI,7.6,114,19,6.0
170,Carl Carlson,249,12,1,Treehouse of Horror XI,7.6,22,3,7.333333333333333
71,Chief Wiggum,249,12,1,Treehouse of Horror XI,7.6,19,1,19.0
801,Comic Book Guy,249,12,1,Treehouse of Horror XI,7.6,11,1,11.0
332,Dr. Julius Hibbert,249,12,1,Treehouse of Horror XI,7.6,24,2,12.0
31,Grampa Simpson,249,12,1,Treehouse of Horror XI,7.6,8,1,8.0
404,Groundskeeper Willie,249,12,1,Treehouse of Horror XI,7.6,13,1,13.0
2,Homer Simpson,249,12,1,Treehouse of Horror XI,7.6,437,53,8.245283018867925
211,Kent Brockman,249,12,1,Treehouse of Horror XI,7.6,43,5,8.6
165,Lenny Leonard,249,12,1,Treehouse of Horror XI,7.6,48,6,8.0
9,Lisa Simpson,249,12,1,Treehouse of Horror XI,7.6,199,28,7.107142857142857
1,Marge Simpson,249,12,1,Treehouse of Horror XI,7.6,180,19,9.473684210526315
240,Mayor Joe Quimby,249,12,1,Treehouse of Horror XI,7.6,26,2,13.0
17,Moe Szyslak,249,12,1,Treehouse of Horror XI,7.6,12,3,4.0
101,Nelson Muntz,249,12,1,Treehouse of Horror XI,7.6,17,4,4.25
33,Announcer,250,12,2,A Tale of Two Springfields,7.4,5,1,5.0
208,Apu Nahasapeemapetilon,250,12,2,A Tale of Two Springfields,7.4,36,4,9.0
8,Bart Simpson,250,12,2,A Tale of Two Springfields,7.4,165,26,6.346153846153846
15,C. Montgomery Burns,250,12,2,A Tale of Two Springfields,7.4,26,6,4.333333333333333
170,Carl Carlson,250,12,2,A Tale of Two Springfields,7.4,80,5,16.0
71,Chief Wiggum,250,12,2,A Tale of Two Springfields,7.4,5,1,5.0
332,Dr. Julius Hibbert,250,12,2,A Tale of Two Springfields,7.4,17,3,5.666666666666667
40,Edna Krabappel-Flanders,250,12,2,A Tale of Two Springfields,7.4,2,1,2.0
31,Grampa Simpson,250,12,2,A Tale of Two Springfields,7.4,3,1,3.0
2,Homer Simpson,250,12,2,A Tale of Two Springfields,7.4,817,93,8.78494623655914
211,Kent Brockman,250,12,2,A Tale of Two Springfields,7.4,127,8,15.875
139,Krusty the Clown,250,12,2,A Tale of Two Springfields,7.4,31,2,15.5
165,Lenny Leonard,250,12,2,A Tale of Two Springfields,7.4,44,3,14.666666666666666
9,Lisa Simpson,250,12,2,A Tale of Two Springfields,7.4,114,13,8.76923076923077
1,Marge Simpson,250,12,2,A Tale of Two Springfields,7.4,147,14,10.5
240,Mayor Joe Quimby,250,12,2,A Tale of Two Springfields,7.4,39,3,13.0
25,Milhouse Van Houten,250,12,2,A Tale of Two Springfields,7.4,2,1,2.0
17,Moe Szyslak,250,12,2,A Tale of Two Springfields,7.4,48,5,9.6
3,Seymour Skinner,250,12,2,A Tale of Two Springfields,7.4,32,4,8.0
14,Waylon Smithers,250,12,2,A Tale of Two Springfields,7.4,8,1,8.0
208,Apu Nahasapeemapetilon,251,12,3,Insane Clown Poppy,7.1,2,1,2.0
8,Bart Simpson,251,12,3,Insane Clown Poppy,7.1,92,14,6.571428571428571
2,Homer Simpson,251,12,3,Insane Clown Poppy,7.1,412,44,9.363636363636363
211,Kent Brockman,251,12,3,Insane Clown Poppy,7.1,26,2,13.0
139,Krusty the Clown,251,12,3,Insane Clown Poppy,7.1,802,80,10.025
165,Lenny Leonard,251,12,3,Insane Clown Poppy,7.1,34,3,11.333333333333334
9,Lisa Simpson,251,12,3,Insane Clown Poppy,7.1,64,11,5.818181818181818
1,Marge Simpson,251,12,3,Insane Clown Poppy,7.1,97,14,6.928571428571429
25,Milhouse Van Houten,251,12,3,Insane Clown Poppy,7.1,15,2,7.5
17,Moe Szyslak,251,12,3,Insane Clown Poppy,7.1,6,2,3.0
11,Ned Flanders,251,12,3,Insane Clown Poppy,7.1,11,1,11.0
140,Rev. Timothy Lovejoy,251,12,3,Insane Clown Poppy,7.1,29,2,14.5
33,Announcer,252,12,4,Lisa the Tree Hugger,7.2,18,1,18.0
208,Apu Nahasapeemapetilon,252,12,4,Lisa the Tree Hugger,7.2,4,1,4.0
8,Bart Simpson,252,12,4,Lisa the Tree Hugger,7.2,113,19,5.947368421052632
71,Chief Wiggum,252,12,4,Lisa the Tree Hugger,7.2,67,8,8.375
801,Comic Book Guy,252,12,4,Lisa the Tree Hugger,7.2,2,1,2.0
2,Homer Simpson,252,12,4,Lisa the Tree Hugger,7.2,215,28,7.678571428571429
211,Kent Brockman,252,12,4,Lisa the Tree Hugger,7.2,128,8,16.0
139,Krusty the Clown,252,12,4,Lisa the Tree Hugger,7.2,62,6,10.333333333333334
9,Lisa Simpson,252,12,4,Lisa the Tree Hugger,7.2,442,62,7.129032258064516
1,Marge Simpson,252,12,4,Lisa the Tree Hugger,7.2,188,16,11.75
240,Mayor Joe Quimby,252,12,4,Lisa the Tree Hugger,7.2,44,5,8.8
25,Milhouse Van Houten,252,12,4,Lisa the Tree Hugger,7.2,10,1,10.0
17,Moe Szyslak,252,12,4,Lisa the Tree Hugger,7.2,59,4,14.75
11,Ned Flanders,252,12,4,Lisa the Tree Hugger,7.2,13,1,13.0
3,Seymour Skinner,252,12,4,Lisa the Tree Hugger,7.2,20,2,10.0
8,Bart Simpson,253,12,5,Homer vs. Dignity,7.2,114,13,8.76923076923077
15,C. Montgomery Burns,253,12,5,Homer vs. Dignity,7.2,465,47,9.893617021276595
170,Carl Carlson,253,12,5,Homer vs. Dignity,7.2,26,4,6.5
71,Chief Wiggum,253,12,5,Homer vs. Dignity,7.2,35,2,17.5
801,Comic Book Guy,253,12,5,Homer vs. Dignity,7.2,50,6,8.333333333333334
332,Dr. Julius Hibbert,253,12,5,Homer vs. Dignity,7.2,10,2,5.0
40,Edna Krabappel-Flanders,253,12,5,Homer vs. Dignity,7.2,10,1,10.0
2,Homer Simpson,253,12,5,Homer vs. Dignity,7.2,596,77,7.740259740259741
211,Kent Brockman,253,12,5,Homer vs. Dignity,7.2,82,7,11.714285714285714
165,Lenny Leonard,253,12,5,Homer vs. Dignity,7.2,41,5,8.2
9,Lisa Simpson,253,12,5,Homer vs. Dignity,7.2,137,21,6.523809523809524
1,Marge Simpson,253,12,5,Homer vs. Dignity,7.2,114,11,10.363636363636363
25,Milhouse Van Houten,253,12,5,Homer vs. Dignity,7.2,17,2,8.5
17,Moe Szyslak,253,12,5,Homer vs. Dignity,7.2,6,1,6.0
101,Nelson Muntz,253,12,5,Homer vs. Dignity,7.2,2,1,2.0
3,Seymour Skinner,253,12,5,Homer vs. Dignity,7.2,31,3,10.333333333333334
14,Waylon Smithers,253,12,5,Homer vs. Dignity,7.2,79,6,13.166666666666666
208,Apu Nahasapeemapetilon,254,12,6,The Computer Wore Menace Shoes,7.7,19,2,9.5
8,Bart Simpson,254,12,6,The Computer Wore Menace Shoes,7.7,64,10,6.4
15,C. Montgomery Burns,254,12,6,The Computer Wore Menace Shoes,7.7,61,9,6.777777777777778
170,Carl Carlson,254,12,6,The Computer Wore Menace Shoes,7.7,48,6,8.0
71,Chief Wiggum,254,12,6,The Computer Wore Menace Shoes,7.7,97,9,10.777777777777779
801,Comic Book Guy,254,12,6,The Computer Wore Menace Shoes,7.7,38,3,12.666666666666666
332,Dr. Julius Hibbert,254,12,6,The Computer Wore Menace Shoes,7.7,14,1,14.0
40,Edna Krabappel-Flanders,254,12,6,The Computer Wore Menace Shoes,7.7,5,1,5.0
2,Homer Simpson,254,12,6,The Computer Wore Menace Shoes,7.7,820,113,7.256637168141593
211,Kent Brockman,254,12,6,The Computer Wore Menace Shoes,7.7,67,2,33.5
139,Krusty the Clown,254,12,6,The Computer Wore Menace Shoes,7.7,33,2,16.5
165,Lenny Leonard,254,12,6,The Computer Wore Menace Shoes,7.7,64,6,10.666666666666666
9,Lisa Simpson,254,12,6,The Computer Wore Menace Shoes,7.7,152,13,11.692307692307692
1,Marge Simpson,254,12,6,The Computer Wore Menace Shoes,7.7,74,12,6.166666666666667
240,Mayor Joe Quimby,254,12,6,The Computer Wore Menace Shoes,7.7,26,3,8.666666666666666
17,Moe Szyslak,254,12,6,The Computer Wore Menace Shoes,7.7,45,5,9.0
11,Ned Flanders,254,12,6,The Computer Wore Menace Shoes,7.7,37,3,12.333333333333334
101,Nelson Muntz,254,12,6,The Computer Wore Menace Shoes,7.7,24,1,24.0
140,Rev. Timothy Lovejoy,254,12,6,The Computer Wore Menace Shoes,7.7,12,2,6.0
3,Seymour Skinner,254,12,6,The Computer Wore Menace Shoes,7.7,21,2,10.5
14,Waylon Smithers,254,12,6,The Computer Wore Menace Shoes,7.7,14,3,4.666666666666667
33,Announcer,255,12,7,The Great Money Caper,7.3,11,1,11.0
8,Bart Simpson,255,12,7,The Great Money Caper,7.3,497,59,8.423728813559322
71,Chief Wiggum,255,12,7,The Great Money Caper,7.3,32,4,8.0
332,Dr. Julius Hibbert,255,12,7,The Great Money Caper,7.3,23,5,4.6
31,Grampa Simpson,255,12,7,The Great Money Caper,7.3,118,14,8.428571428571429
404,Groundskeeper Willie,255,12,7,The Great Money Caper,7.3,67,10,6.7
2,Homer Simpson,255,12,7,The Great Money Caper,7.3,820,100,8.2
211,Kent Brockman,255,12,7,The Great Money Caper,7.3,29,5,5.8
9,Lisa Simpson,255,12,7,The Great Money Caper,7.3,92,16,5.75
1,Marge Simpson,255,12,7,The Great Money Caper,7.3,247,34,7.264705882352941
11,Ned Flanders,255,12,7,The Great Money Caper,7.3,57,7,8.142857142857142
3,Seymour Skinner,255,12,7,The Great Money Caper,7.3,14,2,7.0
8,Bart Simpson,256,12,8,Skinner's Sense of Snow,8.0,227,29,7.827586206896552
15,C. Montgomery Burns,256,12,8,Skinner's Sense of Snow,8.0,4,1,4.0
71,Chief Wiggum,256,12,8,Skinner's Sense of Snow,8.0,18,2,9.0
1078,Gary Chalmers,256,12,8,Skinner's Sense of Snow,8.0,33,6,5.5
404,Groundskeeper Willie,256,12,8,Skinner's Sense of Snow,8.0,35,4,8.75
2,Homer Simpson,256,12,8,Skinner's Sense of Snow,8.0,243,36,6.75
211,Kent Brockman,256,12,8,Skinner's Sense of Snow,8.0,19,1,19.0
165,Lenny Leonard,256,12,8,Skinner's Sense of Snow,8.0,7,1,7.0
9,Lisa Simpson,256,12,8,Skinner's Sense of Snow,8.0,93,10,9.3
1,Marge Simpson,256,12,8,Skinner's Sense of Snow,8.0,79,10,7.9
25,Milhouse Van Houten,256,12,8,Skinner's Sense of Snow,8.0,43,7,6.142857142857143
11,Ned Flanders,256,12,8,Skinner's Sense of Snow,8.0,100,14,7.142857142857143
101,Nelson Muntz,256,12,8,Skinner's Sense of Snow,8.0,127,15,8.466666666666667
3,Seymour Skinner,256,12,8,Skinner's Sense of Snow,8.0,547,58,9.431034482758621
14,Waylon Smithers,256,12,8,Skinner's Sense of Snow,8.0,3,1,3.0
8,Bart Simpson,257,12,9,HOMR,8.0,30,5,6.0
15,C. Montgomery Burns,257,12,9,HOMR,8.0,34,2,17.0
170,Carl Carlson,257,12,9,HOMR,8.0,83,10,8.3
801,Comic Book Guy,257,12,9,HOMR,8.0,11,1,11.0
332,Dr. Julius Hibbert,257,12,9,HOMR,8.0,41,3,13.666666666666666
2,Homer Simpson,257,12,9,HOMR,8.0,836,86,9.720930232558139
211,Kent Brockman,257,12,9,HOMR,8.0,32,3,10.666666666666666
165,Lenny Leonard,257,12,9,HOMR,8.0,65,8,8.125
9,Lisa Simpson,257,12,9,HOMR,8.0,191,18,10.61111111111111
1,Marge Simpson,257,12,9,HOMR,8.0,64,10,6.4
17,Moe Szyslak,257,12,9,HOMR,8.0,73,12,6.083333333333333
11,Ned Flanders,257,12,9,HOMR,8.0,43,4,10.75
101,Nelson Muntz,257,12,9,HOMR,8.0,6,3,2.0
3,Seymour Skinner,257,12,9,HOMR,8.0,43,2,21.5
208,Apu Nahasapeemapetilon,258,12,10,Pokey Mom,7.3,16,1,16.0
8,Bart Simpson,258,12,10,Pokey Mom,7.3,65,15,4.333333333333333
71,Chief Wiggum,258,12,10,Pokey Mom,7.3,111,11,10.090909090909092
332,Dr. Julius Hibbert,258,12,10,Pokey Mom,7.3,61,4,15.25
40,Edna Krabappel-Flanders,258,12,10,Pokey Mom,7.3,5,1,5.0
1078,Gary Chalmers,258,12,10,Pokey Mom,7.3,13,1,13.0
404,Groundskeeper Willie,258,12,10,Pokey Mom,7.3,14,1,14.0
2,Homer Simpson,258,12,10,Pokey Mom,7.3,379,50,7.58
165,Lenny Leonard,258,12,10,Pokey Mom,7.3,23,3,7.666666666666667
9,Lisa Simpson,258,12,10,Pokey Mom,7.3,42,7,6.0
1,Marge Simpson,258,12,10,Pokey Mom,7.3,627,69,9.08695652173913
25,Milhouse Van Houten,258,12,10,Pokey Mom,7.3,6,1,6.0
17,Moe Szyslak,258,12,10,Pokey Mom,7.3,42,5,8.4
11,Ned Flanders,258,12,10,Pokey Mom,7.3,7,1,7.0
101,Nelson Muntz,258,12,10,Pokey Mom,7.3,14,2,7.0
3,Seymour Skinner,258,12,10,Pokey Mom,7.3,251,25,10.04
208,Apu Nahasapeemapetilon,259,12,11,Worst Episode Ever,7.5,32,5,6.4
8,Bart Simpson,259,12,11,Worst Episode Ever,7.5,359,43,8.348837209302326
170,Carl Carlson,259,12,11,Worst Episode Ever,7.5,13,2,6.5
71,Chief Wiggum,259,12,11,Worst Episode Ever,7.5,91,8,11.375
801,Comic Book Guy,259,12,11,Worst Episode Ever,7.5,369,39,9.461538461538462
332,Dr. Julius Hibbert,259,12,11,Worst Episode Ever,7.5,119,7,17.0
2,Homer Simpson,259,12,11,Worst Episode Ever,7.5,170,21,8.095238095238095
165,Lenny Leonard,259,12,11,Worst Episode Ever,7.5,9,3,3.0
9,Lisa Simpson,259,12,11,Worst Episode Ever,7.5,92,9,10.222222222222221
1,Marge Simpson,259,12,11,Worst Episode Ever,7.5,63,7,9.0
25,Milhouse Van Houten,259,12,11,Worst Episode Ever,7.5,354,48,7.375
17,Moe Szyslak,259,12,11,Worst Episode Ever,7.5,54,7,7.714285714285714
11,Ned Flanders,259,12,11,Worst Episode Ever,7.5,52,6,8.666666666666666
101,Nelson Muntz,259,12,11,Worst Episode Ever,7.5,11,1,11.0
3,Seymour Skinner,259,12,11,Worst Episode Ever,7.5,26,3,8.666666666666666
33,Announcer,260,12,12,Tennis the Menace,6.9,1,1,1.0
8,Bart Simpson,260,12,12,Tennis the Menace,6.9,139,22,6.318181818181818
15,C. Montgomery Burns,260,12,12,Tennis the Menace,6.9,14,2,7.0
170,Carl Carlson,260,12,12,Tennis the Menace,6.9,27,2,13.5
71,Chief Wiggum,260,12,12,Tennis the Menace,6.9,92,12,7.666666666666667
332,Dr. Julius Hibbert,260,12,12,Tennis the Menace,6.9,22,2,11.0
31,Grampa Simpson,260,12,12,Tennis the Menace,6.9,84,12,7.0
2,Homer Simpson,260,12,12,Tennis the Menace,6.9,827,112,7.383928571428571
211,Kent Brockman,260,12,12,Tennis the Menace,6.9,24,3,8.0
139,Krusty the Clown,260,12,12,Tennis the Menace,6.9,70,6,11.666666666666666
165,Lenny Leonard,260,12,12,Tennis the Menace,6.9,21,3,7.0
9,Lisa Simpson,260,12,12,Tennis the Menace,6.9,135,17,7.9411764705882355
1,Marge Simpson,260,12,12,Tennis the Menace,6.9,387,44,8.795454545454545
17,Moe Szyslak,260,12,12,Tennis the Menace,6.9,19,3,6.333333333333333
11,Ned Flanders,260,12,12,Tennis the Menace,6.9,8,2,4.0
14,Waylon Smithers,260,12,12,Tennis the Menace,6.9,20,2,10.0
33,Announcer,261,12,13,Day of the Jackanapes,7.2,12,1,12.0
8,Bart Simpson,261,12,13,Day of the Jackanapes,7.2,100,18,5.555555555555555
71,Chief Wiggum,261,12,13,Day of the Jackanapes,7.2,122,11,11.090909090909092
332,Dr. Julius Hibbert,261,12,13,Day of the Jackanapes,7.2,41,3,13.666666666666666
2,Homer Simpson,261,12,13,Day of the Jackanapes,7.2,69,9,7.666666666666667
211,Kent Brockman,261,12,13,Day of the Jackanapes,7.2,82,8,10.25
139,Krusty the Clown,261,12,13,Day of the Jackanapes,7.2,590,43,13.720930232558139
9,Lisa Simpson,261,12,13,Day of the Jackanapes,7.2,12,2,6.0
1,Marge Simpson,261,12,13,Day of the Jackanapes,7.2,44,5,8.8
17,Moe Szyslak,261,12,13,Day of the Jackanapes,7.2,87,11,7.909090909090909
3,Seymour Skinner,261,12,13,Day of the Jackanapes,7.2,56,5,11.2
153,Sideshow Bob,261,12,13,Day of the Jackanapes,7.2,537,63,8.523809523809524
14,Waylon Smithers,261,12,13,Day of the Jackanapes,7.2,5,1,5.0
33,Announcer,262,12,14,New Kids on the Blecch,7.2,48,3,16.0
8,Bart Simpson,262,12,14,New Kids on the Blecch,7.2,205,32,6.40625
15,C. Montgomery Burns,262,12,14,New Kids on the Blecch,7.2,10,2,5.0
170,Carl Carlson,262,12,14,New Kids on the Blecch,7.2,4,1,4.0
71,Chief Wiggum,262,12,14,New Kids on the Blecch,7.2,16,1,16.0
801,Comic Book Guy,262,12,14,New Kids on the Blecch,7.2,18,2,9.0
2,Homer Simpson,262,12,14,New Kids on the Blecch,7.2,231,19,12.157894736842104
211,Kent Brockman,262,12,14,New Kids on the Blecch,7.2,100,5,20.0
165,Lenny Leonard,262,12,14,New Kids on the Blecch,7.2,2,1,2.0
9,Lisa Simpson,262,12,14,New Kids on the Blecch,7.2,144,22,6.545454545454546
1,Marge Simpson,262,12,14,New Kids on the Blecch,7.2,83,11,7.545454545454546
25,Milhouse Van Houten,262,12,14,New Kids on the Blecch,7.2,52,11,4.7272727272727275
17,Moe Szyslak,262,12,14,New Kids on the Blecch,7.2,12,1,12.0
101,Nelson Muntz,262,12,14,New Kids on the Blecch,7.2,74,11,6.7272727272727275
3,Seymour Skinner,262,12,14,New Kids on the Blecch,7.2,66,5,13.2
14,Waylon Smithers,262,12,14,New Kids on the Blecch,7.2,6,1,6.0
8,Bart Simpson,263,12,15,"Hungry, Hungry Homer",7.4,57,12,4.75
170,Carl Carlson,263,12,15,"Hungry, Hungry Homer",7.4,24,4,6.0
71,Chief Wiggum,263,12,15,"Hungry, Hungry Homer",7.4,6,1,6.0
40,Edna Krabappel-Flanders,263,12,15,"Hungry, Hungry Homer",7.4,23,3,7.666666666666667
2,Homer Simpson,263,12,15,"Hungry, Hungry Homer",7.4,881,98,8.989795918367347
211,Kent Brockman,263,12,15,"Hungry, Hungry Homer",7.4,23,2,11.5
165,Lenny Leonard,263,12,15,"Hungry, Hungry Homer",7.4,58,5,11.6
9,Lisa Simpson,263,12,15,"Hungry, Hungry Homer",7.4,94,15,6.266666666666667
1,Marge Simpson,263,12,15,"Hungry, Hungry Homer",7.4,167,18,9.277777777777779
25,Milhouse Van Houten,263,12,15,"Hungry, Hungry Homer",7.4,10,3,3.3333333333333335
17,Moe Szyslak,263,12,15,"Hungry, Hungry Homer",7.4,36,4,9.0
101,Nelson Muntz,263,12,15,"Hungry, Hungry Homer",7.4,3,1,3.0
3,Seymour Skinner,263,12,15,"Hungry, Hungry Homer",7.4,8,1,8.0
208,Apu Nahasapeemapetilon,264,12,16,"Bye, Bye, Nerdie",6.5,11,2,5.5
8,Bart Simpson,264,12,16,"Bye, Bye, Nerdie",6.5,39,5,7.8
332,Dr. Julius Hibbert,264,12,16,"Bye, Bye, Nerdie",6.5,14,1,14.0
40,Edna Krabappel-Flanders,264,12,16,"Bye, Bye, Nerdie",6.5,9,2,4.5
404,Groundskeeper Willie,264,12,16,"Bye, Bye, Nerdie",6.5,49,7,7.0
2,Homer Simpson,264,12,16,"Bye, Bye, Nerdie",6.5,383,49,7.816326530612245
211,Kent Brockman,264,12,16,"Bye, Bye, Nerdie",6.5,38,3,12.666666666666666
9,Lisa Simpson,264,12,16,"Bye, Bye, Nerdie",6.5,494,56,8.821428571428571
1,Marge Simpson,264,12,16,"Bye, Bye, Nerdie",6.5,220,32,6.875
25,Milhouse Van Houten,264,12,16,"Bye, Bye, Nerdie",6.5,43,5,8.6
101,Nelson Muntz,264,12,16,"Bye, Bye, Nerdie",6.5,88,11,8.0
3,Seymour Skinner,264,12,16,"Bye, Bye, Nerdie",6.5,17,2,8.5
8,Bart Simpson,265,12,17,Simpson Safari,6.9,134,27,4.962962962962963
170,Carl Carlson,265,12,17,Simpson Safari,6.9,1,1,1.0
332,Dr. Julius Hibbert,265,12,17,Simpson Safari,6.9,25,4,6.25
2,Homer Simpson,265,12,17,Simpson Safari,6.9,578,78,7.410256410256411
211,Kent Brockman,265,12,17,Simpson Safari,6.9,26,2,13.0
165,Lenny Leonard,265,12,17,Simpson Safari,6.9,24,3,8.0
9,Lisa Simpson,265,12,17,Simpson Safari,6.9,239,37,6.45945945945946
1,Marge Simpson,265,12,17,Simpson Safari,6.9,192,33,5.818181818181818
17,Moe Szyslak,265,12,17,Simpson Safari,6.9,13,1,13.0
8,Bart Simpson,266,12,18,Trilogy of Error,8.6,108,22,4.909090909090909
71,Chief Wiggum,266,12,18,Trilogy of Error,8.6,213,20,10.65
332,Dr. Julius Hibbert,266,12,18,Trilogy of Error,8.6,30,3,10.0
2,Homer Simpson,266,12,18,Trilogy of Error,8.6,378,56,6.75
139,Krusty the Clown,266,12,18,Trilogy of Error,8.6,30,3,10.0
9,Lisa Simpson,266,12,18,Trilogy of Error,8.6,340,42,8.095238095238095
1,Marge Simpson,266,12,18,Trilogy of Error,8.6,209,38,5.5
25,Milhouse Van Houten,266,12,18,Trilogy of Error,8.6,52,9,5.777777777777778
17,Moe Szyslak,266,12,18,Trilogy of Error,8.6,42,4,10.5
11,Ned Flanders,266,12,18,Trilogy of Error,8.6,30,5,6.0
208,Apu Nahasapeemapetilon,267,12,19,I'm Goin' to Praiseland,7.3,3,1,3.0
8,Bart Simpson,267,12,19,I'm Goin' to Praiseland,7.3,90,12,7.5
170,Carl Carlson,267,12,19,I'm Goin' to Praiseland,7.3,16,1,16.0
71,Chief Wiggum,267,12,19,I'm Goin' to Praiseland,7.3,69,9,7.666666666666667
801,Comic Book Guy,267,12,19,I'm Goin' to Praiseland,7.3,14,3,4.666666666666667
332,Dr. Julius Hibbert,267,12,19,I'm Goin' to Praiseland,7.3,25,3,8.333333333333334
1078,Gary Chalmers,267,12,19,I'm Goin' to Praiseland,7.3,20,2,10.0
404,Groundskeeper Willie,267,12,19,I'm Goin' to Praiseland,7.3,18,2,9.0
2,Homer Simpson,267,12,19,I'm Goin' to Praiseland,7.3,350,44,7.954545454545454
211,Kent Brockman,267,12,19,I'm Goin' to Praiseland,7.3,28,2,14.0
139,Krusty the Clown,267,12,19,I'm Goin' to Praiseland,7.3,16,1,16.0
165,Lenny Leonard,267,12,19,I'm Goin' to Praiseland,7.3,20,2,10.0
9,Lisa Simpson,267,12,19,I'm Goin' to Praiseland,7.3,105,14,7.5
1,Marge Simpson,267,12,19,I'm Goin' to Praiseland,7.3,101,11,9.181818181818182
240,Mayor Joe Quimby,267,12,19,I'm Goin' to Praiseland,7.3,16,1,16.0
25,Milhouse Van Houten,267,12,19,I'm Goin' to Praiseland,7.3,10,1,10.0
17,Moe Szyslak,267,12,19,I'm Goin' to Praiseland,7.3,29,4,7.25
11,Ned Flanders,267,12,19,I'm Goin' to Praiseland,7.3,735,72,10.208333333333334
101,Nelson Muntz,267,12,19,I'm Goin' to Praiseland,7.3,18,3,6.0
140,Rev. Timothy Lovejoy,267,12,19,I'm Goin' to Praiseland,7.3,34,4,8.5
3,Seymour Skinner,267,12,19,I'm Goin' to Praiseland,7.3,77,5,15.4
208,Apu Nahasapeemapetilon,268,12,20,Children of a Lesser Clod,7.3,24,4,6.0
8,Bart Simpson,268,12,20,Children of a Lesser Clod,7.3,138,16,8.625
15,C. Montgomery Burns,268,12,20,Children of a Lesser Clod,7.3,23,3,7.666666666666667
170,Carl Carlson,268,12,20,Children of a Lesser Clod,7.3,46,4,11.5
71,Chief Wiggum,268,12,20,Children of a Lesser Clod,7.3,17,2,8.5
801,Comic Book Guy,268,12,20,Children of a Lesser Clod,7.3,3,1,3.0
332,Dr. Julius Hibbert,268,12,20,Children of a Lesser Clod,7.3,130,14,9.285714285714286
31,Grampa Simpson,268,12,20,Children of a Lesser Clod,7.3,63,6,10.5
404,Groundskeeper Willie,268,12,20,Children of a Lesser Clod,7.3,8,1,8.0
2,Homer Simpson,268,12,20,Children of a Lesser Clod,7.3,733,84,8.726190476190476
211,Kent Brockman,268,12,20,Children of a Lesser Clod,7.3,50,4,12.5
139,Krusty the Clown,268,12,20,Children of a Lesser Clod,7.3,202,12,16.833333333333332
165,Lenny Leonard,268,12,20,Children of a Lesser Clod,7.3,25,4,6.25
9,Lisa Simpson,268,12,20,Children of a Lesser Clod,7.3,93,14,6.642857142857143
1,Marge Simpson,268,12,20,Children of a Lesser Clod,7.3,77,10,7.7
25,Milhouse Van Houten,268,12,20,Children of a Lesser Clod,7.3,51,9,5.666666666666667
17,Moe Szyslak,268,12,20,Children of a Lesser Clod,7.3,13,4,3.25
11,Ned Flanders,268,12,20,Children of a Lesser Clod,7.3,113,9,12.555555555555555
101,Nelson Muntz,268,12,20,Children of a Lesser Clod,7.3,1,1,1.0
3,Seymour Skinner,268,12,20,Children of a Lesser Clod,7.3,24,4,6.0
208,Apu Nahasapeemapetilon,269,12,21,Simpsons Tall Tales,7.0,34,3,11.333333333333334
8,Bart Simpson,269,12,21,Simpsons Tall Tales,7.0,26,4,6.5
170,Carl Carlson,269,12,21,Simpsons Tall Tales,7.0,21,1,21.0
71,Chief Wiggum,269,12,21,Simpsons Tall Tales,7.0,8,1,8.0
332,Dr. Julius Hibbert,269,12,21,Simpsons Tall Tales,7.0,11,2,5.5
31,Grampa Simpson,269,12,21,Simpsons Tall Tales,7.0,17,3,5.666666666666667
404,Groundskeeper Willie,269,12,21,Simpsons Tall Tales,7.0,13,1,13.0
2,Homer Simpson,269,12,21,Simpsons Tall Tales,7.0,168,20,8.4
165,Lenny Leonard,269,12,21,Simpsons Tall Tales,7.0,10,3,3.3333333333333335
9,Lisa Simpson,269,12,21,Simpsons Tall Tales,7.0,79,9,8.777777777777779
1,Marge Simpson,269,12,21,Simpsons Tall Tales,7.0,105,17,6.176470588235294
240,Mayor Joe Quimby,269,12,21,Simpsons Tall Tales,7.0,8,1,8.0
25,Milhouse Van Houten,269,12,21,Simpsons Tall Tales,7.0,8,1,8.0
17,Moe Szyslak,269,12,21,Simpsons Tall Tales,7.0,22,5,4.4
140,Rev. Timothy Lovejoy,269,12,21,Simpsons Tall Tales,7.0,11,1,11.0
3,Seymour Skinner,269,12,21,Simpsons Tall Tales,7.0,7,1,7.0
8,Bart Simpson,270,13,1,Treehouse of Horror XII,7.5,109,22,4.954545454545454
15,C. Montgomery Burns,270,13,1,Treehouse of Horror XII,7.5,25,3,8.333333333333334
170,Carl Carlson,270,13,1,Treehouse of Horror XII,7.5,17,2,8.5
40,Edna Krabappel-Flanders,270,13,1,Treehouse of Horror XII,7.5,81,6,13.5
2,Homer Simpson,270,13,1,Treehouse of Horror XII,7.5,322,47,6.851063829787234
165,Lenny Leonard,270,13,1,Treehouse of Horror XII,7.5,12,1,12.0
9,Lisa Simpson,270,13,1,Treehouse of Horror XII,7.5,139,22,6.318181818181818
1,Marge Simpson,270,13,1,Treehouse of Horror XII,7.5,214,39,5.487179487179487
25,Milhouse Van Houten,270,13,1,Treehouse of Horror XII,7.5,27,5,5.4
17,Moe Szyslak,270,13,1,Treehouse of Horror XII,7.5,14,1,14.0
101,Nelson Muntz,270,13,1,Treehouse of Horror XII,7.5,12,1,12.0
3,Seymour Skinner,270,13,1,Treehouse of Horror XII,7.5,38,4,9.5
14,Waylon Smithers,270,13,1,Treehouse of Horror XII,7.5,2,1,2.0
33,Announcer,271,13,2,The Parent Rap,7.1,22,1,22.0
8,Bart Simpson,271,13,2,The Parent Rap,7.1,291,50,5.82
71,Chief Wiggum,271,13,2,The Parent Rap,7.1,118,12,9.833333333333334
801,Comic Book Guy,271,13,2,The Parent Rap,7.1,3,1,3.0
40,Edna Krabappel-Flanders,271,13,2,The Parent Rap,7.1,42,5,8.4
2,Homer Simpson,271,13,2,The Parent Rap,7.1,621,95,6.536842105263158
211,Kent Brockman,271,13,2,The Parent Rap,7.1,23,2,11.5
9,Lisa Simpson,271,13,2,The Parent Rap,7.1,110,14,7.857142857142857
1,Marge Simpson,271,13,2,The Parent Rap,7.1,319,39,8.179487179487179
25,Milhouse Van Houten,271,13,2,The Parent Rap,7.1,50,9,5.555555555555555
17,Moe Szyslak,271,13,2,The Parent Rap,7.1,33,6,5.5
11,Ned Flanders,271,13,2,The Parent Rap,7.1,57,6,9.5
101,Nelson Muntz,271,13,2,The Parent Rap,7.1,2,1,2.0
3,Seymour Skinner,271,13,2,The Parent Rap,7.1,1,1,1.0
8,Bart Simpson,272,13,3,Homer the Moe,7.2,81,18,4.5
170,Carl Carlson,272,13,3,Homer the Moe,7.2,119,15,7.933333333333334
2,Homer Simpson,272,13,3,Homer the Moe,7.2,742,98,7.571428571428571
165,Lenny Leonard,272,13,3,Homer the Moe,7.2,91,15,6.066666666666666
9,Lisa Simpson,272,13,3,Homer the Moe,7.2,160,21,7.619047619047619
1,Marge Simpson,272,13,3,Homer the Moe,7.2,69,7,9.857142857142858
17,Moe Szyslak,272,13,3,Homer the Moe,7.2,754,76,9.921052631578947
8,Bart Simpson,273,13,4,A Hunka Hunka Burns in Love,7.2,23,3,7.666666666666667
15,C. Montgomery Burns,273,13,4,A Hunka Hunka Burns in Love,7.2,731,73,10.013698630136986
170,Carl Carlson,273,13,4,A Hunka Hunka Burns in Love,7.2,30,4,7.5
71,Chief Wiggum,273,13,4,A Hunka Hunka Burns in Love,7.2,116,11,10.545454545454545
2,Homer Simpson,273,13,4,A Hunka Hunka Burns in Love,7.2,335,41,8.170731707317072
211,Kent Brockman,273,13,4,A Hunka Hunka Burns in Love,7.2,110,4,27.5
165,Lenny Leonard,273,13,4,A Hunka Hunka Burns in Love,7.2,15,2,7.5
9,Lisa Simpson,273,13,4,A Hunka Hunka Burns in Love,7.2,71,11,6.454545454545454
1,Marge Simpson,273,13,4,A Hunka Hunka Burns in Love,7.2,75,12,6.25
11,Ned Flanders,273,13,4,A Hunka Hunka Burns in Love,7.2,1,1,1.0
14,Waylon Smithers,273,13,4,A Hunka Hunka Burns in Love,7.2,48,8,6.0
8,Bart Simpson,274,13,5,The Blunder Years,7.7,42,8,5.25
15,C. Montgomery Burns,274,13,5,The Blunder Years,7.7,247,22,11.227272727272727
170,Carl Carlson,274,13,5,The Blunder Years,7.7,28,3,9.333333333333334
71,Chief Wiggum,274,13,5,The Blunder Years,7.7,151,13,11.615384615384615
2,Homer Simpson,274,13,5,The Blunder Years,7.7,494,56,8.821428571428571
165,Lenny Leonard,274,13,5,The Blunder Years,7.7,34,5,6.8
9,Lisa Simpson,274,13,5,The Blunder Years,7.7,137,20,6.85
1,Marge Simpson,274,13,5,The Blunder Years,7.7,312,45,6.933333333333334
17,Moe Szyslak,274,13,5,The Blunder Years,7.7,366,20,18.3
11,Ned Flanders,274,13,5,The Blunder Years,7.7,4,1,4.0
14,Waylon Smithers,274,13,5,The Blunder Years,7.7,29,4,7.25
33,Announcer,275,13,6,She of Little Faith,7.1,19,2,9.5
8,Bart Simpson,275,13,6,She of Little Faith,7.1,139,23,6.043478260869565
15,C. Montgomery Burns,275,13,6,She of Little Faith,7.1,129,13,9.923076923076923
170,Carl Carlson,275,13,6,She of Little Faith,7.1,54,5,10.8
801,Comic Book Guy,275,13,6,She of Little Faith,7.1,8,1,8.0
2,Homer Simpson,275,13,6,She of Little Faith,7.1,328,33,9.93939393939394
165,Lenny Leonard,275,13,6,She of Little Faith,7.1,43,6,7.166666666666667
9,Lisa Simpson,275,13,6,She of Little Faith,7.1,429,55,7.8
1,Marge Simpson,275,13,6,She of Little Faith,7.1,349,43,8.116279069767442
25,Milhouse Van Houten,275,13,6,She of Little Faith,7.1,24,4,6.0
11,Ned Flanders,275,13,6,She of Little Faith,7.1,57,5,11.4
101,Nelson Muntz,275,13,6,She of Little Faith,7.1,8,1,8.0
140,Rev. Timothy Lovejoy,275,13,6,She of Little Faith,7.1,170,15,11.333333333333334
8,Bart Simpson,276,13,7,Brawl in the Family,6.9,140,18,7.777777777777778
15,C. Montgomery Burns,276,13,7,Brawl in the Family,6.9,45,3,15.0
170,Carl Carlson,276,13,7,Brawl in the Family,6.9,8,1,8.0
71,Chief Wiggum,276,13,7,Brawl in the Family,6.9,79,6,13.166666666666666
31,Grampa Simpson,276,13,7,Brawl in the Family,6.9,85,7,12.142857142857142
404,Groundskeeper Willie,276,13,7,Brawl in the Family,6.9,8,1,8.0
2,Homer Simpson,276,13,7,Brawl in the Family,6.9,530,59,8.983050847457626
139,Krusty the Clown,276,13,7,Brawl in the Family,6.9,19,1,19.0
165,Lenny Leonard,276,13,7,Brawl in the Family,6.9,13,2,6.5
9,Lisa Simpson,276,13,7,Brawl in the Family,6.9,180,23,7.826086956521739
1,Marge Simpson,276,13,7,Brawl in the Family,6.9,256,26,9.846153846153847
25,Milhouse Van Houten,276,13,7,Brawl in the Family,6.9,12,1,12.0
17,Moe Szyslak,276,13,7,Brawl in the Family,6.9,26,2,13.0
11,Ned Flanders,276,13,7,Brawl in the Family,6.9,105,8,13.125
101,Nelson Muntz,276,13,7,Brawl in the Family,6.9,6,1,6.0
3,Seymour Skinner,276,13,7,Brawl in the Family,6.9,4,1,4.0
208,Apu Nahasapeemapetilon,277,13,8,Sweets and Sour Marge,7.0,95,11,8.636363636363637
8,Bart Simpson,277,13,8,Sweets and Sour Marge,7.0,56,8,7.0
15,C. Montgomery Burns,277,13,8,Sweets and Sour Marge,7.0,28,4,7.0
170,Carl Carlson,277,13,8,Sweets and Sour Marge,7.0,12,3,4.0
71,Chief Wiggum,277,13,8,Sweets and Sour Marge,7.0,58,8,7.25
801,Comic Book Guy,277,13,8,Sweets and Sour Marge,7.0,20,1,20.0
332,Dr. Julius Hibbert,277,13,8,Sweets and Sour Marge,7.0,34,3,11.333333333333334
404,Groundskeeper Willie,277,13,8,Sweets and Sour Marge,7.0,8,1,8.0
2,Homer Simpson,277,13,8,Sweets and Sour Marge,7.0,495,64,7.734375
211,Kent Brockman,277,13,8,Sweets and Sour Marge,7.0,63,3,21.0
139,Krusty the Clown,277,13,8,Sweets and Sour Marge,7.0,22,1,22.0
165,Lenny Leonard,277,13,8,Sweets and Sour Marge,7.0,48,4,12.0
9,Lisa Simpson,277,13,8,Sweets and Sour Marge,7.0,92,11,8.363636363636363
1,Marge Simpson,277,13,8,Sweets and Sour Marge,7.0,345,44,7.840909090909091
240,Mayor Joe Quimby,277,13,8,Sweets and Sour Marge,7.0,20,1,20.0
17,Moe Szyslak,277,13,8,Sweets and Sour Marge,7.0,42,5,8.4
101,Nelson Muntz,277,13,8,Sweets and Sour Marge,7.0,2,1,2.0
3,Seymour Skinner,277,13,8,Sweets and Sour Marge,7.0,10,1,10.0
208,Apu Nahasapeemapetilon,278,13,9,Jaws Wired Shut,7.3,11,1,11.0
8,Bart Simpson,278,13,9,Jaws Wired Shut,7.3,107,10,10.7
15,C. Montgomery Burns,278,13,9,Jaws Wired Shut,7.3,22,2,11.0
170,Carl Carlson,278,13,9,Jaws Wired Shut,7.3,16,3,5.333333333333333
332,Dr. Julius Hibbert,278,13,9,Jaws Wired Shut,7.3,90,6,15.0
31,Grampa Simpson,278,13,9,Jaws Wired Shut,7.3,45,2,22.5
2,Homer Simpson,278,13,9,Jaws Wired Shut,7.3,434,53,8.18867924528302
165,Lenny Leonard,278,13,9,Jaws Wired Shut,7.3,30,5,6.0
9,Lisa Simpson,278,13,9,Jaws Wired Shut,7.3,116,15,7.733333333333333
1,Marge Simpson,278,13,9,Jaws Wired Shut,7.3,456,44,10.363636363636363
240,Mayor Joe Quimby,278,13,9,Jaws Wired Shut,7.3,18,1,18.0
25,Milhouse Van Houten,278,13,9,Jaws Wired Shut,7.3,24,3,8.0
17,Moe Szyslak,278,13,9,Jaws Wired Shut,7.3,56,6,9.333333333333334
140,Rev. Timothy Lovejoy,278,13,9,Jaws Wired Shut,7.3,1,1,1.0
14,Waylon Smithers,278,13,9,Jaws Wired Shut,7.3,4,1,4.0
8,Bart Simpson,279,13,10,Half-Decent Proposal,7.5,54,6,9.0
170,Carl Carlson,279,13,10,Half-Decent Proposal,7.5,22,4,5.5
71,Chief Wiggum,279,13,10,Half-Decent Proposal,7.5,19,2,9.5
801,Comic Book Guy,279,13,10,Half-Decent Proposal,7.5,8,1,8.0
332,Dr. Julius Hibbert,279,13,10,Half-Decent Proposal,7.5,19,3,6.333333333333333
31,Grampa Simpson,279,13,10,Half-Decent Proposal,7.5,9,1,9.0
2,Homer Simpson,279,13,10,Half-Decent Proposal,7.5,519,49,10.591836734693878
211,Kent Brockman,279,13,10,Half-Decent Proposal,7.5,28,1,28.0
165,Lenny Leonard,279,13,10,Half-Decent Proposal,7.5,83,13,6.384615384615385
9,Lisa Simpson,279,13,10,Half-Decent Proposal,7.5,69,8,8.625
1,Marge Simpson,279,13,10,Half-Decent Proposal,7.5,441,54,8.166666666666666
25,Milhouse Van Houten,279,13,10,Half-Decent Proposal,7.5,24,3,8.0
17,Moe Szyslak,279,13,10,Half-Decent Proposal,7.5,40,3,13.333333333333334
8,Bart Simpson,280,13,11,The Bart Wants What It Wants,7.1,461,52,8.865384615384615
170,Carl Carlson,280,13,11,The Bart Wants What It Wants,7.1,12,4,3.0
71,Chief Wiggum,280,13,11,The Bart Wants What It Wants,7.1,18,3,6.0
404,Groundskeeper Willie,280,13,11,The Bart Wants What It Wants,7.1,12,2,6.0
2,Homer Simpson,280,13,11,The Bart Wants What It Wants,7.1,265,34,7.794117647058823
139,Krusty the Clown,280,13,11,The Bart Wants What It Wants,7.1,32,2,16.0
165,Lenny Leonard,280,13,11,The Bart Wants What It Wants,7.1,33,3,11.0
9,Lisa Simpson,280,13,11,The Bart Wants What It Wants,7.1,159,20,7.95
1,Marge Simpson,280,13,11,The Bart Wants What It Wants,7.1,113,12,9.416666666666666
25,Milhouse Van Houten,280,13,11,The Bart Wants What It Wants,7.1,133,18,7.388888888888889
17,Moe Szyslak,280,13,11,The Bart Wants What It Wants,7.1,25,2,12.5
11,Ned Flanders,280,13,11,The Bart Wants What It Wants,7.1,7,1,7.0
101,Nelson Muntz,280,13,11,The Bart Wants What It Wants,7.1,5,1,5.0
3,Seymour Skinner,280,13,11,The Bart Wants What It Wants,7.1,162,14,11.571428571428571
33,Announcer,281,13,12,The Lastest Gun in the West,6.5,36,2,18.0
208,Apu Nahasapeemapetilon,281,13,12,The Lastest Gun in the West,6.5,20,2,10.0
8,Bart Simpson,281,13,12,The Lastest Gun in the West,6.5,342,52,6.576923076923077
71,Chief Wiggum,281,13,12,The Lastest Gun in the West,6.5,22,2,11.0
31,Grampa Simpson,281,13,12,The Lastest Gun in the West,6.5,45,5,9.0
2,Homer Simpson,281,13,12,The Lastest Gun in the West,6.5,315,35,9.0
211,Kent Brockman,281,13,12,The Lastest Gun in the West,6.5,58,3,19.333333333333332
139,Krusty the Clown,281,13,12,The Lastest Gun in the West,6.5,156,15,10.4
9,Lisa Simpson,281,13,12,The Lastest Gun in the West,6.5,109,15,7.266666666666667
1,Marge Simpson,281,13,12,The Lastest Gun in the West,6.5,163,17,9.588235294117647
25,Milhouse Van Houten,281,13,12,The Lastest Gun in the West,6.5,41,7,5.857142857142857
101,Nelson Muntz,281,13,12,The Lastest Gun in the West,6.5,17,3,5.666666666666667
33,Announcer,282,13,13,The Old Man and the Key,6.5,17,1,17.0
208,Apu Nahasapeemapetilon,282,13,13,The Old Man and the Key,6.5,36,6,6.0
8,Bart Simpson,282,13,13,The Old Man and the Key,6.5,68,14,4.857142857142857
71,Chief Wiggum,282,13,13,The Old Man and the Key,6.5,51,5,10.2
31,Grampa Simpson,282,13,13,The Old Man and the Key,6.5,744,93,8.0
2,Homer Simpson,282,13,13,The Old Man and the Key,6.5,303,38,7.973684210526316
9,Lisa Simpson,282,13,13,The Old Man and the Key,6.5,115,15,7.666666666666667
1,Marge Simpson,282,13,13,The Old Man and the Key,6.5,172,22,7.818181818181818
11,Ned Flanders,282,13,13,The Old Man and the Key,6.5,3,1,3.0
208,Apu Nahasapeemapetilon,283,13,14,Tales from the Public Domain,7.3,16,1,16.0
8,Bart Simpson,283,13,14,Tales from the Public Domain,7.3,104,11,9.454545454545455
170,Carl Carlson,283,13,14,Tales from the Public Domain,7.3,18,2,9.0
71,Chief Wiggum,283,13,14,Tales from the Public Domain,7.3,66,8,8.25
404,Groundskeeper Willie,283,13,14,Tales from the Public Domain,7.3,29,2,14.5
2,Homer Simpson,283,13,14,Tales from the Public Domain,7.3,445,39,11.41025641025641
139,Krusty the Clown,283,13,14,Tales from the Public Domain,7.3,107,8,13.375
165,Lenny Leonard,283,13,14,Tales from the Public Domain,7.3,31,6,5.166666666666667
9,Lisa Simpson,283,13,14,Tales from the Public Domain,7.3,256,28,9.142857142857142
1,Marge Simpson,283,13,14,Tales from the Public Domain,7.3,206,22,9.363636363636363
240,Mayor Joe Quimby,283,13,14,Tales from the Public Domain,7.3,51,5,10.2
25,Milhouse Van Houten,283,13,14,Tales from the Public Domain,7.3,48,6,8.0
17,Moe Szyslak,283,13,14,Tales from the Public Domain,7.3,197,18,10.944444444444445
11,Ned Flanders,283,13,14,Tales from the Public Domain,7.3,34,5,6.8
8,Bart Simpson,284,13,15,Blame It on Lisa,7.0,154,23,6.695652173913044
2,Homer Simpson,284,13,15,Blame It on Lisa,7.0,482,62,7.774193548387097
165,Lenny Leonard,284,13,15,Blame It on Lisa,7.0,32,2,16.0
9,Lisa Simpson,284,13,15,Blame It on Lisa,7.0,274,30,9.133333333333333
1,Marge Simpson,284,13,15,Blame It on Lisa,7.0,254,33,7.696969696969697
8,Bart Simpson,285,13,16,Weekend at Burnsie's,7.7,32,3,10.666666666666666
15,C. Montgomery Burns,285,13,16,Weekend at Burnsie's,7.7,304,23,13.217391304347826
170,Carl Carlson,285,13,16,Weekend at Burnsie's,7.7,20,2,10.0
71,Chief Wiggum,285,13,16,Weekend at Burnsie's,7.7,38,4,9.5
332,Dr. Julius Hibbert,285,13,16,Weekend at Burnsie's,7.7,101,7,14.428571428571429
2,Homer Simpson,285,13,16,Weekend at Burnsie's,7.7,876,89,9.842696629213483
211,Kent Brockman,285,13,16,Weekend at Burnsie's,7.7,29,1,29.0
165,Lenny Leonard,285,13,16,Weekend at Burnsie's,7.7,25,3,8.333333333333334
9,Lisa Simpson,285,13,16,Weekend at Burnsie's,7.7,66,7,9.428571428571429
1,Marge Simpson,285,13,16,Weekend at Burnsie's,7.7,277,28,9.892857142857142
17,Moe Szyslak,285,13,16,Weekend at Burnsie's,7.7,86,8,10.75
11,Ned Flanders,285,13,16,Weekend at Burnsie's,7.7,92,9,10.222222222222221
14,Waylon Smithers,285,13,16,Weekend at Burnsie's,7.7,120,11,10.909090909090908
8,Bart Simpson,286,13,17,Gump Roast,5.6,27,5,5.4
15,C. Montgomery Burns,286,13,17,Gump Roast,5.6,50,6,8.333333333333334
170,Carl Carlson,286,13,17,Gump Roast,5.6,1,1,1.0
71,Chief Wiggum,286,13,17,Gump Roast,5.6,83,8,10.375
332,Dr. Julius Hibbert,286,13,17,Gump Roast,5.6,5,1,5.0
31,Grampa Simpson,286,13,17,Gump Roast,5.6,41,4,10.25
2,Homer Simpson,286,13,17,Gump Roast,5.6,164,19,8.631578947368421
139,Krusty the Clown,286,13,17,Gump Roast,5.6,136,15,9.066666666666666
9,Lisa Simpson,286,13,17,Gump Roast,5.6,79,8,9.875
1,Marge Simpson,286,13,17,Gump Roast,5.6,45,4,11.25
17,Moe Szyslak,286,13,17,Gump Roast,5.6,12,4,3.0
11,Ned Flanders,286,13,17,Gump Roast,5.6,51,9,5.666666666666667
101,Nelson Muntz,286,13,17,Gump Roast,5.6,6,3,2.0
140,Rev. Timothy Lovejoy,286,13,17,Gump Roast,5.6,28,4,7.0
8,Bart Simpson,287,13,18,I Am Furious (Yellow),7.7,366,47,7.787234042553192
170,Carl Carlson,287,13,18,I Am Furious (Yellow),7.7,7,2,3.5
801,Comic Book Guy,287,13,18,I Am Furious (Yellow),7.7,124,12,10.333333333333334
332,Dr. Julius Hibbert,287,13,18,I Am Furious (Yellow),7.7,40,4,10.0
40,Edna Krabappel-Flanders,287,13,18,I Am Furious (Yellow),7.7,23,1,23.0
404,Groundskeeper Willie,287,13,18,I Am Furious (Yellow),7.7,12,1,12.0
2,Homer Simpson,287,13,18,I Am Furious (Yellow),7.7,304,41,7.414634146341464
139,Krusty the Clown,287,13,18,I Am Furious (Yellow),7.7,25,3,8.333333333333334
165,Lenny Leonard,287,13,18,I Am Furious (Yellow),7.7,23,3,7.666666666666667
9,Lisa Simpson,287,13,18,I Am Furious (Yellow),7.7,131,17,7.705882352941177
1,Marge Simpson,287,13,18,I Am Furious (Yellow),7.7,82,11,7.454545454545454
25,Milhouse Van Houten,287,13,18,I Am Furious (Yellow),7.7,35,6,5.833333333333333
17,Moe Szyslak,287,13,18,I Am Furious (Yellow),7.7,19,3,6.333333333333333
11,Ned Flanders,287,13,18,I Am Furious (Yellow),7.7,45,2,22.5
101,Nelson Muntz,287,13,18,I Am Furious (Yellow),7.7,33,5,6.6
3,Seymour Skinner,287,13,18,I Am Furious (Yellow),7.7,211,17,12.411764705882353
208,Apu Nahasapeemapetilon,288,13,19,The Sweetest Apu,6.9,556,51,10.901960784313726
8,Bart Simpson,288,13,19,The Sweetest Apu,6.9,34,6,5.666666666666667
170,Carl Carlson,288,13,19,The Sweetest Apu,6.9,9,2,4.5
801,Comic Book Guy,288,13,19,The Sweetest Apu,6.9,8,1,8.0
332,Dr. Julius Hibbert,288,13,19,The Sweetest Apu,6.9,9,2,4.5
31,Grampa Simpson,288,13,19,The Sweetest Apu,6.9,24,4,6.0
404,Groundskeeper Willie,288,13,19,The Sweetest Apu,6.9,1,1,1.0
2,Homer Simpson,288,13,19,The Sweetest Apu,6.9,455,53,8.584905660377359
139,Krusty the Clown,288,13,19,The Sweetest Apu,6.9,5,1,5.0
165,Lenny Leonard,288,13,19,The Sweetest Apu,6.9,15,3,5.0
9,Lisa Simpson,288,13,19,The Sweetest Apu,6.9,34,6,5.666666666666667
1,Marge Simpson,288,13,19,The Sweetest Apu,6.9,293,26,11.26923076923077
240,Mayor Joe Quimby,288,13,19,The Sweetest Apu,6.9,9,1,9.0
25,Milhouse Van Houten,288,13,19,The Sweetest Apu,6.9,7,1,7.0
17,Moe Szyslak,288,13,19,The Sweetest Apu,6.9,32,7,4.571428571428571
3,Seymour Skinner,288,13,19,The Sweetest Apu,6.9,71,3,23.666666666666668
8,Bart Simpson,289,13,20,Little Girl in the Big Ten,7.2,216,28,7.714285714285714
170,Carl Carlson,289,13,20,Little Girl in the Big Ten,7.2,2,1,2.0
332,Dr. Julius Hibbert,289,13,20,Little Girl in the Big Ten,7.2,88,5,17.6
1078,Gary Chalmers,289,13,20,Little Girl in the Big Ten,7.2,25,2,12.5
31,Grampa Simpson,289,13,20,Little Girl in the Big Ten,7.2,52,5,10.4
404,Groundskeeper Willie,289,13,20,Little Girl in the Big Ten,7.2,51,5,10.2
2,Homer Simpson,289,13,20,Little Girl in the Big Ten,7.2,169,24,7.041666666666667
139,Krusty the Clown,289,13,20,Little Girl in the Big Ten,7.2,11,1,11.0
165,Lenny Leonard,289,13,20,Little Girl in the Big Ten,7.2,5,1,5.0
9,Lisa Simpson,289,13,20,Little Girl in the Big Ten,7.2,391,53,7.377358490566038
1,Marge Simpson,289,13,20,Little Girl in the Big Ten,7.2,107,12,8.916666666666666
25,Milhouse Van Houten,289,13,20,Little Girl in the Big Ten,7.2,46,6,7.666666666666667
101,Nelson Muntz,289,13,20,Little Girl in the Big Ten,7.2,13,4,3.25
3592,Robert Pinsky,289,13,20,Little Girl in the Big Ten,7.2,672126,6,112021.0
3,Seymour Skinner,289,13,20,Little Girl in the Big Ten,7.2,127,8,15.875
8,Bart Simpson,290,13,21,The Frying Game,7.1,39,4,9.75
170,Carl Carlson,290,13,21,The Frying Game,7.1,38,6,6.333333333333333
71,Chief Wiggum,290,13,21,The Frying Game,7.1,198,16,12.375
2,Homer Simpson,290,13,21,The Frying Game,7.1,600,66,9.090909090909092
211,Kent Brockman,290,13,21,The Frying Game,7.1,32,1,32.0
165,Lenny Leonard,290,13,21,The Frying Game,7.1,68,5,13.6
9,Lisa Simpson,290,13,21,The Frying Game,7.1,41,6,6.833333333333333
1,Marge Simpson,290,13,21,The Frying Game,7.1,313,32,9.78125
17,Moe Szyslak,290,13,21,The Frying Game,7.1,85,9,9.444444444444445
140,Rev. Timothy Lovejoy,290,13,21,The Frying Game,7.1,22,5,4.4
3,Seymour Skinner,290,13,21,The Frying Game,7.1,13,1,13.0
208,Apu Nahasapeemapetilon,291,13,22,Poppa's Got a Brand New Badge,8.0,29,3,9.666666666666666
8,Bart Simpson,291,13,22,Poppa's Got a Brand New Badge,8.0,65,8,8.125
15,C. Montgomery Burns,291,13,22,Poppa's Got a Brand New Badge,8.0,20,1,20.0
170,Carl Carlson,291,13,22,Poppa's Got a Brand New Badge,8.0,59,8,7.375
71,Chief Wiggum,291,13,22,Poppa's Got a Brand New Badge,8.0,101,8,12.625
801,Comic Book Guy,291,13,22,Poppa's Got a Brand New Badge,8.0,12,1,12.0
332,Dr. Julius Hibbert,291,13,22,Poppa's Got a Brand New Badge,8.0,58,6,9.666666666666666
40,Edna Krabappel-Flanders,291,13,22,Poppa's Got a Brand New Badge,8.0,2,1,2.0
31,Grampa Simpson,291,13,22,Poppa's Got a Brand New Badge,8.0,6,2,3.0
404,Groundskeeper Willie,291,13,22,Poppa's Got a Brand New Badge,8.0,16,2,8.0
2,Homer Simpson,291,13,22,Poppa's Got a Brand New Badge,8.0,783,72,10.875
211,Kent Brockman,291,13,22,Poppa's Got a Brand New Badge,8.0,56,5,11.2
165,Lenny Leonard,291,13,22,Poppa's Got a Brand New Badge,8.0,61,8,7.625
9,Lisa Simpson,291,13,22,Poppa's Got a Brand New Badge,8.0,78,12,6.5
1,Marge Simpson,291,13,22,Poppa's Got a Brand New Badge,8.0,223,25,8.92
240,Mayor Joe Quimby,291,13,22,Poppa's Got a Brand New Badge,8.0,104,6,17.333333333333332
17,Moe Szyslak,291,13,22,Poppa's Got a Brand New Badge,8.0,24,5,4.8
11,Ned Flanders,291,13,22,Poppa's Got a Brand New Badge,8.0,20,5,4.0
3,Seymour Skinner,291,13,22,Poppa's Got a Brand New Badge,8.0,22,2,11.0
14,Waylon Smithers,291,13,22,Poppa's Got a Brand New Badge,8.0,13,1,13.0
8,Bart Simpson,292,14,1,Treehouse of Horror XIII,7.6,70,10,7.0
71,Chief Wiggum,292,14,1,Treehouse of Horror XIII,7.6,32,3,10.666666666666666
801,Comic Book Guy,292,14,1,Treehouse of Horror XIII,7.6,5,1,5.0
332,Dr. Julius Hibbert,292,14,1,Treehouse of Horror XIII,7.6,112,9,12.444444444444445
31,Grampa Simpson,292,14,1,Treehouse of Horror XIII,7.6,43,1,43.0
2,Homer Simpson,292,14,1,Treehouse of Horror XIII,7.6,531,69,7.695652173913044
211,Kent Brockman,292,14,1,Treehouse of Horror XIII,7.6,26,1,26.0
165,Lenny Leonard,292,14,1,Treehouse of Horror XIII,7.6,7,2,3.5
9,Lisa Simpson,292,14,1,Treehouse of Horror XIII,7.6,207,23,9.0
1,Marge Simpson,292,14,1,Treehouse of Horror XIII,7.6,234,25,9.36
240,Mayor Joe Quimby,292,14,1,Treehouse of Horror XIII,7.6,24,3,8.0
17,Moe Szyslak,292,14,1,Treehouse of Horror XIII,7.6,27,4,6.75
11,Ned Flanders,292,14,1,Treehouse of Horror XIII,7.6,77,8,9.625
208,Apu Nahasapeemapetilon,293,14,2,How I Spent My Strummer Vacation,7.3,28,3,9.333333333333334
8,Bart Simpson,293,14,2,How I Spent My Strummer Vacation,7.3,102,12,8.5
170,Carl Carlson,293,14,2,How I Spent My Strummer Vacation,7.3,24,6,4.0
71,Chief Wiggum,293,14,2,How I Spent My Strummer Vacation,7.3,50,5,10.0
2,Homer Simpson,293,14,2,How I Spent My Strummer Vacation,7.3,878,109,8.055045871559633
165,Lenny Leonard,293,14,2,How I Spent My Strummer Vacation,7.3,28,3,9.333333333333334
9,Lisa Simpson,293,14,2,How I Spent My Strummer Vacation,7.3,127,16,7.9375
1,Marge Simpson,293,14,2,How I Spent My Strummer Vacation,7.3,239,23,10.391304347826088
17,Moe Szyslak,293,14,2,How I Spent My Strummer Vacation,7.3,91,13,7.0
3,Seymour Skinner,293,14,2,How I Spent My Strummer Vacation,7.3,9,1,9.0
33,Announcer,294,14,3,Bart vs. Lisa vs. the Third Grade,7.0,44,4,11.0
8,Bart Simpson,294,14,3,Bart vs. Lisa vs. the Third Grade,7.0,436,46,9.478260869565217
40,Edna Krabappel-Flanders,294,14,3,Bart vs. Lisa vs. the Third Grade,7.0,20,1,20.0
404,Groundskeeper Willie,294,14,3,Bart vs. Lisa vs. the Third Grade,7.0,11,1,11.0
2,Homer Simpson,294,14,3,Bart vs. Lisa vs. the Third Grade,7.0,194,26,7.461538461538462
9,Lisa Simpson,294,14,3,Bart vs. Lisa vs. the Third Grade,7.0,338,44,7.681818181818182
1,Marge Simpson,294,14,3,Bart vs. Lisa vs. the Third Grade,7.0,118,13,9.076923076923077
25,Milhouse Van Houten,294,14,3,Bart vs. Lisa vs. the Third Grade,7.0,6,2,3.0
11,Ned Flanders,294,14,3,Bart vs. Lisa vs. the Third Grade,7.0,46,3,15.333333333333334
101,Nelson Muntz,294,14,3,Bart vs. Lisa vs. the Third Grade,7.0,8,4,2.0
3,Seymour Skinner,294,14,3,Bart vs. Lisa vs. the Third Grade,7.0,217,15,14.466666666666667
33,Announcer,295,14,4,Large Marge,7.1,7,1,7.0
8,Bart Simpson,295,14,4,Large Marge,7.1,294,27,10.88888888888889
15,C. Montgomery Burns,295,14,4,Large Marge,7.1,13,1,13.0
170,Carl Carlson,295,14,4,Large Marge,7.1,19,2,9.5
71,Chief Wiggum,295,14,4,Large Marge,7.1,29,5,5.8
801,Comic Book Guy,295,14,4,Large Marge,7.1,23,2,11.5
332,Dr. Julius Hibbert,295,14,4,Large Marge,7.1,9,1,9.0
1078,Gary Chalmers,295,14,4,Large Marge,7.1,24,1,24.0
2,Homer Simpson,295,14,4,Large Marge,7.1,366,42,8.714285714285714
211,Kent Brockman,295,14,4,Large Marge,7.1,41,3,13.666666666666666
139,Krusty the Clown,295,14,4,Large Marge,7.1,126,16,7.875
165,Lenny Leonard,295,14,4,Large Marge,7.1,7,2,3.5
9,Lisa Simpson,295,14,4,Large Marge,7.1,144,18,8.0
1,Marge Simpson,295,14,4,Large Marge,7.1,473,48,9.854166666666666
240,Mayor Joe Quimby,295,14,4,Large Marge,7.1,36,4,9.0
25,Milhouse Van Houten,295,14,4,Large Marge,7.1,98,11,8.909090909090908
17,Moe Szyslak,295,14,4,Large Marge,7.1,30,4,7.5
101,Nelson Muntz,295,14,4,Large Marge,7.1,6,1,6.0
3,Seymour Skinner,295,14,4,Large Marge,7.1,52,5,10.4
208,Apu Nahasapeemapetilon,296,14,5,Helter Shelter,6.8,45,3,15.0
8,Bart Simpson,296,14,5,Helter Shelter,6.8,163,18,9.055555555555555
15,C. Montgomery Burns,296,14,5,Helter Shelter,6.8,9,1,9.0
170,Carl Carlson,296,14,5,Helter Shelter,6.8,28,2,14.0
801,Comic Book Guy,296,14,5,Helter Shelter,6.8,37,2,18.5
31,Grampa Simpson,296,14,5,Helter Shelter,6.8,15,2,7.5
2,Homer Simpson,296,14,5,Helter Shelter,6.8,577,62,9.306451612903226
165,Lenny Leonard,296,14,5,Helter Shelter,6.8,35,5,7.0
9,Lisa Simpson,296,14,5,Helter Shelter,6.8,166,17,9.764705882352942
1,Marge Simpson,296,14,5,Helter Shelter,6.8,297,37,8.027027027027026
17,Moe Szyslak,296,14,5,Helter Shelter,6.8,87,6,14.5
11,Ned Flanders,296,14,5,Helter Shelter,6.8,11,1,11.0
14,Waylon Smithers,296,14,5,Helter Shelter,6.8,11,1,11.0
33,Announcer,297,14,6,The Great Louse Detective,7.3,7,1,7.0
208,Apu Nahasapeemapetilon,297,14,6,The Great Louse Detective,7.3,32,2,16.0
8,Bart Simpson,297,14,6,The Great Louse Detective,7.3,79,10,7.9
170,Carl Carlson,297,14,6,The Great Louse Detective,7.3,24,2,12.0
71,Chief Wiggum,297,14,6,The Great Louse Detective,7.3,255,18,14.166666666666666
2,Homer Simpson,297,14,6,The Great Louse Detective,7.3,457,56,8.160714285714286
211,Kent Brockman,297,14,6,The Great Louse Detective,7.3,45,4,11.25
139,Krusty the Clown,297,14,6,The Great Louse Detective,7.3,5,1,5.0
165,Lenny Leonard,297,14,6,The Great Louse Detective,7.3,23,2,11.5
9,Lisa Simpson,297,14,6,The Great Louse Detective,7.3,28,8,3.5
1,Marge Simpson,297,14,6,The Great Louse Detective,7.3,188,22,8.545454545454545
17,Moe Szyslak,297,14,6,The Great Louse Detective,7.3,24,3,8.0
140,Rev. Timothy Lovejoy,297,14,6,The Great Louse Detective,7.3,3,1,3.0
153,Sideshow Bob,297,14,6,The Great Louse Detective,7.3,551,51,10.803921568627452
33,Announcer,298,14,7,Special Edna,7.1,56,4,14.0
8,Bart Simpson,298,14,7,Special Edna,7.1,400,36,11.11111111111111
40,Edna Krabappel-Flanders,298,14,7,Special Edna,7.1,259,27,9.592592592592593
31,Grampa Simpson,298,14,7,Special Edna,7.1,26,5,5.2
404,Groundskeeper Willie,298,14,7,Special Edna,7.1,53,4,13.25
2,Homer Simpson,298,14,7,Special Edna,7.1,134,21,6.380952380952381
9,Lisa Simpson,298,14,7,Special Edna,7.1,117,10,11.7
1,Marge Simpson,298,14,7,Special Edna,7.1,60,7,8.571428571428571
25,Milhouse Van Houten,298,14,7,Special Edna,7.1,39,4,9.75
11,Ned Flanders,298,14,7,Special Edna,7.1,9,1,9.0
101,Nelson Muntz,298,14,7,Special Edna,7.1,25,4,6.25
140,Rev. Timothy Lovejoy,298,14,7,Special Edna,7.1,8,1,8.0
3,Seymour Skinner,298,14,7,Special Edna,7.1,487,37,13.162162162162161
33,Announcer,299,14,8,The Dad Who Knew Too Little,7.3,35,4,8.75
8,Bart Simpson,299,14,8,The Dad Who Knew Too Little,7.3,96,8,12.0
15,C. Montgomery Burns,299,14,8,The Dad Who Knew Too Little,7.3,18,2,9.0
170,Carl Carlson,299,14,8,The Dad Who Knew Too Little,7.3,17,1,17.0
71,Chief Wiggum,299,14,8,The Dad Who Knew Too Little,7.3,128,10,12.8
404,Groundskeeper Willie,299,14,8,The Dad Who Knew Too Little,7.3,7,2,3.5
2,Homer Simpson,299,14,8,The Dad Who Knew Too Little,7.3,805,81,9.938271604938272
211,Kent Brockman,299,14,8,The Dad Who Knew Too Little,7.3,50,5,10.0
139,Krusty the Clown,299,14,8,The Dad Who Knew Too Little,7.3,71,5,14.2
165,Lenny Leonard,299,14,8,The Dad Who Knew Too Little,7.3,6,1,6.0
9,Lisa Simpson,299,14,8,The Dad Who Knew Too Little,7.3,315,36,8.75
1,Marge Simpson,299,14,8,The Dad Who Knew Too Little,7.3,79,8,9.875
17,Moe Szyslak,299,14,8,The Dad Who Knew Too Little,7.3,65,5,13.0
11,Ned Flanders,299,14,8,The Dad Who Knew Too Little,7.3,24,2,12.0
101,Nelson Muntz,299,14,8,The Dad Who Knew Too Little,7.3,29,4,7.25
3,Seymour Skinner,299,14,8,The Dad Who Knew Too Little,7.3,49,6,8.166666666666666
14,Waylon Smithers,299,14,8,The Dad Who Knew Too Little,7.3,3,1,3.0
33,Announcer,300,14,9,The Strong Arms of the Ma,6.9,20,2,10.0
208,Apu Nahasapeemapetilon,300,14,9,The Strong Arms of the Ma,6.9,58,4,14.5
8,Bart Simpson,300,14,9,The Strong Arms of the Ma,6.9,103,18,5.722222222222222
170,Carl Carlson,300,14,9,The Strong Arms of the Ma,6.9,18,2,9.0
71,Chief Wiggum,300,14,9,The Strong Arms of the Ma,6.9,51,5,10.2
332,Dr. Julius Hibbert,300,14,9,The Strong Arms of the Ma,6.9,76,5,15.2
31,Grampa Simpson,300,14,9,The Strong Arms of the Ma,6.9,16,2,8.0
2,Homer Simpson,300,14,9,The Strong Arms of the Ma,6.9,505,51,9.901960784313726
211,Kent Brockman,300,14,9,The Strong Arms of the Ma,6.9,28,2,14.0
165,Lenny Leonard,300,14,9,The Strong Arms of the Ma,6.9,19,3,6.333333333333333
9,Lisa Simpson,300,14,9,The Strong Arms of the Ma,6.9,89,13,6.846153846153846
1,Marge Simpson,300,14,9,The Strong Arms of the Ma,6.9,527,70,7.5285714285714285
25,Milhouse Van Houten,300,14,9,The Strong Arms of the Ma,6.9,12,3,4.0
17,Moe Szyslak,300,14,9,The Strong Arms of the Ma,6.9,53,6,8.833333333333334
11,Ned Flanders,300,14,9,The Strong Arms of the Ma,6.9,19,2,9.5
101,Nelson Muntz,300,14,9,The Strong Arms of the Ma,6.9,4,1,4.0
140,Rev. Timothy Lovejoy,300,14,9,The Strong Arms of the Ma,6.9,10,1,10.0
33,Announcer,301,14,10,Pray Anything,6.8,34,5,6.8
8,Bart Simpson,301,14,10,Pray Anything,6.8,74,10,7.4
170,Carl Carlson,301,14,10,Pray Anything,6.8,91,9,10.11111111111111
332,Dr. Julius Hibbert,301,14,10,Pray Anything,6.8,11,1,11.0
2,Homer Simpson,301,14,10,Pray Anything,6.8,719,63,11.412698412698413
211,Kent Brockman,301,14,10,Pray Anything,6.8,47,3,15.666666666666666
139,Krusty the Clown,301,14,10,Pray Anything,6.8,16,1,16.0
165,Lenny Leonard,301,14,10,Pray Anything,6.8,63,7,9.0
9,Lisa Simpson,301,14,10,Pray Anything,6.8,103,9,11.444444444444445
1,Marge Simpson,301,14,10,Pray Anything,6.8,187,20,9.35
17,Moe Szyslak,301,14,10,Pray Anything,6.8,106,12,8.833333333333334
11,Ned Flanders,301,14,10,Pray Anything,6.8,222,21,10.571428571428571
140,Rev. Timothy Lovejoy,301,14,10,Pray Anything,6.8,138,11,12.545454545454545
33,Announcer,302,14,11,Barting Over,6.6,9,1,9.0
8,Bart Simpson,302,14,11,Barting Over,6.6,482,53,9.09433962264151
31,Grampa Simpson,302,14,11,Barting Over,6.6,9,1,9.0
2,Homer Simpson,302,14,11,Barting Over,6.6,692,62,11.161290322580646
9,Lisa Simpson,302,14,11,Barting Over,6.6,147167,22,6689.409090909091
1,Marge Simpson,302,14,11,Barting Over,6.6,242,25,9.68
25,Milhouse Van Houten,302,14,11,Barting Over,6.6,54,6,9.0
101,Nelson Muntz,302,14,11,Barting Over,6.6,9,2,4.5
208,Apu Nahasapeemapetilon,303,14,12,I'm Spelling As Fast As I Can,7.3,31,3,10.333333333333334
8,Bart Simpson,303,14,12,I'm Spelling As Fast As I Can,7.3,95,14,6.785714285714286
1078,Gary Chalmers,303,14,12,I'm Spelling As Fast As I Can,7.3,17,3,5.666666666666667
404,Groundskeeper Willie,303,14,12,I'm Spelling As Fast As I Can,7.3,30,3,10.0
2,Homer Simpson,303,14,12,I'm Spelling As Fast As I Can,7.3,337,30,11.233333333333333
211,Kent Brockman,303,14,12,I'm Spelling As Fast As I Can,7.3,82,4,20.5
139,Krusty the Clown,303,14,12,I'm Spelling As Fast As I Can,7.3,100,6,16.666666666666668
9,Lisa Simpson,303,14,12,I'm Spelling As Fast As I Can,7.3,385,46,8.369565217391305
1,Marge Simpson,303,14,12,I'm Spelling As Fast As I Can,7.3,173,18,9.61111111111111
240,Mayor Joe Quimby,303,14,12,I'm Spelling As Fast As I Can,7.3,29,2,14.5
25,Milhouse Van Houten,303,14,12,I'm Spelling As Fast As I Can,7.3,28,3,9.333333333333334
17,Moe Szyslak,303,14,12,I'm Spelling As Fast As I Can,7.3,43,4,10.75
101,Nelson Muntz,303,14,12,I'm Spelling As Fast As I Can,7.3,27,6,4.5
3,Seymour Skinner,303,14,12,I'm Spelling As Fast As I Can,7.3,219,23,9.521739130434783
208,Apu Nahasapeemapetilon,304,14,13,A Star Is Born-Again,7.1,24,2,12.0
8,Bart Simpson,304,14,13,A Star Is Born-Again,7.1,44,6,7.333333333333333
71,Chief Wiggum,304,14,13,A Star Is Born-Again,7.1,68,5,13.6
801,Comic Book Guy,304,14,13,A Star Is Born-Again,7.1,6,1,6.0
332,Dr. Julius Hibbert,304,14,13,A Star Is Born-Again,7.1,24,2,12.0
40,Edna Krabappel-Flanders,304,14,13,A Star Is Born-Again,7.1,18,3,6.0
31,Grampa Simpson,304,14,13,A Star Is Born-Again,7.1,4,1,4.0
2,Homer Simpson,304,14,13,A Star Is Born-Again,7.1,239,19,12.578947368421053
165,Lenny Leonard,304,14,13,A Star Is Born-Again,7.1,42,3,14.0
9,Lisa Simpson,304,14,13,A Star Is Born-Again,7.1,59,5,11.8
1,Marge Simpson,304,14,13,A Star Is Born-Again,7.1,154,12,12.833333333333334
240,Mayor Joe Quimby,304,14,13,A Star Is Born-Again,7.1,27,1,27.0
25,Milhouse Van Houten,304,14,13,A Star Is Born-Again,7.1,5,1,5.0
17,Moe Szyslak,304,14,13,A Star Is Born-Again,7.1,52,3,17.333333333333332
11,Ned Flanders,304,14,13,A Star Is Born-Again,7.1,853,65,13.123076923076923
101,Nelson Muntz,304,14,13,A Star Is Born-Again,7.1,4,1,4.0
3,Seymour Skinner,304,14,13,A Star Is Born-Again,7.1,29,5,5.8
33,Announcer,305,14,14,Mr. Spritz Goes to Washington,6.9,52,5,10.4
208,Apu Nahasapeemapetilon,305,14,14,Mr. Spritz Goes to Washington,6.9,6,1,6.0
8,Bart Simpson,305,14,14,Mr. Spritz Goes to Washington,6.9,149,15,9.933333333333334
15,C. Montgomery Burns,305,14,14,Mr. Spritz Goes to Washington,6.9,59,4,14.75
332,Dr. Julius Hibbert,305,14,14,Mr. Spritz Goes to Washington,6.9,40,2,20.0
31,Grampa Simpson,305,14,14,Mr. Spritz Goes to Washington,6.9,5,1,5.0
2,Homer Simpson,305,14,14,Mr. Spritz Goes to Washington,6.9,206,34,6.0588235294117645
211,Kent Brockman,305,14,14,Mr. Spritz Goes to Washington,6.9,65,3,21.666666666666668
139,Krusty the Clown,305,14,14,Mr. Spritz Goes to Washington,6.9,657,53,12.39622641509434
9,Lisa Simpson,305,14,14,Mr. Spritz Goes to Washington,6.9,208,18,11.555555555555555
1,Marge Simpson,305,14,14,Mr. Spritz Goes to Washington,6.9,248,28,8.857142857142858
240,Mayor Joe Quimby,305,14,14,Mr. Spritz Goes to Washington,6.9,30,3,10.0
25,Milhouse Van Houten,305,14,14,Mr. Spritz Goes to Washington,6.9,4,1,4.0
17,Moe Szyslak,305,14,14,Mr. Spritz Goes to Washington,6.9,16,1,16.0
11,Ned Flanders,305,14,14,Mr. Spritz Goes to Washington,6.9,10,1,10.0
8,Bart Simpson,306,14,15,C.E.D'oh,7.3,79,11,7.181818181818182
15,C. Montgomery Burns,306,14,15,C.E.D'oh,7.3,506,35,14.457142857142857
170,Carl Carlson,306,14,15,C.E.D'oh,7.3,17,2,8.5
332,Dr. Julius Hibbert,306,14,15,C.E.D'oh,7.3,86,7,12.285714285714286
2,Homer Simpson,306,14,15,C.E.D'oh,7.3,975,103,9.466019417475728
165,Lenny Leonard,306,14,15,C.E.D'oh,7.3,24,4,6.0
9,Lisa Simpson,306,14,15,C.E.D'oh,7.3,52,8,6.5
1,Marge Simpson,306,14,15,C.E.D'oh,7.3,178,14,12.714285714285714
25,Milhouse Van Houten,306,14,15,C.E.D'oh,7.3,14,2,7.0
17,Moe Szyslak,306,14,15,C.E.D'oh,7.3,32,3,10.666666666666666
11,Ned Flanders,306,14,15,C.E.D'oh,7.3,10,1,10.0
101,Nelson Muntz,306,14,15,C.E.D'oh,7.3,12,2,6.0
14,Waylon Smithers,306,14,15,C.E.D'oh,7.3,64,6,10.666666666666666
33,Announcer,307,14,16,'Scuse Me While I Miss the Sky,7.1,83,5,16.6
8,Bart Simpson,307,14,16,'Scuse Me While I Miss the Sky,7.1,187,18,10.38888888888889
170,Carl Carlson,307,14,16,'Scuse Me While I Miss the Sky,7.1,10,1,10.0
71,Chief Wiggum,307,14,16,'Scuse Me While I Miss the Sky,7.1,21,2,10.5
31,Grampa Simpson,307,14,16,'Scuse Me While I Miss the Sky,7.1,51,3,17.0
404,Groundskeeper Willie,307,14,16,'Scuse Me While I Miss the Sky,7.1,20,2,10.0
2,Homer Simpson,307,14,16,'Scuse Me While I Miss the Sky,7.1,151,20,7.55
211,Kent Brockman,307,14,16,'Scuse Me While I Miss the Sky,7.1,65,3,21.666666666666668
139,Krusty the Clown,307,14,16,'Scuse Me While I Miss the Sky,7.1,35,3,11.666666666666666
165,Lenny Leonard,307,14,16,'Scuse Me While I Miss the Sky,7.1,26,4,6.5
9,Lisa Simpson,307,14,16,'Scuse Me While I Miss the Sky,7.1,362,37,9.783783783783784
1,Marge Simpson,307,14,16,'Scuse Me While I Miss the Sky,7.1,33,3,11.0
240,Mayor Joe Quimby,307,14,16,'Scuse Me While I Miss the Sky,7.1,74,4,18.5
25,Milhouse Van Houten,307,14,16,'Scuse Me While I Miss the Sky,7.1,107,9,11.88888888888889
17,Moe Szyslak,307,14,16,'Scuse Me While I Miss the Sky,7.1,42,5,8.4
101,Nelson Muntz,307,14,16,'Scuse Me While I Miss the Sky,7.1,38,5,7.6
3,Seymour Skinner,307,14,16,'Scuse Me While I Miss the Sky,7.1,124,8,15.5
8,Bart Simpson,308,14,17,Three Gays of the Condo,7.2,153,16,9.5625
170,Carl Carlson,308,14,17,Three Gays of the Condo,7.2,20,2,10.0
71,Chief Wiggum,308,14,17,Three Gays of the Condo,7.2,4,1,4.0
332,Dr. Julius Hibbert,308,14,17,Three Gays of the Condo,7.2,71,6,11.833333333333334
31,Grampa Simpson,308,14,17,Three Gays of the Condo,7.2,6,1,6.0
2,Homer Simpson,308,14,17,Three Gays of the Condo,7.2,410145,98,4185.15306122449
165,Lenny Leonard,308,14,17,Three Gays of the Condo,7.2,45,4,11.25
9,Lisa Simpson,308,14,17,Three Gays of the Condo,7.2,145,16,9.0625
1,Marge Simpson,308,14,17,Three Gays of the Condo,7.2,471,47,10.02127659574468
25,Milhouse Van Houten,308,14,17,Three Gays of the Condo,7.2,23,2,11.5
17,Moe Szyslak,308,14,17,Three Gays of the Condo,7.2,26,2,13.0
11,Ned Flanders,308,14,17,Three Gays of the Condo,7.2,29,3,9.666666666666666
101,Nelson Muntz,308,14,17,Three Gays of the Condo,7.2,10,2,5.0
14,Waylon Smithers,308,14,17,Three Gays of the Condo,7.2,36,3,12.0
208,Apu Nahasapeemapetilon,309,14,18,"Dude, Where's My Ranch?",7.0,9,2,4.5
8,Bart Simpson,309,14,18,"Dude, Where's My Ranch?",7.0,114,15,7.6
15,C. Montgomery Burns,309,14,18,"Dude, Where's My Ranch?",7.0,17,2,8.5
170,Carl Carlson,309,14,18,"Dude, Where's My Ranch?",7.0,7,6,1.1666666666666667
71,Chief Wiggum,309,14,18,"Dude, Where's My Ranch?",7.0,55,6,9.166666666666666
801,Comic Book Guy,309,14,18,"Dude, Where's My Ranch?",7.0,28,2,14.0
332,Dr. Julius Hibbert,309,14,18,"Dude, Where's My Ranch?",7.0,8,1,8.0
2,Homer Simpson,309,14,18,"Dude, Where's My Ranch?",7.0,493,49,10.061224489795919
139,Krusty the Clown,309,14,18,"Dude, Where's My Ranch?",7.0,10,1,10.0
165,Lenny Leonard,309,14,18,"Dude, Where's My Ranch?",7.0,6,1,6.0
9,Lisa Simpson,309,14,18,"Dude, Where's My Ranch?",7.0,385,35,11.0
1,Marge Simpson,309,14,18,"Dude, Where's My Ranch?",7.0,242,22,11.0
17,Moe Szyslak,309,14,18,"Dude, Where's My Ranch?",7.0,47,5,9.4
11,Ned Flanders,309,14,18,"Dude, Where's My Ranch?",7.0,76,6,12.666666666666666
140,Rev. Timothy Lovejoy,309,14,18,"Dude, Where's My Ranch?",7.0,2,1,2.0
14,Waylon Smithers,309,14,18,"Dude, Where's My Ranch?",7.0,6,1,6.0
33,Announcer,310,14,19,Old Yeller-Belly,6.8,13,1,13.0
8,Bart Simpson,310,14,19,Old Yeller-Belly,6.8,212,26,8.153846153846153
801,Comic Book Guy,310,14,19,Old Yeller-Belly,6.8,15,2,7.5
332,Dr. Julius Hibbert,310,14,19,Old Yeller-Belly,6.8,8,1,8.0
2,Homer Simpson,310,14,19,Old Yeller-Belly,6.8,516,52,9.923076923076923
211,Kent Brockman,310,14,19,Old Yeller-Belly,6.8,44,4,11.0
139,Krusty the Clown,310,14,19,Old Yeller-Belly,6.8,18,2,9.0
9,Lisa Simpson,310,14,19,Old Yeller-Belly,6.8,266,25,10.64
1,Marge Simpson,310,14,19,Old Yeller-Belly,6.8,130,15,8.666666666666666
240,Mayor Joe Quimby,310,14,19,Old Yeller-Belly,6.8,32,2,16.0
25,Milhouse Van Houten,310,14,19,Old Yeller-Belly,6.8,71,8,8.875
17,Moe Szyslak,310,14,19,Old Yeller-Belly,6.8,43,4,10.75
101,Nelson Muntz,310,14,19,Old Yeller-Belly,6.8,3,1,3.0
3,Seymour Skinner,310,14,19,Old Yeller-Belly,6.8,5,1,5.0
33,Announcer,311,14,20,"Brake My Wife, Please",6.9,14,2,7.0
208,Apu Nahasapeemapetilon,311,14,20,"Brake My Wife, Please",6.9,21,2,10.5
8,Bart Simpson,311,14,20,"Brake My Wife, Please",6.9,63,9,7.0
15,C. Montgomery Burns,311,14,20,"Brake My Wife, Please",6.9,38,4,9.5
170,Carl Carlson,311,14,20,"Brake My Wife, Please",6.9,42,5,8.4
71,Chief Wiggum,311,14,20,"Brake My Wife, Please",6.9,13,1,13.0
801,Comic Book Guy,311,14,20,"Brake My Wife, Please",6.9,9,1,9.0
332,Dr. Julius Hibbert,311,14,20,"Brake My Wife, Please",6.9,56,5,11.2
40,Edna Krabappel-Flanders,311,14,20,"Brake My Wife, Please",6.9,12,1,12.0
2,Homer Simpson,311,14,20,"Brake My Wife, Please",6.9,961,88,10.920454545454545
165,Lenny Leonard,311,14,20,"Brake My Wife, Please",6.9,27,4,6.75
9,Lisa Simpson,311,14,20,"Brake My Wife, Please",6.9,50,7,7.142857142857143
1,Marge Simpson,311,14,20,"Brake My Wife, Please",6.9,390,45,8.666666666666666
25,Milhouse Van Houten,311,14,20,"Brake My Wife, Please",6.9,18,3,6.0
17,Moe Szyslak,311,14,20,"Brake My Wife, Please",6.9,81,6,13.5
11,Ned Flanders,311,14,20,"Brake My Wife, Please",6.9,13,1,13.0
3,Seymour Skinner,311,14,20,"Brake My Wife, Please",6.9,71,7,10.142857142857142
208,Apu Nahasapeemapetilon,312,14,21,The Bart of War,6.6,36,2,18.0
8,Bart Simpson,312,14,21,The Bart of War,6.6,260,34,7.647058823529412
15,C. Montgomery Burns,312,14,21,The Bart of War,6.6,12,1,12.0
170,Carl Carlson,312,14,21,The Bart of War,6.6,35,3,11.666666666666666
71,Chief Wiggum,312,14,21,The Bart of War,6.6,139,9,15.444444444444445
31,Grampa Simpson,312,14,21,The Bart of War,6.6,7,1,7.0
404,Groundskeeper Willie,312,14,21,The Bart of War,6.6,5,1,5.0
2,Homer Simpson,312,14,21,The Bart of War,6.6,323,30,10.766666666666667
165,Lenny Leonard,312,14,21,The Bart of War,6.6,35,4,8.75
9,Lisa Simpson,312,14,21,The Bart of War,6.6,50,6,8.333333333333334
1,Marge Simpson,312,14,21,The Bart of War,6.6,285,25,11.4
240,Mayor Joe Quimby,312,14,21,The Bart of War,6.6,53,3,17.666666666666668
25,Milhouse Van Houten,312,14,21,The Bart of War,6.6,185,25,7.4
17,Moe Szyslak,312,14,21,The Bart of War,6.6,16,3,5.333333333333333
11,Ned Flanders,312,14,21,The Bart of War,6.6,131,7,18.714285714285715
101,Nelson Muntz,312,14,21,The Bart of War,6.6,87,13,6.6923076923076925
33,Announcer,313,14,22,Moe Baby Blues,7.7,9,1,9.0
208,Apu Nahasapeemapetilon,313,14,22,Moe Baby Blues,7.7,16,1,16.0
8,Bart Simpson,313,14,22,Moe Baby Blues,7.7,35,7,5.0
15,C. Montgomery Burns,313,14,22,Moe Baby Blues,7.7,9,1,9.0
170,Carl Carlson,313,14,22,Moe Baby Blues,7.7,30,4,7.5
71,Chief Wiggum,313,14,22,Moe Baby Blues,7.7,121,8,15.125
332,Dr. Julius Hibbert,313,14,22,Moe Baby Blues,7.7,17,2,8.5
31,Grampa Simpson,313,14,22,Moe Baby Blues,7.7,31,5,6.2
2,Homer Simpson,313,14,22,Moe Baby Blues,7.7,315,38,8.289473684210526
211,Kent Brockman,313,14,22,Moe Baby Blues,7.7,25,1,25.0
139,Krusty the Clown,313,14,22,Moe Baby Blues,7.7,14,2,7.0
165,Lenny Leonard,313,14,22,Moe Baby Blues,7.7,16,2,8.0
9,Lisa Simpson,313,14,22,Moe Baby Blues,7.7,110,9,12.222222222222221
1,Marge Simpson,313,14,22,Moe Baby Blues,7.7,235,28,8.392857142857142
17,Moe Szyslak,313,14,22,Moe Baby Blues,7.7,1056,92,11.478260869565217
33,Announcer,314,15,1,Treehouse of Horror XIV,7.4,29,1,29.0
8,Bart Simpson,314,15,1,Treehouse of Horror XIV,7.4,274,36,7.611111111111111
801,Comic Book Guy,314,15,1,Treehouse of Horror XIV,7.4,13,1,13.0
31,Grampa Simpson,314,15,1,Treehouse of Horror XIV,7.4,3,1,3.0
2,Homer Simpson,314,15,1,Treehouse of Horror XIV,7.4,291,39,7.461538461538462
9,Lisa Simpson,314,15,1,Treehouse of Horror XIV,7.4,254,25,10.16
1,Marge Simpson,314,15,1,Treehouse of Horror XIV,7.4,101,10,10.1
240,Mayor Joe Quimby,314,15,1,Treehouse of Horror XIV,7.4,44,4,11.0
25,Milhouse Van Houten,314,15,1,Treehouse of Horror XIV,7.4,125,14,8.928571428571429
17,Moe Szyslak,314,15,1,Treehouse of Horror XIV,7.4,36,4,9.0
11,Ned Flanders,314,15,1,Treehouse of Horror XIV,7.4,35,3,11.666666666666666
101,Nelson Muntz,314,15,1,Treehouse of Horror XIV,7.4,2,2,1.0
3,Seymour Skinner,314,15,1,Treehouse of Horror XIV,7.4,43,4,10.75
8,Bart Simpson,315,15,2,My Mother the Carjacker,7.3,118,19,6.2105263157894735
15,C. Montgomery Burns,315,15,2,My Mother the Carjacker,7.3,136,11,12.363636363636363
170,Carl Carlson,315,15,2,My Mother the Carjacker,7.3,15,2,7.5
71,Chief Wiggum,315,15,2,My Mother the Carjacker,7.3,124,10,12.4
332,Dr. Julius Hibbert,315,15,2,My Mother the Carjacker,7.3,39,3,13.0
31,Grampa Simpson,315,15,2,My Mother the Carjacker,7.3,31,3,10.333333333333334
2,Homer Simpson,315,15,2,My Mother the Carjacker,7.3,760,75,10.133333333333333
211,Kent Brockman,315,15,2,My Mother the Carjacker,7.3,142,9,15.777777777777779
9,Lisa Simpson,315,15,2,My Mother the Carjacker,7.3,106,11,9.636363636363637
1,Marge Simpson,315,15,2,My Mother the Carjacker,7.3,119,14,8.5
17,Moe Szyslak,315,15,2,My Mother the Carjacker,7.3,27,1,27.0
11,Ned Flanders,315,15,2,My Mother the Carjacker,7.3,15,1,15.0
3,Seymour Skinner,315,15,2,My Mother the Carjacker,7.3,5,2,2.5
14,Waylon Smithers,315,15,2,My Mother the Carjacker,7.3,13,1,13.0
8,Bart Simpson,316,15,3,The President Wore Pearls,7.0,106,12,8.833333333333334
71,Chief Wiggum,316,15,3,The President Wore Pearls,7.0,58,4,14.5
40,Edna Krabappel-Flanders,316,15,3,The President Wore Pearls,7.0,58,6,9.666666666666666
1078,Gary Chalmers,316,15,3,The President Wore Pearls,7.0,144,12,12.0
404,Groundskeeper Willie,316,15,3,The President Wore Pearls,7.0,131,9,14.555555555555555
2,Homer Simpson,316,15,3,The President Wore Pearls,7.0,280,27,10.37037037037037
211,Kent Brockman,316,15,3,The President Wore Pearls,7.0,100,6,16.666666666666668
165,Lenny Leonard,316,15,3,The President Wore Pearls,7.0,15,2,7.5
9,Lisa Simpson,316,15,3,The President Wore Pearls,7.0,638,57,11.192982456140351
1,Marge Simpson,316,15,3,The President Wore Pearls,7.0,151,15,10.066666666666666
25,Milhouse Van Houten,316,15,3,The President Wore Pearls,7.0,86,9,9.555555555555555
101,Nelson Muntz,316,15,3,The President Wore Pearls,7.0,62,7,8.857142857142858
3,Seymour Skinner,316,15,3,The President Wore Pearls,7.0,431,38,11.342105263157896
33,Announcer,317,15,4,The Regina Monologues,7.1,12,2,6.0
8,Bart Simpson,317,15,4,The Regina Monologues,7.1,181,29,6.241379310344827
15,C. Montgomery Burns,317,15,4,The Regina Monologues,7.1,91,11,8.272727272727273
332,Dr. Julius Hibbert,317,15,4,The Regina Monologues,7.1,14,1,14.0
31,Grampa Simpson,317,15,4,The Regina Monologues,7.1,163,12,13.583333333333334
2,Homer Simpson,317,15,4,The Regina Monologues,7.1,708,59,12.0
139,Krusty the Clown,317,15,4,The Regina Monologues,7.1,16,1,16.0
9,Lisa Simpson,317,15,4,The Regina Monologues,7.1,205,22,9.318181818181818
1,Marge Simpson,317,15,4,The Regina Monologues,7.1,330,24,13.75
25,Milhouse Van Houten,317,15,4,The Regina Monologues,7.1,40,6,6.666666666666667
17,Moe Szyslak,317,15,4,The Regina Monologues,7.1,38,3,12.666666666666666
101,Nelson Muntz,317,15,4,The Regina Monologues,7.1,15,2,7.5
14,Waylon Smithers,317,15,4,The Regina Monologues,7.1,32,4,8.0
8,Bart Simpson,318,15,5,The Fat and the Furriest,7.2,195,16,12.1875
15,C. Montgomery Burns,318,15,5,The Fat and the Furriest,7.2,5,1,5.0
170,Carl Carlson,318,15,5,The Fat and the Furriest,7.2,14,3,4.666666666666667
71,Chief Wiggum,318,15,5,The Fat and the Furriest,7.2,5,2,2.5
31,Grampa Simpson,318,15,5,The Fat and the Furriest,7.2,65,6,10.833333333333334
2,Homer Simpson,318,15,5,The Fat and the Furriest,7.2,704,77,9.142857142857142
211,Kent Brockman,318,15,5,The Fat and the Furriest,7.2,58,4,14.5
165,Lenny Leonard,318,15,5,The Fat and the Furriest,7.2,18,2,9.0
9,Lisa Simpson,318,15,5,The Fat and the Furriest,7.2,142,18,7.888888888888889
1,Marge Simpson,318,15,5,The Fat and the Furriest,7.2,172,18,9.555555555555555
101,Nelson Muntz,318,15,5,The Fat and the Furriest,7.2,9,2,4.5
14,Waylon Smithers,318,15,5,The Fat and the Furriest,7.2,8,1,8.0
8,Bart Simpson,319,15,6,Today I Am a Clown,6.6,109,14,7.785714285714286
170,Carl Carlson,319,15,6,Today I Am a Clown,6.6,30,2,15.0
71,Chief Wiggum,319,15,6,Today I Am a Clown,6.6,22,1,22.0
801,Comic Book Guy,319,15,6,Today I Am a Clown,6.6,21,2,10.5
332,Dr. Julius Hibbert,319,15,6,Today I Am a Clown,6.6,76,6,12.666666666666666
31,Grampa Simpson,319,15,6,Today I Am a Clown,6.6,20,2,10.0
404,Groundskeeper Willie,319,15,6,Today I Am a Clown,6.6,9,1,9.0
2,Homer Simpson,319,15,6,Today I Am a Clown,6.6,382,44,8.681818181818182
139,Krusty the Clown,319,15,6,Today I Am a Clown,6.6,652,56,11.642857142857142
165,Lenny Leonard,319,15,6,Today I Am a Clown,6.6,36,2,18.0
9,Lisa Simpson,319,15,6,Today I Am a Clown,6.6,198,17,11.647058823529411
1,Marge Simpson,319,15,6,Today I Am a Clown,6.6,122,13,9.384615384615385
17,Moe Szyslak,319,15,6,Today I Am a Clown,6.6,23,2,11.5
101,Nelson Muntz,319,15,6,Today I Am a Clown,6.6,4,1,4.0
33,Announcer,320,15,7,'Tis the Fifteenth Season,7.2,17,1,17.0
8,Bart Simpson,320,15,7,'Tis the Fifteenth Season,7.2,75,8,9.375
15,C. Montgomery Burns,320,15,7,'Tis the Fifteenth Season,7.2,73,6,12.166666666666666
170,Carl Carlson,320,15,7,'Tis the Fifteenth Season,7.2,42,4,10.5
71,Chief Wiggum,320,15,7,'Tis the Fifteenth Season,7.2,11,1,11.0
801,Comic Book Guy,320,15,7,'Tis the Fifteenth Season,7.2,43,6,7.166666666666667
31,Grampa Simpson,320,15,7,'Tis the Fifteenth Season,7.2,9,1,9.0
2,Homer Simpson,320,15,7,'Tis the Fifteenth Season,7.2,830,76,10.921052631578947
211,Kent Brockman,320,15,7,'Tis the Fifteenth Season,7.2,33,2,16.5
139,Krusty the Clown,320,15,7,'Tis the Fifteenth Season,7.2,79,4,19.75
165,Lenny Leonard,320,15,7,'Tis the Fifteenth Season,7.2,26,5,5.2
9,Lisa Simpson,320,15,7,'Tis the Fifteenth Season,7.2,109,11,9.909090909090908
1,Marge Simpson,320,15,7,'Tis the Fifteenth Season,7.2,168,18,9.333333333333334
240,Mayor Joe Quimby,320,15,7,'Tis the Fifteenth Season,7.2,8,2,4.0
17,Moe Szyslak,320,15,7,'Tis the Fifteenth Season,7.2,27,2,13.5
11,Ned Flanders,320,15,7,'Tis the Fifteenth Season,7.2,226,22,10.272727272727273
101,Nelson Muntz,320,15,7,'Tis the Fifteenth Season,7.2,51,5,10.2
140,Rev. Timothy Lovejoy,320,15,7,'Tis the Fifteenth Season,7.2,13,1,13.0
3,Seymour Skinner,320,15,7,'Tis the Fifteenth Season,7.2,20,2,10.0
33,Announcer,321,15,8,"Marge vs. Singles, Seniors, Childless Couples and Teens and Gays",6.7,37,2,18.5
8,Bart Simpson,321,15,8,"Marge vs. Singles, Seniors, Childless Couples and Teens and Gays",6.7,154,18,8.555555555555555
15,C. Montgomery Burns,321,15,8,"Marge vs. Singles, Seniors, Childless Couples and Teens and Gays",6.7,21,2,10.5
170,Carl Carlson,321,15,8,"Marge vs. Singles, Seniors, Childless Couples and Teens and Gays",6.7,9,1,9.0
71,Chief Wiggum,321,15,8,"Marge vs. Singles, Seniors, Childless Couples and Teens and Gays",6.7,49,4,12.25
801,Comic Book Guy,321,15,8,"Marge vs. Singles, Seniors, Childless Couples and Teens and Gays",6.7,25,1,25.0
332,Dr. Julius Hibbert,321,15,8,"Marge vs. Singles, Seniors, Childless Couples and Teens and Gays",6.7,13,1,13.0
40,Edna Krabappel-Flanders,321,15,8,"Marge vs. Singles, Seniors, Childless Couples and Teens and Gays",6.7,18,3,6.0
2,Homer Simpson,321,15,8,"Marge vs. Singles, Seniors, Childless Couples and Teens and Gays",6.7,330,27,12.222222222222221
211,Kent Brockman,321,15,8,"Marge vs. Singles, Seniors, Childless Couples and Teens and Gays",6.7,172,9,19.11111111111111
165,Lenny Leonard,321,15,8,"Marge vs. Singles, Seniors, Childless Couples and Teens and Gays",6.7,11,1,11.0
9,Lisa Simpson,321,15,8,"Marge vs. Singles, Seniors, Childless Couples and Teens and Gays",6.7,99,14,7.071428571428571
1,Marge Simpson,321,15,8,"Marge vs. Singles, Seniors, Childless Couples and Teens and Gays",6.7,436,49,8.89795918367347
240,Mayor Joe Quimby,321,15,8,"Marge vs. Singles, Seniors, Childless Couples and Teens and Gays",6.7,64,5,12.8
17,Moe Szyslak,321,15,8,"Marge vs. Singles, Seniors, Childless Couples and Teens and Gays",6.7,24,3,8.0
8,Bart Simpson,322,15,9,"I, (Annoyed Grunt)-bot",7.3,475,51,9.313725490196079
71,Chief Wiggum,322,15,9,"I, (Annoyed Grunt)-bot",7.3,19,2,9.5
332,Dr. Julius Hibbert,322,15,9,"I, (Annoyed Grunt)-bot",7.3,42,4,10.5
31,Grampa Simpson,322,15,9,"I, (Annoyed Grunt)-bot",7.3,35,2,17.5
2,Homer Simpson,322,15,9,"I, (Annoyed Grunt)-bot",7.3,521,56,9.303571428571429
9,Lisa Simpson,322,15,9,"I, (Annoyed Grunt)-bot",7.3,210,18,11.666666666666666
1,Marge Simpson,322,15,9,"I, (Annoyed Grunt)-bot",7.3,142,11,12.909090909090908
25,Milhouse Van Houten,322,15,9,"I, (Annoyed Grunt)-bot",7.3,26,6,4.333333333333333
17,Moe Szyslak,322,15,9,"I, (Annoyed Grunt)-bot",7.3,20,2,10.0
11,Ned Flanders,322,15,9,"I, (Annoyed Grunt)-bot",7.3,8,2,4.0
101,Nelson Muntz,322,15,9,"I, (Annoyed Grunt)-bot",7.3,13,2,6.5
3,Seymour Skinner,322,15,9,"I, (Annoyed Grunt)-bot",7.3,14,2,7.0
208,Apu Nahasapeemapetilon,323,15,10,Diatribe of a Mad Housewife,7.3,52,5,10.4
8,Bart Simpson,323,15,10,Diatribe of a Mad Housewife,7.3,55,9,6.111111111111111
15,C. Montgomery Burns,323,15,10,Diatribe of a Mad Housewife,7.3,15,2,7.5
801,Comic Book Guy,323,15,10,Diatribe of a Mad Housewife,7.3,12,1,12.0
404,Groundskeeper Willie,323,15,10,Diatribe of a Mad Housewife,7.3,22,1,22.0
2,Homer Simpson,323,15,10,Diatribe of a Mad Housewife,7.3,785,74,10.608108108108109
9,Lisa Simpson,323,15,10,Diatribe of a Mad Housewife,7.3,168,16,10.5
1,Marge Simpson,323,15,10,Diatribe of a Mad Housewife,7.3,516,54,9.555555555555555
17,Moe Szyslak,323,15,10,Diatribe of a Mad Housewife,7.3,39,1,39.0
11,Ned Flanders,323,15,10,Diatribe of a Mad Housewife,7.3,128,10,12.8
101,Nelson Muntz,323,15,10,Diatribe of a Mad Housewife,7.3,2,1,2.0
140,Rev. Timothy Lovejoy,323,15,10,Diatribe of a Mad Housewife,7.3,4,1,4.0
8,Bart Simpson,324,15,11,Margical History Tour,7.1,36,6,6.0
170,Carl Carlson,324,15,11,Margical History Tour,7.1,75,7,10.714285714285714
2,Homer Simpson,324,15,11,Margical History Tour,7.1,40,1,40.0
165,Lenny Leonard,324,15,11,Margical History Tour,7.1,106,11,9.636363636363637
9,Lisa Simpson,324,15,11,Margical History Tour,7.1,86,9,9.555555555555555
1,Marge Simpson,324,15,11,Margical History Tour,7.1,227,17,13.352941176470589
25,Milhouse Van Houten,324,15,11,Margical History Tour,7.1,42,3,14.0
17,Moe Szyslak,324,15,11,Margical History Tour,7.1,23,3,7.666666666666667
101,Nelson Muntz,324,15,11,Margical History Tour,7.1,19,1,19.0
208,Apu Nahasapeemapetilon,325,15,12,Milhouse Doesn't Live Here Anymore,7.3,40,2,20.0
8,Bart Simpson,325,15,12,Milhouse Doesn't Live Here Anymore,7.3,464,59,7.864406779661017
15,C. Montgomery Burns,325,15,12,Milhouse Doesn't Live Here Anymore,7.3,53,2,26.5
170,Carl Carlson,325,15,12,Milhouse Doesn't Live Here Anymore,7.3,4,2,2.0
40,Edna Krabappel-Flanders,325,15,12,Milhouse Doesn't Live Here Anymore,7.3,76,7,10.857142857142858
31,Grampa Simpson,325,15,12,Milhouse Doesn't Live Here Anymore,7.3,6,1,6.0
404,Groundskeeper Willie,325,15,12,Milhouse Doesn't Live Here Anymore,7.3,38,2,19.0
2,Homer Simpson,325,15,12,Milhouse Doesn't Live Here Anymore,7.3,335,31,10.806451612903226
165,Lenny Leonard,325,15,12,Milhouse Doesn't Live Here Anymore,7.3,5,1,5.0
9,Lisa Simpson,325,15,12,Milhouse Doesn't Live Here Anymore,7.3,309,36,8.583333333333334
1,Marge Simpson,325,15,12,Milhouse Doesn't Live Here Anymore,7.3,230,24,9.583333333333334
25,Milhouse Van Houten,325,15,12,Milhouse Doesn't Live Here Anymore,7.3,229,22,10.409090909090908
17,Moe Szyslak,325,15,12,Milhouse Doesn't Live Here Anymore,7.3,21,1,21.0
101,Nelson Muntz,325,15,12,Milhouse Doesn't Live Here Anymore,7.3,53,7,7.571428571428571
3,Seymour Skinner,325,15,12,Milhouse Doesn't Live Here Anymore,7.3,12,2,6.0
14,Waylon Smithers,325,15,12,Milhouse Doesn't Live Here Anymore,7.3,18,1,18.0
208,Apu Nahasapeemapetilon,326,15,13,Smart & Smarter,7.1,36,3,12.0
8,Bart Simpson,326,15,13,Smart & Smarter,7.1,70,11,6.363636363636363
71,Chief Wiggum,326,15,13,Smart & Smarter,7.1,208,15,13.866666666666667
801,Comic Book Guy,326,15,13,Smart & Smarter,7.1,15,1,15.0
332,Dr. Julius Hibbert,326,15,13,Smart & Smarter,7.1,20,2,10.0
2,Homer Simpson,326,15,13,Smart & Smarter,7.1,366,44,8.318181818181818
9,Lisa Simpson,326,15,13,Smart & Smarter,7.1,550,56,9.821428571428571
1,Marge Simpson,326,15,13,Smart & Smarter,7.1,244,32,7.625
25,Milhouse Van Houten,326,15,13,Smart & Smarter,7.1,32,3,10.666666666666666
17,Moe Szyslak,326,15,13,Smart & Smarter,7.1,21,2,10.5
101,Nelson Muntz,326,15,13,Smart & Smarter,7.1,32,5,6.4
3,Seymour Skinner,326,15,13,Smart & Smarter,7.1,16,3,5.333333333333333
8,Bart Simpson,327,15,14,The Ziff Who Came to Dinner,6.9,142,12,11.833333333333334
170,Carl Carlson,327,15,14,The Ziff Who Came to Dinner,6.9,18,2,9.0
71,Chief Wiggum,327,15,14,The Ziff Who Came to Dinner,6.9,8,1,8.0
31,Grampa Simpson,327,15,14,The Ziff Who Came to Dinner,6.9,40,4,10.0
404,Groundskeeper Willie,327,15,14,The Ziff Who Came to Dinner,6.9,9,2,4.5
2,Homer Simpson,327,15,14,The Ziff Who Came to Dinner,6.9,527,46,11.456521739130435
211,Kent Brockman,327,15,14,The Ziff Who Came to Dinner,6.9,88,6,14.666666666666666
139,Krusty the Clown,327,15,14,The Ziff Who Came to Dinner,6.9,4,1,4.0
165,Lenny Leonard,327,15,14,The Ziff Who Came to Dinner,6.9,88,8,11.0
9,Lisa Simpson,327,15,14,The Ziff Who Came to Dinner,6.9,252,20,12.6
1,Marge Simpson,327,15,14,The Ziff Who Came to Dinner,6.9,225,27,8.333333333333334
17,Moe Szyslak,327,15,14,The Ziff Who Came to Dinner,6.9,90,5,18.0
11,Ned Flanders,327,15,14,The Ziff Who Came to Dinner,6.9,10,1,10.0
3,Seymour Skinner,327,15,14,The Ziff Who Came to Dinner,6.9,7,1,7.0
8,Bart Simpson,328,15,15,Co-Dependents' Day,6.9,132,14,9.428571428571429
71,Chief Wiggum,328,15,15,Co-Dependents' Day,6.9,39,5,7.8
801,Comic Book Guy,328,15,15,Co-Dependents' Day,6.9,62,5,12.4
40,Edna Krabappel-Flanders,328,15,15,Co-Dependents' Day,6.9,7,1,7.0
2,Homer Simpson,328,15,15,Co-Dependents' Day,6.9,755,67,11.26865671641791
211,Kent Brockman,328,15,15,Co-Dependents' Day,6.9,41,1,41.0
139,Krusty the Clown,328,15,15,Co-Dependents' Day,6.9,8,1,8.0
9,Lisa Simpson,328,15,15,Co-Dependents' Day,6.9,196,19,10.31578947368421
1,Marge Simpson,328,15,15,Co-Dependents' Day,6.9,520,50,10.4
17,Moe Szyslak,328,15,15,Co-Dependents' Day,6.9,170,11,15.454545454545455
11,Ned Flanders,328,15,15,Co-Dependents' Day,6.9,14,2,7.0
140,Rev. Timothy Lovejoy,328,15,15,Co-Dependents' Day,6.9,25,3,8.333333333333334
8,Bart Simpson,329,15,16,The Wandering Juvie,6.9,435,51,8.529411764705882
15,C. Montgomery Burns,329,15,16,The Wandering Juvie,6.9,25,2,12.5
71,Chief Wiggum,329,15,16,The Wandering Juvie,6.9,184,18,10.222222222222221
40,Edna Krabappel-Flanders,329,15,16,The Wandering Juvie,6.9,15,1,15.0
404,Groundskeeper Willie,329,15,16,The Wandering Juvie,6.9,9,1,9.0
2,Homer Simpson,329,15,16,The Wandering Juvie,6.9,255,24,10.625
211,Kent Brockman,329,15,16,The Wandering Juvie,6.9,66,3,22.0
139,Krusty the Clown,329,15,16,The Wandering Juvie,6.9,27,1,27.0
9,Lisa Simpson,329,15,16,The Wandering Juvie,6.9,53,5,10.6
1,Marge Simpson,329,15,16,The Wandering Juvie,6.9,126,13,9.692307692307692
240,Mayor Joe Quimby,329,15,16,The Wandering Juvie,6.9,16,2,8.0
25,Milhouse Van Houten,329,15,16,The Wandering Juvie,6.9,14,2,7.0
17,Moe Szyslak,329,15,16,The Wandering Juvie,6.9,19,2,9.5
3,Seymour Skinner,329,15,16,The Wandering Juvie,6.9,44,3,14.666666666666666
14,Waylon Smithers,329,15,16,The Wandering Juvie,6.9,9,1,9.0
8,Bart Simpson,330,15,17,My Big Fat Geek Wedding,6.7,114,14,8.142857142857142
170,Carl Carlson,330,15,17,My Big Fat Geek Wedding,6.7,33,4,8.25
71,Chief Wiggum,330,15,17,My Big Fat Geek Wedding,6.7,64,5,12.8
801,Comic Book Guy,330,15,17,My Big Fat Geek Wedding,6.7,243,22,11.045454545454545
332,Dr. Julius Hibbert,330,15,17,My Big Fat Geek Wedding,6.7,6,1,6.0
40,Edna Krabappel-Flanders,330,15,17,My Big Fat Geek Wedding,6.7,274,29,9.448275862068966
1078,Gary Chalmers,330,15,17,My Big Fat Geek Wedding,6.7,23,3,7.666666666666667
31,Grampa Simpson,330,15,17,My Big Fat Geek Wedding,6.7,17,2,8.5
404,Groundskeeper Willie,330,15,17,My Big Fat Geek Wedding,6.7,12,2,6.0
2,Homer Simpson,330,15,17,My Big Fat Geek Wedding,6.7,466,42,11.095238095238095
165,Lenny Leonard,330,15,17,My Big Fat Geek Wedding,6.7,9,3,3.0
9,Lisa Simpson,330,15,17,My Big Fat Geek Wedding,6.7,48,5,9.6
1,Marge Simpson,330,15,17,My Big Fat Geek Wedding,6.7,313,30,10.433333333333334
25,Milhouse Van Houten,330,15,17,My Big Fat Geek Wedding,6.7,12,2,6.0
17,Moe Szyslak,330,15,17,My Big Fat Geek Wedding,6.7,47,3,15.666666666666666
101,Nelson Muntz,330,15,17,My Big Fat Geek Wedding,6.7,32,6,5.333333333333333
140,Rev. Timothy Lovejoy,330,15,17,My Big Fat Geek Wedding,6.7,32,2,16.0
3,Seymour Skinner,330,15,17,My Big Fat Geek Wedding,6.7,490,38,12.894736842105264
8,Bart Simpson,331,15,18,Catch 'Em If You Can,7.0,303,33,9.181818181818182
170,Carl Carlson,331,15,18,Catch 'Em If You Can,7.0,18,1,18.0
31,Grampa Simpson,331,15,18,Catch 'Em If You Can,7.0,156,18,8.666666666666666
2,Homer Simpson,331,15,18,Catch 'Em If You Can,7.0,437,48,9.104166666666666
211,Kent Brockman,331,15,18,Catch 'Em If You Can,7.0,40,2,20.0
139,Krusty the Clown,331,15,18,Catch 'Em If You Can,7.0,6,1,6.0
165,Lenny Leonard,331,15,18,Catch 'Em If You Can,7.0,8,1,8.0
9,Lisa Simpson,331,15,18,Catch 'Em If You Can,7.0,253,28,9.035714285714286
1,Marge Simpson,331,15,18,Catch 'Em If You Can,7.0,469,49,9.571428571428571
25,Milhouse Van Houten,331,15,18,Catch 'Em If You Can,7.0,1,1,1.0
17,Moe Szyslak,331,15,18,Catch 'Em If You Can,7.0,11,2,5.5
11,Ned Flanders,331,15,18,Catch 'Em If You Can,7.0,20,2,10.0
33,Announcer,332,15,19,Simple Simpson,7.3,25,3,8.333333333333334
208,Apu Nahasapeemapetilon,332,15,19,Simple Simpson,7.3,74,4,18.5
8,Bart Simpson,332,15,19,Simple Simpson,7.3,115,9,12.777777777777779
15,C. Montgomery Burns,332,15,19,Simple Simpson,7.3,230,23,10.0
170,Carl Carlson,332,15,19,Simple Simpson,7.3,22,4,5.5
71,Chief Wiggum,332,15,19,Simple Simpson,7.3,148,13,11.384615384615385
801,Comic Book Guy,332,15,19,Simple Simpson,7.3,35,4,8.75
2,Homer Simpson,332,15,19,Simple Simpson,7.3,580,67,8.656716417910447
211,Kent Brockman,332,15,19,Simple Simpson,7.3,79,4,19.75
139,Krusty the Clown,332,15,19,Simple Simpson,7.3,19,3,6.333333333333333
165,Lenny Leonard,332,15,19,Simple Simpson,7.3,14,4,3.5
9,Lisa Simpson,332,15,19,Simple Simpson,7.3,190,18,10.555555555555555
1,Marge Simpson,332,15,19,Simple Simpson,7.3,197,19,10.368421052631579
240,Mayor Joe Quimby,332,15,19,Simple Simpson,7.3,29,3,9.666666666666666
25,Milhouse Van Houten,332,15,19,Simple Simpson,7.3,46,4,11.5
17,Moe Szyslak,332,15,19,Simple Simpson,7.3,10,1,10.0
101,Nelson Muntz,332,15,19,Simple Simpson,7.3,5,2,2.5
14,Waylon Smithers,332,15,19,Simple Simpson,7.3,7,2,3.5
8,Bart Simpson,333,15,20,The Way We Weren't,7.3,174,17,10.235294117647058
71,Chief Wiggum,333,15,20,The Way We Weren't,7.3,12,2,6.0
801,Comic Book Guy,333,15,20,The Way We Weren't,7.3,10,1,10.0
31,Grampa Simpson,333,15,20,The Way We Weren't,7.3,3,1,3.0
2,Homer Simpson,333,15,20,The Way We Weren't,7.3,417,40,10.425
9,Lisa Simpson,333,15,20,The Way We Weren't,7.3,62,9,6.888888888888889
1,Marge Simpson,333,15,20,The Way We Weren't,7.3,287,29,9.89655172413793
25,Milhouse Van Houten,333,15,20,The Way We Weren't,7.3,83,9,9.222222222222221
17,Moe Szyslak,333,15,20,The Way We Weren't,7.3,97,9,10.777777777777779
208,Apu Nahasapeemapetilon,334,15,21,Bart-Mangled Banner,6.2,59,3,19.666666666666668
8,Bart Simpson,334,15,21,Bart-Mangled Banner,6.2,191,25,7.64
170,Carl Carlson,334,15,21,Bart-Mangled Banner,6.2,15,1,15.0
332,Dr. Julius Hibbert,334,15,21,Bart-Mangled Banner,6.2,145,13,11.153846153846153
1078,Gary Chalmers,334,15,21,Bart-Mangled Banner,6.2,14,1,14.0
404,Groundskeeper Willie,334,15,21,Bart-Mangled Banner,6.2,62,4,15.5
2,Homer Simpson,334,15,21,Bart-Mangled Banner,6.2,457,46,9.934782608695652
139,Krusty the Clown,334,15,21,Bart-Mangled Banner,6.2,17,1,17.0
165,Lenny Leonard,334,15,21,Bart-Mangled Banner,6.2,27,2,13.5
9,Lisa Simpson,334,15,21,Bart-Mangled Banner,6.2,225,22,10.227272727272727
1,Marge Simpson,334,15,21,Bart-Mangled Banner,6.2,334,30,11.133333333333333
240,Mayor Joe Quimby,334,15,21,Bart-Mangled Banner,6.2,47,4,11.75
17,Moe Szyslak,334,15,21,Bart-Mangled Banner,6.2,52,2,26.0
101,Nelson Muntz,334,15,21,Bart-Mangled Banner,6.2,1,1,1.0
140,Rev. Timothy Lovejoy,334,15,21,Bart-Mangled Banner,6.2,41,3,13.666666666666666
3,Seymour Skinner,334,15,21,Bart-Mangled Banner,6.2,66,6,11.0
8,Bart Simpson,335,15,22,Fraudcast News,7.2,76,9,8.444444444444445
15,C. Montgomery Burns,335,15,22,Fraudcast News,7.2,584,57,10.24561403508772
170,Carl Carlson,335,15,22,Fraudcast News,7.2,17,3,5.666666666666667
404,Groundskeeper Willie,335,15,22,Fraudcast News,7.2,14,1,14.0
2,Homer Simpson,335,15,22,Fraudcast News,7.2,343,31,11.064516129032258
211,Kent Brockman,335,15,22,Fraudcast News,7.2,176,11,16.0
139,Krusty the Clown,335,15,22,Fraudcast News,7.2,30,3,10.0
165,Lenny Leonard,335,15,22,Fraudcast News,7.2,60,5,12.0
9,Lisa Simpson,335,15,22,Fraudcast News,7.2,453,44,10.295454545454545
1,Marge Simpson,335,15,22,Fraudcast News,7.2,31,5,6.2
240,Mayor Joe Quimby,335,15,22,Fraudcast News,7.2,33,2,16.5
25,Milhouse Van Houten,335,15,22,Fraudcast News,7.2,26,2,13.0
17,Moe Szyslak,335,15,22,Fraudcast News,7.2,7,1,7.0
11,Ned Flanders,335,15,22,Fraudcast News,7.2,13,1,13.0
101,Nelson Muntz,335,15,22,Fraudcast News,7.2,4,1,4.0
3,Seymour Skinner,335,15,22,Fraudcast News,7.2,60,5,12.0
14,Waylon Smithers,335,15,22,Fraudcast News,7.2,96,13,7.384615384615385
33,Announcer,336,16,1,Treehouse of Horror XV,7.4,9,1,9.0
208,Apu Nahasapeemapetilon,336,16,1,Treehouse of Horror XV,7.4,22,3,7.333333333333333
8,Bart Simpson,336,16,1,Treehouse of Horror XV,7.4,45,8,5.625
15,C. Montgomery Burns,336,16,1,Treehouse of Horror XV,7.4,75,6,12.5
170,Carl Carlson,336,16,1,Treehouse of Horror XV,7.4,12,1,12.0
71,Chief Wiggum,336,16,1,Treehouse of Horror XV,7.4,4,1,4.0
332,Dr. Julius Hibbert,336,16,1,Treehouse of Horror XV,7.4,55,5,11.0
2,Homer Simpson,336,16,1,Treehouse of Horror XV,7.4,392,42,9.333333333333334
9,Lisa Simpson,336,16,1,Treehouse of Horror XV,7.4,87,8,10.875
1,Marge Simpson,336,16,1,Treehouse of Horror XV,7.4,112,15,7.466666666666667
11,Ned Flanders,336,16,1,Treehouse of Horror XV,7.4,234,28,8.357142857142858
33,Announcer,337,16,2,All's Fair in Oven War,7.0,8,1,8.0
208,Apu Nahasapeemapetilon,337,16,2,All's Fair in Oven War,7.0,45,2,22.5
8,Bart Simpson,337,16,2,All's Fair in Oven War,7.0,226,24,9.416666666666666
170,Carl Carlson,337,16,2,All's Fair in Oven War,7.0,5,1,5.0
71,Chief Wiggum,337,16,2,All's Fair in Oven War,7.0,54,6,9.0
40,Edna Krabappel-Flanders,337,16,2,All's Fair in Oven War,7.0,4,1,4.0
2,Homer Simpson,337,16,2,All's Fair in Oven War,7.0,490,53,9.245283018867925
211,Kent Brockman,337,16,2,All's Fair in Oven War,7.0,42,2,21.0
165,Lenny Leonard,337,16,2,All's Fair in Oven War,7.0,10,1,10.0
9,Lisa Simpson,337,16,2,All's Fair in Oven War,7.0,149,19,7.842105263157895
1,Marge Simpson,337,16,2,All's Fair in Oven War,7.0,651,59,11.033898305084746
25,Milhouse Van Houten,337,16,2,All's Fair in Oven War,7.0,63,11,5.7272727272727275
17,Moe Szyslak,337,16,2,All's Fair in Oven War,7.0,24,2,12.0
11,Ned Flanders,337,16,2,All's Fair in Oven War,7.0,66,3,22.0
101,Nelson Muntz,337,16,2,All's Fair in Oven War,7.0,16,3,5.333333333333333
33,Announcer,338,16,3,Sleeping with the Enemy,7.1,14,1,14.0
8,Bart Simpson,338,16,3,Sleeping with the Enemy,7.1,193,24,8.041666666666666
40,Edna Krabappel-Flanders,338,16,3,Sleeping with the Enemy,7.1,28,2,14.0
404,Groundskeeper Willie,338,16,3,Sleeping with the Enemy,7.1,20,1,20.0
2,Homer Simpson,338,16,3,Sleeping with the Enemy,7.1,298,22,13.545454545454545
9,Lisa Simpson,338,16,3,Sleeping with the Enemy,7.1,238,29,8.206896551724139
1,Marge Simpson,338,16,3,Sleeping with the Enemy,7.1,538,49,10.979591836734693
25,Milhouse Van Houten,338,16,3,Sleeping with the Enemy,7.1,28,3,9.333333333333334
17,Moe Szyslak,338,16,3,Sleeping with the Enemy,7.1,17,3,5.666666666666667
101,Nelson Muntz,338,16,3,Sleeping with the Enemy,7.1,412,39,10.564102564102564
3,Seymour Skinner,338,16,3,Sleeping with the Enemy,7.1,29,3,9.666666666666666
33,Announcer,339,16,4,She Used to Be My Girl,6.6,22,2,11.0
8,Bart Simpson,339,16,4,She Used to Be My Girl,6.6,66,9,7.333333333333333
71,Chief Wiggum,339,16,4,She Used to Be My Girl,6.6,50,3,16.666666666666668
31,Grampa Simpson,339,16,4,She Used to Be My Girl,6.6,11,2,5.5
2,Homer Simpson,339,16,4,She Used to Be My Girl,6.6,368,37,9.945945945945946
211,Kent Brockman,339,16,4,She Used to Be My Girl,6.6,140,9,15.555555555555555
139,Krusty the Clown,339,16,4,She Used to Be My Girl,6.6,12,1,12.0
9,Lisa Simpson,339,16,4,She Used to Be My Girl,6.6,310,32,9.6875
1,Marge Simpson,339,16,4,She Used to Be My Girl,6.6,529,54,9.796296296296296
240,Mayor Joe Quimby,339,16,4,She Used to Be My Girl,6.6,46,8,5.75
33,Announcer,340,16,5,Fat Man and Little Boy,7.1,30,2,15.0
208,Apu Nahasapeemapetilon,340,16,5,Fat Man and Little Boy,7.1,9,1,9.0
8,Bart Simpson,340,16,5,Fat Man and Little Boy,7.1,426,57,7.473684210526316
15,C. Montgomery Burns,340,16,5,Fat Man and Little Boy,7.1,72,7,10.285714285714286
170,Carl Carlson,340,16,5,Fat Man and Little Boy,7.1,13,2,6.5
71,Chief Wiggum,340,16,5,Fat Man and Little Boy,7.1,52,5,10.4
801,Comic Book Guy,340,16,5,Fat Man and Little Boy,7.1,27,2,13.5
332,Dr. Julius Hibbert,340,16,5,Fat Man and Little Boy,7.1,15,1,15.0
1078,Gary Chalmers,340,16,5,Fat Man and Little Boy,7.1,19,2,9.5
31,Grampa Simpson,340,16,5,Fat Man and Little Boy,7.1,23,3,7.666666666666667
2,Homer Simpson,340,16,5,Fat Man and Little Boy,7.1,642,55,11.672727272727272
139,Krusty the Clown,340,16,5,Fat Man and Little Boy,7.1,50,3,16.666666666666668
165,Lenny Leonard,340,16,5,Fat Man and Little Boy,7.1,23,3,7.666666666666667
9,Lisa Simpson,340,16,5,Fat Man and Little Boy,7.1,245,29,8.448275862068966
1,Marge Simpson,340,16,5,Fat Man and Little Boy,7.1,105,11,9.545454545454545
25,Milhouse Van Houten,340,16,5,Fat Man and Little Boy,7.1,37,3,12.333333333333334
17,Moe Szyslak,340,16,5,Fat Man and Little Boy,7.1,18,2,9.0
11,Ned Flanders,340,16,5,Fat Man and Little Boy,7.1,30,2,15.0
101,Nelson Muntz,340,16,5,Fat Man and Little Boy,7.1,10,2,5.0
3,Seymour Skinner,340,16,5,Fat Man and Little Boy,7.1,9,1,9.0
14,Waylon Smithers,340,16,5,Fat Man and Little Boy,7.1,19,3,6.333333333333333
33,Announcer,341,16,6,Midnight Rx,7.3,65,4,16.25
208,Apu Nahasapeemapetilon,341,16,6,Midnight Rx,7.3,183,12,15.25
8,Bart Simpson,341,16,6,Midnight Rx,7.3,19,3,6.333333333333333
15,C. Montgomery Burns,341,16,6,Midnight Rx,7.3,326,29,11.241379310344827
170,Carl Carlson,341,16,6,Midnight Rx,7.3,4,2,2.0
71,Chief Wiggum,341,16,6,Midnight Rx,7.3,77,8,9.625
801,Comic Book Guy,341,16,6,Midnight Rx,7.3,6,1,6.0
332,Dr. Julius Hibbert,341,16,6,Midnight Rx,7.3,10,1,10.0
31,Grampa Simpson,341,16,6,Midnight Rx,7.3,178,15,11.866666666666667
404,Groundskeeper Willie,341,16,6,Midnight Rx,7.3,17,1,17.0
2,Homer Simpson,341,16,6,Midnight Rx,7.3,496,48,10.333333333333334
211,Kent Brockman,341,16,6,Midnight Rx,7.3,53,3,17.666666666666668
139,Krusty the Clown,341,16,6,Midnight Rx,7.3,32,1,32.0
165,Lenny Leonard,341,16,6,Midnight Rx,7.3,7,3,2.3333333333333335
9,Lisa Simpson,341,16,6,Midnight Rx,7.3,119,11,10.818181818181818
1,Marge Simpson,341,16,6,Midnight Rx,7.3,78,7,11.142857142857142
17,Moe Szyslak,341,16,6,Midnight Rx,7.3,32,2,16.0
11,Ned Flanders,341,16,6,Midnight Rx,7.3,133,13,10.23076923076923
101,Nelson Muntz,341,16,6,Midnight Rx,7.3,3,1,3.0
14,Waylon Smithers,341,16,6,Midnight Rx,7.3,56,6,9.333333333333334
33,Announcer,342,16,7,Mommie Beerest,7.0,35,5,7.0
8,Bart Simpson,342,16,7,Mommie Beerest,7.0,42,7,6.0
170,Carl Carlson,342,16,7,Mommie Beerest,7.0,15,3,5.0
71,Chief Wiggum,342,16,7,Mommie Beerest,7.0,78,6,13.0
2,Homer Simpson,342,16,7,Mommie Beerest,7.0,607,61,9.950819672131148
211,Kent Brockman,342,16,7,Mommie Beerest,7.0,11,1,11.0
139,Krusty the Clown,342,16,7,Mommie Beerest,7.0,4,1,4.0
165,Lenny Leonard,342,16,7,Mommie Beerest,7.0,54,5,10.8
9,Lisa Simpson,342,16,7,Mommie Beerest,7.0,79,8,9.875
1,Marge Simpson,342,16,7,Mommie Beerest,7.0,544,53,10.264150943396226
240,Mayor Joe Quimby,342,16,7,Mommie Beerest,7.0,18,1,18.0
17,Moe Szyslak,342,16,7,Mommie Beerest,7.0,672,53,12.679245283018869
8,Bart Simpson,343,16,8,Homer and Ned's Hail Mary Pass,6.4,60,8,7.5
15,C. Montgomery Burns,343,16,8,Homer and Ned's Hail Mary Pass,6.4,91,7,13.0
170,Carl Carlson,343,16,8,Homer and Ned's Hail Mary Pass,6.4,27,3,9.0
801,Comic Book Guy,343,16,8,Homer and Ned's Hail Mary Pass,6.4,30,3,10.0
332,Dr. Julius Hibbert,343,16,8,Homer and Ned's Hail Mary Pass,6.4,12,2,6.0
2,Homer Simpson,343,16,8,Homer and Ned's Hail Mary Pass,6.4,604,56,10.785714285714286
211,Kent Brockman,343,16,8,Homer and Ned's Hail Mary Pass,6.4,19,1,19.0
165,Lenny Leonard,343,16,8,Homer and Ned's Hail Mary Pass,6.4,19,3,6.333333333333333
9,Lisa Simpson,343,16,8,Homer and Ned's Hail Mary Pass,6.4,57,6,9.5
1,Marge Simpson,343,16,8,Homer and Ned's Hail Mary Pass,6.4,169,18,9.38888888888889
25,Milhouse Van Houten,343,16,8,Homer and Ned's Hail Mary Pass,6.4,14,2,7.0
17,Moe Szyslak,343,16,8,Homer and Ned's Hail Mary Pass,6.4,37,5,7.4
11,Ned Flanders,343,16,8,Homer and Ned's Hail Mary Pass,6.4,293,16,18.3125
140,Rev. Timothy Lovejoy,343,16,8,Homer and Ned's Hail Mary Pass,6.4,23,2,11.5
3,Seymour Skinner,343,16,8,Homer and Ned's Hail Mary Pass,6.4,18,3,6.0
208,Apu Nahasapeemapetilon,344,16,9,Pranksta Rap,6.8,27,1,27.0
8,Bart Simpson,344,16,9,Pranksta Rap,6.8,417,42,9.928571428571429
71,Chief Wiggum,344,16,9,Pranksta Rap,6.8,554,43,12.883720930232558
1078,Gary Chalmers,344,16,9,Pranksta Rap,6.8,21,2,10.5
2,Homer Simpson,344,16,9,Pranksta Rap,6.8,313,36,8.694444444444445
211,Kent Brockman,344,16,9,Pranksta Rap,6.8,60,3,20.0
9,Lisa Simpson,344,16,9,Pranksta Rap,6.8,156,15,10.4
1,Marge Simpson,344,16,9,Pranksta Rap,6.8,163,15,10.866666666666667
25,Milhouse Van Houten,344,16,9,Pranksta Rap,6.8,94,9,10.444444444444445
3,Seymour Skinner,344,16,9,Pranksta Rap,6.8,109,12,9.083333333333334
8,Bart Simpson,345,16,10,There's Something About Marrying,7.1,150,15,10.0
31,Grampa Simpson,345,16,10,There's Something About Marrying,7.1,24,3,8.0
2,Homer Simpson,345,16,10,There's Something About Marrying,7.1,539,42,12.833333333333334
211,Kent Brockman,345,16,10,There's Something About Marrying,7.1,60,4,15.0
139,Krusty the Clown,345,16,10,There's Something About Marrying,7.1,55,3,18.333333333333332
9,Lisa Simpson,345,16,10,There's Something About Marrying,7.1,102,9,11.333333333333334
1,Marge Simpson,345,16,10,There's Something About Marrying,7.1,346,30,11.533333333333333
240,Mayor Joe Quimby,345,16,10,There's Something About Marrying,7.1,90,4,22.5
25,Milhouse Van Houten,345,16,10,There's Something About Marrying,7.1,36,6,6.0
17,Moe Szyslak,345,16,10,There's Something About Marrying,7.1,68,5,13.6
101,Nelson Muntz,345,16,10,There's Something About Marrying,7.1,13,2,6.5
140,Rev. Timothy Lovejoy,345,16,10,There's Something About Marrying,7.1,94,7,13.428571428571429
33,Announcer,346,16,11,On a Clear Day I Can't See My Sister,6.9,17,1,17.0
8,Bart Simpson,346,16,11,On a Clear Day I Can't See My Sister,6.9,313,36,8.694444444444445
71,Chief Wiggum,346,16,11,On a Clear Day I Can't See My Sister,6.9,110,10,11.0
332,Dr. Julius Hibbert,346,16,11,On a Clear Day I Can't See My Sister,6.9,45,2,22.5
40,Edna Krabappel-Flanders,346,16,11,On a Clear Day I Can't See My Sister,6.9,52,5,10.4
31,Grampa Simpson,346,16,11,On a Clear Day I Can't See My Sister,6.9,57,8,7.125
404,Groundskeeper Willie,346,16,11,On a Clear Day I Can't See My Sister,6.9,21,2,10.5
2,Homer Simpson,346,16,11,On a Clear Day I Can't See My Sister,6.9,313,28,11.178571428571429
9,Lisa Simpson,346,16,11,On a Clear Day I Can't See My Sister,6.9,365,37,9.864864864864865
1,Marge Simpson,346,16,11,On a Clear Day I Can't See My Sister,6.9,94,10,9.4
25,Milhouse Van Houten,346,16,11,On a Clear Day I Can't See My Sister,6.9,18,2,9.0
101,Nelson Muntz,346,16,11,On a Clear Day I Can't See My Sister,6.9,21,3,7.0
3,Seymour Skinner,346,16,11,On a Clear Day I Can't See My Sister,6.9,225,16,14.0625
8,Bart Simpson,347,16,12,Goo Goo Gai Pan,7.0,17,4,4.25
15,C. Montgomery Burns,347,16,12,Goo Goo Gai Pan,7.0,62,6,10.333333333333334
332,Dr. Julius Hibbert,347,16,12,Goo Goo Gai Pan,7.0,25,2,12.5
2,Homer Simpson,347,16,12,Goo Goo Gai Pan,7.0,457,48,9.520833333333334
165,Lenny Leonard,347,16,12,Goo Goo Gai Pan,7.0,7,1,7.0
9,Lisa Simpson,347,16,12,Goo Goo Gai Pan,7.0,141,10,14.1
1,Marge Simpson,347,16,12,Goo Goo Gai Pan,7.0,131,17,7.705882352941177
25,Milhouse Van Houten,347,16,12,Goo Goo Gai Pan,7.0,23,2,11.5
14,Waylon Smithers,347,16,12,Goo Goo Gai Pan,7.0,6,1,6.0
33,Announcer,348,16,13,Mobile Homer,7.0,19,2,9.5
8,Bart Simpson,348,16,13,Mobile Homer,7.0,162,21,7.714285714285714
71,Chief Wiggum,348,16,13,Mobile Homer,7.0,52,2,26.0
2,Homer Simpson,348,16,13,Mobile Homer,7.0,702,69,10.173913043478262
139,Krusty the Clown,348,16,13,Mobile Homer,7.0,23,2,11.5
9,Lisa Simpson,348,16,13,Mobile Homer,7.0,190,21,9.047619047619047
1,Marge Simpson,348,16,13,Mobile Homer,7.0,640,61,10.491803278688524
17,Moe Szyslak,348,16,13,Mobile Homer,7.0,6,1,6.0
11,Ned Flanders,348,16,13,Mobile Homer,7.0,11,1,11.0
101,Nelson Muntz,348,16,13,Mobile Homer,7.0,6,1,6.0
8,Bart Simpson,349,16,14,The Seven-Beer Snitch,6.9,108,12,9.0
15,C. Montgomery Burns,349,16,14,The Seven-Beer Snitch,6.9,187,16,11.6875
170,Carl Carlson,349,16,14,The Seven-Beer Snitch,6.9,41,5,8.2
71,Chief Wiggum,349,16,14,The Seven-Beer Snitch,6.9,137,9,15.222222222222221
2,Homer Simpson,349,16,14,The Seven-Beer Snitch,6.9,465,41,11.341463414634147
211,Kent Brockman,349,16,14,The Seven-Beer Snitch,6.9,66,2,33.0
165,Lenny Leonard,349,16,14,The Seven-Beer Snitch,6.9,37,5,7.4
9,Lisa Simpson,349,16,14,The Seven-Beer Snitch,6.9,197,17,11.588235294117647
1,Marge Simpson,349,16,14,The Seven-Beer Snitch,6.9,326,22,14.818181818181818
240,Mayor Joe Quimby,349,16,14,The Seven-Beer Snitch,6.9,51,4,12.75
17,Moe Szyslak,349,16,14,The Seven-Beer Snitch,6.9,21,2,10.5
11,Ned Flanders,349,16,14,The Seven-Beer Snitch,6.9,18,1,18.0
3,Seymour Skinner,349,16,14,The Seven-Beer Snitch,6.9,20,1,20.0
14,Waylon Smithers,349,16,14,The Seven-Beer Snitch,6.9,4,1,4.0
208,Apu Nahasapeemapetilon,350,16,15,Future-Drama,7.3,30,3,10.0
8,Bart Simpson,350,16,15,Future-Drama,7.3,544,62,8.774193548387096
15,C. Montgomery Burns,350,16,15,Future-Drama,7.3,62,4,15.5
170,Carl Carlson,350,16,15,Future-Drama,7.3,13,2,6.5
40,Edna Krabappel-Flanders,350,16,15,Future-Drama,7.3,13,2,6.5
1078,Gary Chalmers,350,16,15,Future-Drama,7.3,6,1,6.0
404,Groundskeeper Willie,350,16,15,Future-Drama,7.3,20,2,10.0
2,Homer Simpson,350,16,15,Future-Drama,7.3,181,23,7.869565217391305
139,Krusty the Clown,350,16,15,Future-Drama,7.3,15,2,7.5
165,Lenny Leonard,350,16,15,Future-Drama,7.3,16,2,8.0
9,Lisa Simpson,350,16,15,Future-Drama,7.3,237,26,9.115384615384615
1,Marge Simpson,350,16,15,Future-Drama,7.3,121,12,10.083333333333334
25,Milhouse Van Houten,350,16,15,Future-Drama,7.3,175,18,9.722222222222221
17,Moe Szyslak,350,16,15,Future-Drama,7.3,46,6,7.666666666666667
3,Seymour Skinner,350,16,15,Future-Drama,7.3,88,7,12.571428571428571
14,Waylon Smithers,350,16,15,Future-Drama,7.3,25,3,8.333333333333334
8,Bart Simpson,351,16,16,Don't Fear the Roofer,7.4,115,13,8.846153846153847
170,Carl Carlson,351,16,16,Don't Fear the Roofer,7.4,28,2,14.0
332,Dr. Julius Hibbert,351,16,16,Don't Fear the Roofer,7.4,182,19,9.578947368421053
31,Grampa Simpson,351,16,16,Don't Fear the Roofer,7.4,24,4,6.0
2,Homer Simpson,351,16,16,Don't Fear the Roofer,7.4,957,108,8.86111111111111
211,Kent Brockman,351,16,16,Don't Fear the Roofer,7.4,32,4,8.0
139,Krusty the Clown,351,16,16,Don't Fear the Roofer,7.4,21,1,21.0
165,Lenny Leonard,351,16,16,Don't Fear the Roofer,7.4,3,1,3.0
9,Lisa Simpson,351,16,16,Don't Fear the Roofer,7.4,63,9,7.0
1,Marge Simpson,351,16,16,Don't Fear the Roofer,7.4,402,45,8.933333333333334
17,Moe Szyslak,351,16,16,Don't Fear the Roofer,7.4,40,6,6.666666666666667
11,Ned Flanders,351,16,16,Don't Fear the Roofer,7.4,43,5,8.6
8,Bart Simpson,352,16,17,The Heartbroke Kid,7.2,226,25,9.04
332,Dr. Julius Hibbert,352,16,17,The Heartbroke Kid,7.2,62,5,12.4
1078,Gary Chalmers,352,16,17,The Heartbroke Kid,7.2,52,4,13.0
404,Groundskeeper Willie,352,16,17,The Heartbroke Kid,7.2,46,4,11.5
2,Homer Simpson,352,16,17,The Heartbroke Kid,7.2,372,38,9.789473684210526
211,Kent Brockman,352,16,17,The Heartbroke Kid,7.2,15,1,15.0
139,Krusty the Clown,352,16,17,The Heartbroke Kid,7.2,70,5,14.0
9,Lisa Simpson,352,16,17,The Heartbroke Kid,7.2,87,11,7.909090909090909
1,Marge Simpson,352,16,17,The Heartbroke Kid,7.2,217,21,10.333333333333334
11,Ned Flanders,352,16,17,The Heartbroke Kid,7.2,15,1,15.0
101,Nelson Muntz,352,16,17,The Heartbroke Kid,7.2,6,1,6.0
3,Seymour Skinner,352,16,17,The Heartbroke Kid,7.2,61,8,7.625
33,Announcer,353,16,18,A Star Is Torn,6.8,22,2,11.0
208,Apu Nahasapeemapetilon,353,16,18,A Star Is Torn,6.8,15,3,5.0
8,Bart Simpson,353,16,18,A Star Is Torn,6.8,116,11,10.545454545454545
170,Carl Carlson,353,16,18,A Star Is Torn,6.8,11,2,5.5
2,Homer Simpson,353,16,18,A Star Is Torn,6.8,692,57,12.140350877192983
139,Krusty the Clown,353,16,18,A Star Is Torn,6.8,327,23,14.217391304347826
165,Lenny Leonard,353,16,18,A Star Is Torn,6.8,24,4,6.0
9,Lisa Simpson,353,16,18,A Star Is Torn,6.8,620,54,11.481481481481481
1,Marge Simpson,353,16,18,A Star Is Torn,6.8,135,10,13.5
25,Milhouse Van Houten,353,16,18,A Star Is Torn,6.8,9,2,4.5
8,Bart Simpson,354,16,19,Thank God It's Doomsday,7.3,45,7,6.428571428571429
170,Carl Carlson,354,16,19,Thank God It's Doomsday,7.3,23,2,11.5
71,Chief Wiggum,354,16,19,Thank God It's Doomsday,7.3,7,1,7.0
801,Comic Book Guy,354,16,19,Thank God It's Doomsday,7.3,22,1,22.0
332,Dr. Julius Hibbert,354,16,19,Thank God It's Doomsday,7.3,3,1,3.0
31,Grampa Simpson,354,16,19,Thank God It's Doomsday,7.3,11,2,5.5
2,Homer Simpson,354,16,19,Thank God It's Doomsday,7.3,906,84,10.785714285714286
211,Kent Brockman,354,16,19,Thank God It's Doomsday,7.3,95,3,31.666666666666668
139,Krusty the Clown,354,16,19,Thank God It's Doomsday,7.3,56,5,11.2
165,Lenny Leonard,354,16,19,Thank God It's Doomsday,7.3,21,3,7.0
9,Lisa Simpson,354,16,19,Thank God It's Doomsday,7.3,161,15,10.733333333333333
1,Marge Simpson,354,16,19,Thank God It's Doomsday,7.3,230,24,9.583333333333334
17,Moe Szyslak,354,16,19,Thank God It's Doomsday,7.3,90,3,30.0
11,Ned Flanders,354,16,19,Thank God It's Doomsday,7.3,10,1,10.0
101,Nelson Muntz,354,16,19,Thank God It's Doomsday,7.3,16,3,5.333333333333333
3,Seymour Skinner,354,16,19,Thank God It's Doomsday,7.3,33,3,11.0
33,Announcer,355,16,20,Home Away from Homer,7.1,13,1,13.0
208,Apu Nahasapeemapetilon,355,16,20,Home Away from Homer,7.1,12,1,12.0
8,Bart Simpson,355,16,20,Home Away from Homer,7.1,114,14,8.142857142857142
332,Dr. Julius Hibbert,355,16,20,Home Away from Homer,7.1,8,1,8.0
2,Homer Simpson,355,16,20,Home Away from Homer,7.1,618,58,10.655172413793103
9,Lisa Simpson,355,16,20,Home Away from Homer,7.1,97,8,12.125
1,Marge Simpson,355,16,20,Home Away from Homer,7.1,154,15,10.266666666666667
25,Milhouse Van Houten,355,16,20,Home Away from Homer,7.1,25,5,5.0
17,Moe Szyslak,355,16,20,Home Away from Homer,7.1,27,2,13.5
11,Ned Flanders,355,16,20,Home Away from Homer,7.1,605,50,12.1
101,Nelson Muntz,355,16,20,Home Away from Homer,7.1,22,3,7.333333333333333
8,Bart Simpson,356,16,21,"The Father, the Son, and the Holy Guest Star",7.2,403,38,10.605263157894736
40,Edna Krabappel-Flanders,356,16,21,"The Father, the Son, and the Holy Guest Star",7.2,67,7,9.571428571428571
31,Grampa Simpson,356,16,21,"The Father, the Son, and the Holy Guest Star",7.2,9,2,4.5
404,Groundskeeper Willie,356,16,21,"The Father, the Son, and the Holy Guest Star",7.2,84,5,16.8
2,Homer Simpson,356,16,21,"The Father, the Son, and the Holy Guest Star",7.2,544,40,13.6
9,Lisa Simpson,356,16,21,"The Father, the Son, and the Holy Guest Star",7.2,133,13,10.23076923076923
1,Marge Simpson,356,16,21,"The Father, the Son, and the Holy Guest Star",7.2,382,31,12.32258064516129
25,Milhouse Van Houten,356,16,21,"The Father, the Son, and the Holy Guest Star",7.2,15,3,5.0
11,Ned Flanders,356,16,21,"The Father, the Son, and the Holy Guest Star",7.2,101,6,16.833333333333332
101,Nelson Muntz,356,16,21,"The Father, the Son, and the Holy Guest Star",7.2,27,5,5.4
140,Rev. Timothy Lovejoy,356,16,21,"The Father, the Son, and the Holy Guest Star",7.2,125,12,10.416666666666666
3,Seymour Skinner,356,16,21,"The Father, the Son, and the Holy Guest Star",7.2,121,9,13.444444444444445
8,Bart Simpson,357,17,1,The Bonfire of the Manatees,6.3,128,15,8.533333333333333
15,C. Montgomery Burns,357,17,1,The Bonfire of the Manatees,6.3,25,3,8.333333333333334
170,Carl Carlson,357,17,1,The Bonfire of the Manatees,6.3,67,4,16.75
2,Homer Simpson,357,17,1,The Bonfire of the Manatees,6.3,832,87,9.563218390804598
165,Lenny Leonard,357,17,1,The Bonfire of the Manatees,6.3,33,3,11.0
9,Lisa Simpson,357,17,1,The Bonfire of the Manatees,6.3,139,15,9.266666666666667
1,Marge Simpson,357,17,1,The Bonfire of the Manatees,6.3,439,46,9.543478260869565
17,Moe Szyslak,357,17,1,The Bonfire of the Manatees,6.3,49,5,9.8
14,Waylon Smithers,357,17,1,The Bonfire of the Manatees,6.3,20,2,10.0
8,Bart Simpson,358,17,2,The Girl Who Slept Too Little,6.9,156,18,8.666666666666666
170,Carl Carlson,358,17,2,The Girl Who Slept Too Little,6.9,22,2,11.0
71,Chief Wiggum,358,17,2,The Girl Who Slept Too Little,6.9,69,5,13.8
404,Groundskeeper Willie,358,17,2,The Girl Who Slept Too Little,6.9,15,1,15.0
2,Homer Simpson,358,17,2,The Girl Who Slept Too Little,6.9,461,46,10.021739130434783
211,Kent Brockman,358,17,2,The Girl Who Slept Too Little,6.9,37,1,37.0
165,Lenny Leonard,358,17,2,The Girl Who Slept Too Little,6.9,63,6,10.5
9,Lisa Simpson,358,17,2,The Girl Who Slept Too Little,6.9,342,40,8.55
1,Marge Simpson,358,17,2,The Girl Who Slept Too Little,6.9,325,31,10.483870967741936
11,Ned Flanders,358,17,2,The Girl Who Slept Too Little,6.9,17,2,8.5
8,Bart Simpson,359,17,3,Milhouse of Sand and Fog,7.0,488,42,11.619047619047619
71,Chief Wiggum,359,17,3,Milhouse of Sand and Fog,7.0,46,3,15.333333333333334
332,Dr. Julius Hibbert,359,17,3,Milhouse of Sand and Fog,7.0,57,6,9.5
2,Homer Simpson,359,17,3,Milhouse of Sand and Fog,7.0,509,54,9.425925925925926
139,Krusty the Clown,359,17,3,Milhouse of Sand and Fog,7.0,38,1,38.0
9,Lisa Simpson,359,17,3,Milhouse of Sand and Fog,7.0,129,11,11.727272727272727
1,Marge Simpson,359,17,3,Milhouse of Sand and Fog,7.0,371,43,8.627906976744185
25,Milhouse Van Houten,359,17,3,Milhouse of Sand and Fog,7.0,365,34,10.735294117647058
11,Ned Flanders,359,17,3,Milhouse of Sand and Fog,7.0,102,5,20.4
101,Nelson Muntz,359,17,3,Milhouse of Sand and Fog,7.0,2,1,2.0
140,Rev. Timothy Lovejoy,359,17,3,Milhouse of Sand and Fog,7.0,20,2,10.0
208,Apu Nahasapeemapetilon,360,17,4,Treehouse of Horror XVI,7.3,29,3,9.666666666666666
8,Bart Simpson,360,17,4,Treehouse of Horror XVI,7.3,175,21,8.333333333333334
15,C. Montgomery Burns,360,17,4,Treehouse of Horror XVI,7.3,104,11,9.454545454545455
170,Carl Carlson,360,17,4,Treehouse of Horror XVI,7.3,48,5,9.6
71,Chief Wiggum,360,17,4,Treehouse of Horror XVI,7.3,15,1,15.0
801,Comic Book Guy,360,17,4,Treehouse of Horror XVI,7.3,7,1,7.0
332,Dr. Julius Hibbert,360,17,4,Treehouse of Horror XVI,7.3,106,7,15.142857142857142
404,Groundskeeper Willie,360,17,4,Treehouse of Horror XVI,7.3,9,1,9.0
2,Homer Simpson,360,17,4,Treehouse of Horror XVI,7.3,324,30,10.8
139,Krusty the Clown,360,17,4,Treehouse of Horror XVI,7.3,8,1,8.0
165,Lenny Leonard,360,17,4,Treehouse of Horror XVI,7.3,14,4,3.5
9,Lisa Simpson,360,17,4,Treehouse of Horror XVI,7.3,99,11,9.0
1,Marge Simpson,360,17,4,Treehouse of Horror XVI,7.3,158,20,7.9
240,Mayor Joe Quimby,360,17,4,Treehouse of Horror XVI,7.3,84,6,14.0
25,Milhouse Van Houten,360,17,4,Treehouse of Horror XVI,7.3,19,1,19.0
17,Moe Szyslak,360,17,4,Treehouse of Horror XVI,7.3,62,7,8.857142857142858
11,Ned Flanders,360,17,4,Treehouse of Horror XVI,7.3,32,4,8.0
101,Nelson Muntz,360,17,4,Treehouse of Horror XVI,7.3,28,3,9.333333333333334
3,Seymour Skinner,360,17,4,Treehouse of Horror XVI,7.3,5,2,2.5
14,Waylon Smithers,360,17,4,Treehouse of Horror XVI,7.3,4,1,4.0
208,Apu Nahasapeemapetilon,361,17,5,Marge's Son Poisoning,6.9,34,1,34.0
8,Bart Simpson,361,17,5,Marge's Son Poisoning,6.9,410,52,7.884615384615385
170,Carl Carlson,361,17,5,Marge's Son Poisoning,6.9,7,1,7.0
71,Chief Wiggum,361,17,5,Marge's Son Poisoning,6.9,19,3,6.333333333333333
1078,Gary Chalmers,361,17,5,Marge's Son Poisoning,6.9,23,2,11.5
2,Homer Simpson,361,17,5,Marge's Son Poisoning,6.9,344,36,9.555555555555555
139,Krusty the Clown,361,17,5,Marge's Son Poisoning,6.9,37,2,18.5
165,Lenny Leonard,361,17,5,Marge's Son Poisoning,6.9,17,2,8.5
9,Lisa Simpson,361,17,5,Marge's Son Poisoning,6.9,24,4,6.0
1,Marge Simpson,361,17,5,Marge's Son Poisoning,6.9,564,59,9.559322033898304
25,Milhouse Van Houten,361,17,5,Marge's Son Poisoning,6.9,31,3,10.333333333333334
17,Moe Szyslak,361,17,5,Marge's Son Poisoning,6.9,273,19,14.368421052631579
101,Nelson Muntz,361,17,5,Marge's Son Poisoning,6.9,4,1,4.0
140,Rev. Timothy Lovejoy,361,17,5,Marge's Son Poisoning,6.9,11,2,5.5
3,Seymour Skinner,361,17,5,Marge's Son Poisoning,6.9,82,8,10.25
33,Announcer,362,17,6,See Homer Run,6.9,7,1,7.0
8,Bart Simpson,362,17,6,See Homer Run,6.9,65,10,6.5
170,Carl Carlson,362,17,6,See Homer Run,6.9,19,4,4.75
71,Chief Wiggum,362,17,6,See Homer Run,6.9,71,5,14.2
404,Groundskeeper Willie,362,17,6,See Homer Run,6.9,8,1,8.0
2,Homer Simpson,362,17,6,See Homer Run,6.9,784,79,9.924050632911392
211,Kent Brockman,362,17,6,See Homer Run,6.9,201,11,18.272727272727273
165,Lenny Leonard,362,17,6,See Homer Run,6.9,45,7,6.428571428571429
9,Lisa Simpson,362,17,6,See Homer Run,6.9,292,30,9.733333333333333
1,Marge Simpson,362,17,6,See Homer Run,6.9,134,13,10.307692307692308
240,Mayor Joe Quimby,362,17,6,See Homer Run,6.9,87,8,10.875
25,Milhouse Van Houten,362,17,6,See Homer Run,6.9,13,5,2.6
17,Moe Szyslak,362,17,6,See Homer Run,6.9,56,4,14.0
101,Nelson Muntz,362,17,6,See Homer Run,6.9,8,2,4.0
3,Seymour Skinner,362,17,6,See Homer Run,6.9,171,14,12.214285714285714
14,Waylon Smithers,362,17,6,See Homer Run,6.9,17,1,17.0
33,Announcer,363,17,7,The Last of the Red Hat Mamas,6.7,19,1,19.0
8,Bart Simpson,363,17,7,The Last of the Red Hat Mamas,6.7,16,3,5.333333333333333
15,C. Montgomery Burns,363,17,7,The Last of the Red Hat Mamas,6.7,134,12,11.166666666666666
71,Chief Wiggum,363,17,7,The Last of the Red Hat Mamas,6.7,87,5,17.4
2,Homer Simpson,363,17,7,The Last of the Red Hat Mamas,6.7,373,31,12.03225806451613
139,Krusty the Clown,363,17,7,The Last of the Red Hat Mamas,6.7,7,1,7.0
9,Lisa Simpson,363,17,7,The Last of the Red Hat Mamas,6.7,164,25,6.56
1,Marge Simpson,363,17,7,The Last of the Red Hat Mamas,6.7,312,31,10.064516129032258
240,Mayor Joe Quimby,363,17,7,The Last of the Red Hat Mamas,6.7,31,3,10.333333333333334
25,Milhouse Van Houten,363,17,7,The Last of the Red Hat Mamas,6.7,185,17,10.882352941176471
17,Moe Szyslak,363,17,7,The Last of the Red Hat Mamas,6.7,12,2,6.0
101,Nelson Muntz,363,17,7,The Last of the Red Hat Mamas,6.7,15,3,5.0
3,Seymour Skinner,363,17,7,The Last of the Red Hat Mamas,6.7,73,6,12.166666666666666
14,Waylon Smithers,363,17,7,The Last of the Red Hat Mamas,6.7,13,1,13.0
8,Bart Simpson,364,17,8,The Italian Bob,7.0,142,14,10.142857142857142
15,C. Montgomery Burns,364,17,8,The Italian Bob,7.0,108,13,8.307692307692308
71,Chief Wiggum,364,17,8,The Italian Bob,7.0,34,4,8.5
40,Edna Krabappel-Flanders,364,17,8,The Italian Bob,7.0,24,2,12.0
404,Groundskeeper Willie,364,17,8,The Italian Bob,7.0,4,1,4.0
2,Homer Simpson,364,17,8,The Italian Bob,7.0,468,54,8.666666666666666
139,Krusty the Clown,364,17,8,The Italian Bob,7.0,175,13,13.461538461538462
9,Lisa Simpson,364,17,8,The Italian Bob,7.0,223,24,9.291666666666666
1,Marge Simpson,364,17,8,The Italian Bob,7.0,201,20,10.05
101,Nelson Muntz,364,17,8,The Italian Bob,7.0,21,4,5.25
153,Sideshow Bob,364,17,8,The Italian Bob,7.0,475,37,12.837837837837839
14,Waylon Smithers,364,17,8,The Italian Bob,7.0,9,1,9.0
33,Announcer,365,17,9,Simpsons Christmas Stories,6.9,8,1,8.0
208,Apu Nahasapeemapetilon,365,17,9,Simpsons Christmas Stories,6.9,35,2,17.5
8,Bart Simpson,365,17,9,Simpsons Christmas Stories,6.9,22,5,4.4
15,C. Montgomery Burns,365,17,9,Simpsons Christmas Stories,6.9,172,13,13.23076923076923
170,Carl Carlson,365,17,9,Simpsons Christmas Stories,6.9,9,2,4.5
71,Chief Wiggum,365,17,9,Simpsons Christmas Stories,6.9,28,2,14.0
801,Comic Book Guy,365,17,9,Simpsons Christmas Stories,6.9,6,1,6.0
31,Grampa Simpson,365,17,9,Simpsons Christmas Stories,6.9,363,38,9.552631578947368
2,Homer Simpson,365,17,9,Simpsons Christmas Stories,6.9,223,19,11.736842105263158
139,Krusty the Clown,365,17,9,Simpsons Christmas Stories,6.9,46,4,11.5
165,Lenny Leonard,365,17,9,Simpsons Christmas Stories,6.9,4,1,4.0
9,Lisa Simpson,365,17,9,Simpsons Christmas Stories,6.9,64,9,7.111111111111111
1,Marge Simpson,365,17,9,Simpsons Christmas Stories,6.9,54,7,7.714285714285714
240,Mayor Joe Quimby,365,17,9,Simpsons Christmas Stories,6.9,8,1,8.0
17,Moe Szyslak,365,17,9,Simpsons Christmas Stories,6.9,38,5,7.6
11,Ned Flanders,365,17,9,Simpsons Christmas Stories,6.9,38,4,9.5
140,Rev. Timothy Lovejoy,365,17,9,Simpsons Christmas Stories,6.9,15,2,7.5
8,Bart Simpson,366,17,10,Homer's Paternity Coot,6.7,58,6,9.666666666666666
170,Carl Carlson,366,17,10,Homer's Paternity Coot,6.7,27,3,9.0
71,Chief Wiggum,366,17,10,Homer's Paternity Coot,6.7,8,2,4.0
332,Dr. Julius Hibbert,366,17,10,Homer's Paternity Coot,6.7,45,4,11.25
31,Grampa Simpson,366,17,10,Homer's Paternity Coot,6.7,319,29,11.0
2,Homer Simpson,366,17,10,Homer's Paternity Coot,6.7,528,48,11.0
211,Kent Brockman,366,17,10,Homer's Paternity Coot,6.7,85,4,21.25
165,Lenny Leonard,366,17,10,Homer's Paternity Coot,6.7,16,2,8.0
9,Lisa Simpson,366,17,10,Homer's Paternity Coot,6.7,84,10,8.4
1,Marge Simpson,366,17,10,Homer's Paternity Coot,6.7,254,23,11.043478260869565
240,Mayor Joe Quimby,366,17,10,Homer's Paternity Coot,6.7,38,5,7.6
17,Moe Szyslak,366,17,10,Homer's Paternity Coot,6.7,55,3,18.333333333333332
140,Rev. Timothy Lovejoy,366,17,10,Homer's Paternity Coot,6.7,11,2,5.5
3,Seymour Skinner,366,17,10,Homer's Paternity Coot,6.7,21,3,7.0
8,Bart Simpson,367,17,11,We're on the Road to D'ohwhere,7.0,346,32,10.8125
170,Carl Carlson,367,17,11,We're on the Road to D'ohwhere,7.0,25,4,6.25
71,Chief Wiggum,367,17,11,We're on the Road to D'ohwhere,7.0,17,2,8.5
801,Comic Book Guy,367,17,11,We're on the Road to D'ohwhere,7.0,43,2,21.5
40,Edna Krabappel-Flanders,367,17,11,We're on the Road to D'ohwhere,7.0,9,1,9.0
1078,Gary Chalmers,367,17,11,We're on the Road to D'ohwhere,7.0,29,4,7.25
404,Groundskeeper Willie,367,17,11,We're on the Road to D'ohwhere,7.0,18,3,6.0
2,Homer Simpson,367,17,11,We're on the Road to D'ohwhere,7.0,676,53,12.754716981132075
165,Lenny Leonard,367,17,11,We're on the Road to D'ohwhere,7.0,31,5,6.2
9,Lisa Simpson,367,17,11,We're on the Road to D'ohwhere,7.0,76,6,12.666666666666666
1,Marge Simpson,367,17,11,We're on the Road to D'ohwhere,7.0,157,18,8.722222222222221
25,Milhouse Van Houten,367,17,11,We're on the Road to D'ohwhere,7.0,79,7,11.285714285714286
17,Moe Szyslak,367,17,11,We're on the Road to D'ohwhere,7.0,51,4,12.75
11,Ned Flanders,367,17,11,We're on the Road to D'ohwhere,7.0,84,4,21.0
101,Nelson Muntz,367,17,11,We're on the Road to D'ohwhere,7.0,8,2,4.0
3,Seymour Skinner,367,17,11,We're on the Road to D'ohwhere,7.0,145,13,11.153846153846153
14,Waylon Smithers,367,17,11,We're on the Road to D'ohwhere,7.0,18,2,9.0
33,Announcer,368,17,12,My Fair Laddy,6.4,13,1,13.0
8,Bart Simpson,368,17,12,My Fair Laddy,6.4,128,18,7.111111111111111
170,Carl Carlson,368,17,12,My Fair Laddy,6.4,5,1,5.0
40,Edna Krabappel-Flanders,368,17,12,My Fair Laddy,6.4,15,1,15.0
1078,Gary Chalmers,368,17,12,My Fair Laddy,6.4,2,1,2.0
404,Groundskeeper Willie,368,17,12,My Fair Laddy,6.4,586,57,10.280701754385966
2,Homer Simpson,368,17,12,My Fair Laddy,6.4,157,17,9.235294117647058
139,Krusty the Clown,368,17,12,My Fair Laddy,6.4,92,10,9.2
165,Lenny Leonard,368,17,12,My Fair Laddy,6.4,16,1,16.0
9,Lisa Simpson,368,17,12,My Fair Laddy,6.4,284,29,9.793103448275861
1,Marge Simpson,368,17,12,My Fair Laddy,6.4,113,14,8.071428571428571
25,Milhouse Van Houten,368,17,12,My Fair Laddy,6.4,15,2,7.5
17,Moe Szyslak,368,17,12,My Fair Laddy,6.4,34,1,34.0
101,Nelson Muntz,368,17,12,My Fair Laddy,6.4,20,3,6.666666666666667
3,Seymour Skinner,368,17,12,My Fair Laddy,6.4,151,10,15.1
8,Bart Simpson,369,17,13,The Seemingly Never-Ending Story,7.4,152,11,13.818181818181818
15,C. Montgomery Burns,369,17,13,The Seemingly Never-Ending Story,7.4,365,39,9.35897435897436
170,Carl Carlson,369,17,13,The Seemingly Never-Ending Story,7.4,23,3,7.666666666666667
40,Edna Krabappel-Flanders,369,17,13,The Seemingly Never-Ending Story,7.4,143,14,10.214285714285714
2,Homer Simpson,369,17,13,The Seemingly Never-Ending Story,7.4,254,27,9.407407407407407
165,Lenny Leonard,369,17,13,The Seemingly Never-Ending Story,7.4,28,4,7.0
9,Lisa Simpson,369,17,13,The Seemingly Never-Ending Story,7.4,237,26,9.115384615384615
1,Marge Simpson,369,17,13,The Seemingly Never-Ending Story,7.4,160,16,10.0
25,Milhouse Van Houten,369,17,13,The Seemingly Never-Ending Story,7.4,4,1,4.0
17,Moe Szyslak,369,17,13,The Seemingly Never-Ending Story,7.4,562,39,14.41025641025641
101,Nelson Muntz,369,17,13,The Seemingly Never-Ending Story,7.4,10,2,5.0
3,Seymour Skinner,369,17,13,The Seemingly Never-Ending Story,7.4,20,1,20.0
8,Bart Simpson,370,17,14,Bart Has Two Mommies,7.0,112,16,7.0
15,C. Montgomery Burns,370,17,14,Bart Has Two Mommies,7.0,3,2,1.5
170,Carl Carlson,370,17,14,Bart Has Two Mommies,7.0,10,2,5.0
2,Homer Simpson,370,17,14,Bart Has Two Mommies,7.0,413,39,10.58974358974359
211,Kent Brockman,370,17,14,Bart Has Two Mommies,7.0,88,5,17.6
139,Krusty the Clown,370,17,14,Bart Has Two Mommies,7.0,33,1,33.0
165,Lenny Leonard,370,17,14,Bart Has Two Mommies,7.0,9,2,4.5
9,Lisa Simpson,370,17,14,Bart Has Two Mommies,7.0,115,14,8.214285714285714
1,Marge Simpson,370,17,14,Bart Has Two Mommies,7.0,392,39,10.051282051282051
11,Ned Flanders,370,17,14,Bart Has Two Mommies,7.0,392,30,13.066666666666666
101,Nelson Muntz,370,17,14,Bart Has Two Mommies,7.0,18,2,9.0
140,Rev. Timothy Lovejoy,370,17,14,Bart Has Two Mommies,7.0,101,6,16.833333333333332
14,Waylon Smithers,370,17,14,Bart Has Two Mommies,7.0,5,1,5.0
8,Bart Simpson,371,17,15,"Homer Simpson, This Is Your Wife",6.5,65,6,10.833333333333334
170,Carl Carlson,371,17,15,"Homer Simpson, This Is Your Wife",6.5,21,2,10.5
2,Homer Simpson,371,17,15,"Homer Simpson, This Is Your Wife",6.5,607,54,11.24074074074074
165,Lenny Leonard,371,17,15,"Homer Simpson, This Is Your Wife",6.5,92,9,10.222222222222221
9,Lisa Simpson,371,17,15,"Homer Simpson, This Is Your Wife",6.5,99,11,9.0
1,Marge Simpson,371,17,15,"Homer Simpson, This Is Your Wife",6.5,404,47,8.595744680851064
17,Moe Szyslak,371,17,15,"Homer Simpson, This Is Your Wife",6.5,19,1,19.0
8,Bart Simpson,372,17,16,Million-Dollar Abie,6.6,10,2,5.0
170,Carl Carlson,372,17,16,Million-Dollar Abie,6.6,11,3,3.6666666666666665
71,Chief Wiggum,372,17,16,Million-Dollar Abie,6.6,63,4,15.75
31,Grampa Simpson,372,17,16,Million-Dollar Abie,6.6,431,36,11.972222222222221
2,Homer Simpson,372,17,16,Million-Dollar Abie,6.6,190,17,11.176470588235293
211,Kent Brockman,372,17,16,Million-Dollar Abie,6.6,62,2,31.0
165,Lenny Leonard,372,17,16,Million-Dollar Abie,6.6,52,6,8.666666666666666
9,Lisa Simpson,372,17,16,Million-Dollar Abie,6.6,93,11,8.454545454545455
1,Marge Simpson,372,17,16,Million-Dollar Abie,6.6,126,12,10.5
240,Mayor Joe Quimby,372,17,16,Million-Dollar Abie,6.6,109,7,15.571428571428571
101,Nelson Muntz,372,17,16,Million-Dollar Abie,6.6,1,1,1.0
33,Announcer,373,17,17,"Kiss Kiss, Bang Bangalore",7.2,31,2,15.5
8,Bart Simpson,373,17,17,"Kiss Kiss, Bang Bangalore",7.2,83,7,11.857142857142858
15,C. Montgomery Burns,373,17,17,"Kiss Kiss, Bang Bangalore",7.2,355,25,14.2
170,Carl Carlson,373,17,17,"Kiss Kiss, Bang Bangalore",7.2,11,1,11.0
801,Comic Book Guy,373,17,17,"Kiss Kiss, Bang Bangalore",7.2,63,5,12.6
404,Groundskeeper Willie,373,17,17,"Kiss Kiss, Bang Bangalore",7.2,9,1,9.0
2,Homer Simpson,373,17,17,"Kiss Kiss, Bang Bangalore",7.2,423,45,9.4
165,Lenny Leonard,373,17,17,"Kiss Kiss, Bang Bangalore",7.2,62,7,8.857142857142858
9,Lisa Simpson,373,17,17,"Kiss Kiss, Bang Bangalore",7.2,47,8,5.875
1,Marge Simpson,373,17,17,"Kiss Kiss, Bang Bangalore",7.2,77,8,9.625
17,Moe Szyslak,373,17,17,"Kiss Kiss, Bang Bangalore",7.2,13,3,4.333333333333333
14,Waylon Smithers,373,17,17,"Kiss Kiss, Bang Bangalore",7.2,50,7,7.142857142857143
8,Bart Simpson,374,17,18,The Wettest Stories Ever Told,6.7,86,14,6.142857142857143
170,Carl Carlson,374,17,18,The Wettest Stories Ever Told,6.7,9,2,4.5
71,Chief Wiggum,374,17,18,The Wettest Stories Ever Told,6.7,5,1,5.0
801,Comic Book Guy,374,17,18,The Wettest Stories Ever Told,6.7,53,4,13.25
2,Homer Simpson,374,17,18,The Wettest Stories Ever Told,6.7,344,37,9.297297297297296
139,Krusty the Clown,374,17,18,The Wettest Stories Ever Told,6.7,14,2,7.0
165,Lenny Leonard,374,17,18,The Wettest Stories Ever Told,6.7,29,3,9.666666666666666
9,Lisa Simpson,374,17,18,The Wettest Stories Ever Told,6.7,163,16,10.1875
1,Marge Simpson,374,17,18,The Wettest Stories Ever Told,6.7,223,29,7.689655172413793
25,Milhouse Van Houten,374,17,18,The Wettest Stories Ever Told,6.7,10,2,5.0
11,Ned Flanders,374,17,18,The Wettest Stories Ever Told,6.7,11,1,11.0
101,Nelson Muntz,374,17,18,The Wettest Stories Ever Told,6.7,1,1,1.0
140,Rev. Timothy Lovejoy,374,17,18,The Wettest Stories Ever Told,6.7,78,6,13.0
8,Bart Simpson,375,17,19,Girls Just Want to Have Sums,7.2,259,24,10.791666666666666
801,Comic Book Guy,375,17,19,Girls Just Want to Have Sums,7.2,14,1,14.0
40,Edna Krabappel-Flanders,375,17,19,Girls Just Want to Have Sums,7.2,9,1,9.0
1078,Gary Chalmers,375,17,19,Girls Just Want to Have Sums,7.2,116,11,10.545454545454545
404,Groundskeeper Willie,375,17,19,Girls Just Want to Have Sums,7.2,14,2,7.0
2,Homer Simpson,375,17,19,Girls Just Want to Have Sums,7.2,194,19,10.210526315789474
165,Lenny Leonard,375,17,19,Girls Just Want to Have Sums,7.2,1,1,1.0
9,Lisa Simpson,375,17,19,Girls Just Want to Have Sums,7.2,483,53,9.11320754716981
1,Marge Simpson,375,17,19,Girls Just Want to Have Sums,7.2,155,15,10.333333333333334
25,Milhouse Van Houten,375,17,19,Girls Just Want to Have Sums,7.2,66,9,7.333333333333333
101,Nelson Muntz,375,17,19,Girls Just Want to Have Sums,7.2,48,6,8.0
3,Seymour Skinner,375,17,19,Girls Just Want to Have Sums,7.2,227,16,14.1875
8,Bart Simpson,376,17,20,Regarding Margie,6.7,127,12,10.583333333333334
170,Carl Carlson,376,17,20,Regarding Margie,6.7,23,2,11.5
71,Chief Wiggum,376,17,20,Regarding Margie,6.7,20,2,10.0
332,Dr. Julius Hibbert,376,17,20,Regarding Margie,6.7,73,6,12.166666666666666
40,Edna Krabappel-Flanders,376,17,20,Regarding Margie,6.7,3,1,3.0
31,Grampa Simpson,376,17,20,Regarding Margie,6.7,17,2,8.5
2,Homer Simpson,376,17,20,Regarding Margie,6.7,771,76,10.144736842105264
211,Kent Brockman,376,17,20,Regarding Margie,6.7,31,3,10.333333333333334
165,Lenny Leonard,376,17,20,Regarding Margie,6.7,29,2,14.5
9,Lisa Simpson,376,17,20,Regarding Margie,6.7,89,8,11.125
1,Marge Simpson,376,17,20,Regarding Margie,6.7,656,76,8.631578947368421
25,Milhouse Van Houten,376,17,20,Regarding Margie,6.7,32,4,8.0
17,Moe Szyslak,376,17,20,Regarding Margie,6.7,61,9,6.777777777777778
11,Ned Flanders,376,17,20,Regarding Margie,6.7,47,4,11.75
101,Nelson Muntz,376,17,20,Regarding Margie,6.7,28,2,14.0
3,Seymour Skinner,376,17,20,Regarding Margie,6.7,10,1,10.0
8,Bart Simpson,377,17,21,The Monkey Suit,7.1,158,22,7.181818181818182
170,Carl Carlson,377,17,21,The Monkey Suit,7.1,5,1,5.0
71,Chief Wiggum,377,17,21,The Monkey Suit,7.1,51,3,17.0
31,Grampa Simpson,377,17,21,The Monkey Suit,7.1,17,2,8.5
2,Homer Simpson,377,17,21,The Monkey Suit,7.1,203,23,8.826086956521738
211,Kent Brockman,377,17,21,The Monkey Suit,7.1,66,4,16.5
165,Lenny Leonard,377,17,21,The Monkey Suit,7.1,12,2,6.0
9,Lisa Simpson,377,17,21,The Monkey Suit,7.1,279,23,12.130434782608695
1,Marge Simpson,377,17,21,The Monkey Suit,7.1,214,18,11.88888888888889
240,Mayor Joe Quimby,377,17,21,The Monkey Suit,7.1,40,3,13.333333333333334
25,Milhouse Van Houten,377,17,21,The Monkey Suit,7.1,9,3,3.0
17,Moe Szyslak,377,17,21,The Monkey Suit,7.1,10,1,10.0
11,Ned Flanders,377,17,21,The Monkey Suit,7.1,218,23,9.478260869565217
101,Nelson Muntz,377,17,21,The Monkey Suit,7.1,17,3,5.666666666666667
140,Rev. Timothy Lovejoy,377,17,21,The Monkey Suit,7.1,51,5,10.2
3,Seymour Skinner,377,17,21,The Monkey Suit,7.1,78,9,8.666666666666666
33,Announcer,378,17,22,Marge and Homer Turn a Couple Play,6.6,5,1,5.0
8,Bart Simpson,378,17,22,Marge and Homer Turn a Couple Play,6.6,70,9,7.777777777777778
170,Carl Carlson,378,17,22,Marge and Homer Turn a Couple Play,6.6,28,4,7.0
332,Dr. Julius Hibbert,378,17,22,Marge and Homer Turn a Couple Play,6.6,8,1,8.0
31,Grampa Simpson,378,17,22,Marge and Homer Turn a Couple Play,6.6,80,8,10.0
2,Homer Simpson,378,17,22,Marge and Homer Turn a Couple Play,6.6,557,54,10.314814814814815
211,Kent Brockman,378,17,22,Marge and Homer Turn a Couple Play,6.6,81,3,27.0
165,Lenny Leonard,378,17,22,Marge and Homer Turn a Couple Play,6.6,38,3,12.666666666666666
9,Lisa Simpson,378,17,22,Marge and Homer Turn a Couple Play,6.6,55,5,11.0
1,Marge Simpson,378,17,22,Marge and Homer Turn a Couple Play,6.6,418,38,11.0
17,Moe Szyslak,378,17,22,Marge and Homer Turn a Couple Play,6.6,89,9,9.88888888888889
8,Bart Simpson,379,18,1,"The Mook, the Chef, the Wife and Her Homer",7.5,117,12,9.75
332,Dr. Julius Hibbert,379,18,1,"The Mook, the Chef, the Wife and Her Homer",7.5,19,1,19.0
404,Groundskeeper Willie,379,18,1,"The Mook, the Chef, the Wife and Her Homer",7.5,21,3,7.0
2,Homer Simpson,379,18,1,"The Mook, the Chef, the Wife and Her Homer",7.5,208,24,8.666666666666666
139,Krusty the Clown,379,18,1,"The Mook, the Chef, the Wife and Her Homer",7.5,52,3,17.333333333333332
9,Lisa Simpson,379,18,1,"The Mook, the Chef, the Wife and Her Homer",7.5,119,16,7.4375
1,Marge Simpson,379,18,1,"The Mook, the Chef, the Wife and Her Homer",7.5,157,18,8.722222222222221
25,Milhouse Van Houten,379,18,1,"The Mook, the Chef, the Wife and Her Homer",7.5,19,3,6.333333333333333
17,Moe Szyslak,379,18,1,"The Mook, the Chef, the Wife and Her Homer",7.5,51,3,17.0
11,Ned Flanders,379,18,1,"The Mook, the Chef, the Wife and Her Homer",7.5,20,2,10.0
101,Nelson Muntz,379,18,1,"The Mook, the Chef, the Wife and Her Homer",7.5,86,9,9.555555555555555
3,Seymour Skinner,379,18,1,"The Mook, the Chef, the Wife and Her Homer",7.5,24,4,6.0
8,Bart Simpson,380,18,2,Jazzy and the Pussycats,6.7,274,33,8.303030303030303
170,Carl Carlson,380,18,2,Jazzy and the Pussycats,6.7,16,1,16.0
71,Chief Wiggum,380,18,2,Jazzy and the Pussycats,6.7,34,5,6.8
332,Dr. Julius Hibbert,380,18,2,Jazzy and the Pussycats,6.7,15,1,15.0
2,Homer Simpson,380,18,2,Jazzy and the Pussycats,6.7,227,23,9.869565217391305
139,Krusty the Clown,380,18,2,Jazzy and the Pussycats,6.7,95,3,31.666666666666668
165,Lenny Leonard,380,18,2,Jazzy and the Pussycats,6.7,26,2,13.0
9,Lisa Simpson,380,18,2,Jazzy and the Pussycats,6.7,334,37,9.027027027027026
1,Marge Simpson,380,18,2,Jazzy and the Pussycats,6.7,181,21,8.619047619047619
17,Moe Szyslak,380,18,2,Jazzy and the Pussycats,6.7,31,2,15.5
140,Rev. Timothy Lovejoy,380,18,2,Jazzy and the Pussycats,6.7,43,2,21.5
8,Bart Simpson,381,18,3,"Please Homer, Don't Hammer 'Em",6.8,209,24,8.708333333333334
170,Carl Carlson,381,18,3,"Please Homer, Don't Hammer 'Em",6.8,75,6,12.5
801,Comic Book Guy,381,18,3,"Please Homer, Don't Hammer 'Em",6.8,30,2,15.0
1078,Gary Chalmers,381,18,3,"Please Homer, Don't Hammer 'Em",6.8,33,3,11.0
404,Groundskeeper Willie,381,18,3,"Please Homer, Don't Hammer 'Em",6.8,67,5,13.4
2,Homer Simpson,381,18,3,"Please Homer, Don't Hammer 'Em",6.8,622,56,11.107142857142858
211,Kent Brockman,381,18,3,"Please Homer, Don't Hammer 'Em",6.8,37,4,9.25
139,Krusty the Clown,381,18,3,"Please Homer, Don't Hammer 'Em",6.8,30,1,30.0
165,Lenny Leonard,381,18,3,"Please Homer, Don't Hammer 'Em",6.8,19,2,9.5
9,Lisa Simpson,381,18,3,"Please Homer, Don't Hammer 'Em",6.8,106,10,10.6
1,Marge Simpson,381,18,3,"Please Homer, Don't Hammer 'Em",6.8,407,39,10.435897435897436
25,Milhouse Van Houten,381,18,3,"Please Homer, Don't Hammer 'Em",6.8,25,3,8.333333333333334
3,Seymour Skinner,381,18,3,"Please Homer, Don't Hammer 'Em",6.8,169,19,8.894736842105264
33,Announcer,382,18,4,Treehouse of Horror XVII,7.1,48,4,12.0
8,Bart Simpson,382,18,4,Treehouse of Horror XVII,7.1,129,20,6.45
170,Carl Carlson,382,18,4,Treehouse of Horror XVII,7.1,11,1,11.0
71,Chief Wiggum,382,18,4,Treehouse of Horror XVII,7.1,104,13,8.0
40,Edna Krabappel-Flanders,382,18,4,Treehouse of Horror XVII,7.1,10,1,10.0
1078,Gary Chalmers,382,18,4,Treehouse of Horror XVII,7.1,19,2,9.5
31,Grampa Simpson,382,18,4,Treehouse of Horror XVII,7.1,19,2,9.5
404,Groundskeeper Willie,382,18,4,Treehouse of Horror XVII,7.1,9,1,9.0
2,Homer Simpson,382,18,4,Treehouse of Horror XVII,7.1,329,44,7.4772727272727275
211,Kent Brockman,382,18,4,Treehouse of Horror XVII,7.1,21,1,21.0
139,Krusty the Clown,382,18,4,Treehouse of Horror XVII,7.1,156,10,15.6
165,Lenny Leonard,382,18,4,Treehouse of Horror XVII,7.1,30,3,10.0
9,Lisa Simpson,382,18,4,Treehouse of Horror XVII,7.1,94,11,8.545454545454545
1,Marge Simpson,382,18,4,Treehouse of Horror XVII,7.1,82,9,9.11111111111111
240,Mayor Joe Quimby,382,18,4,Treehouse of Horror XVII,7.1,30,3,10.0
25,Milhouse Van Houten,382,18,4,Treehouse of Horror XVII,7.1,21,4,5.25
17,Moe Szyslak,382,18,4,Treehouse of Horror XVII,7.1,18,1,18.0
11,Ned Flanders,382,18,4,Treehouse of Horror XVII,7.1,2,1,2.0
3,Seymour Skinner,382,18,4,Treehouse of Horror XVII,7.1,17,2,8.5
33,Announcer,383,18,5,G.I. (Annoyed Grunt),6.9,7,1,7.0
8,Bart Simpson,383,18,5,G.I. (Annoyed Grunt),6.9,92,11,8.363636363636363
15,C. Montgomery Burns,383,18,5,G.I. (Annoyed Grunt),6.9,11,1,11.0
170,Carl Carlson,383,18,5,G.I. (Annoyed Grunt),6.9,17,1,17.0
1078,Gary Chalmers,383,18,5,G.I. (Annoyed Grunt),6.9,28,2,14.0
31,Grampa Simpson,383,18,5,G.I. (Annoyed Grunt),6.9,26,2,13.0
2,Homer Simpson,383,18,5,G.I. (Annoyed Grunt),6.9,459,45,10.2
139,Krusty the Clown,383,18,5,G.I. (Annoyed Grunt),6.9,36,6,6.0
165,Lenny Leonard,383,18,5,G.I. (Annoyed Grunt),6.9,33,5,6.6
9,Lisa Simpson,383,18,5,G.I. (Annoyed Grunt),6.9,69,5,13.8
1,Marge Simpson,383,18,5,G.I. (Annoyed Grunt),6.9,181,14,12.928571428571429
25,Milhouse Van Houten,383,18,5,G.I. (Annoyed Grunt),6.9,37,5,7.4
17,Moe Szyslak,383,18,5,G.I. (Annoyed Grunt),6.9,88,10,8.8
101,Nelson Muntz,383,18,5,G.I. (Annoyed Grunt),6.9,2,1,2.0
3,Seymour Skinner,383,18,5,G.I. (Annoyed Grunt),6.9,18,3,6.0
8,Bart Simpson,384,18,6,Moe'N'a Lisa,6.8,50,6,8.333333333333334
170,Carl Carlson,384,18,6,Moe'N'a Lisa,6.8,13,1,13.0
31,Grampa Simpson,384,18,6,Moe'N'a Lisa,6.8,70,8,8.75
404,Groundskeeper Willie,384,18,6,Moe'N'a Lisa,6.8,16,2,8.0
2,Homer Simpson,384,18,6,Moe'N'a Lisa,6.8,340,37,9.18918918918919
165,Lenny Leonard,384,18,6,Moe'N'a Lisa,6.8,11,2,5.5
9,Lisa Simpson,384,18,6,Moe'N'a Lisa,6.8,249,28,8.892857142857142
1,Marge Simpson,384,18,6,Moe'N'a Lisa,6.8,93,12,7.75
17,Moe Szyslak,384,18,6,Moe'N'a Lisa,6.8,776,53,14.641509433962264
8,Bart Simpson,385,18,7,Ice Cream of Margie (with the Light Blue Hair),7.0,34,5,6.8
15,C. Montgomery Burns,385,18,7,Ice Cream of Margie (with the Light Blue Hair),7.0,89,9,9.88888888888889
170,Carl Carlson,385,18,7,Ice Cream of Margie (with the Light Blue Hair),7.0,23,3,7.666666666666667
71,Chief Wiggum,385,18,7,Ice Cream of Margie (with the Light Blue Hair),7.0,17,2,8.5
801,Comic Book Guy,385,18,7,Ice Cream of Margie (with the Light Blue Hair),7.0,49,1,49.0
31,Grampa Simpson,385,18,7,Ice Cream of Margie (with the Light Blue Hair),7.0,7,1,7.0
2,Homer Simpson,385,18,7,Ice Cream of Margie (with the Light Blue Hair),7.0,761,65,11.707692307692307
211,Kent Brockman,385,18,7,Ice Cream of Margie (with the Light Blue Hair),7.0,146,9,16.22222222222222
139,Krusty the Clown,385,18,7,Ice Cream of Margie (with the Light Blue Hair),7.0,42,2,21.0
165,Lenny Leonard,385,18,7,Ice Cream of Margie (with the Light Blue Hair),7.0,33,4,8.25
9,Lisa Simpson,385,18,7,Ice Cream of Margie (with the Light Blue Hair),7.0,34,5,6.8
1,Marge Simpson,385,18,7,Ice Cream of Margie (with the Light Blue Hair),7.0,349,31,11.258064516129032
25,Milhouse Van Houten,385,18,7,Ice Cream of Margie (with the Light Blue Hair),7.0,5,2,2.5
17,Moe Szyslak,385,18,7,Ice Cream of Margie (with the Light Blue Hair),7.0,54,4,13.5
101,Nelson Muntz,385,18,7,Ice Cream of Margie (with the Light Blue Hair),7.0,11,2,5.5
208,Apu Nahasapeemapetilon,386,18,8,The Haw-Hawed Couple,7.2,8,1,8.0
8,Bart Simpson,386,18,8,The Haw-Hawed Couple,7.2,522,58,9.0
1078,Gary Chalmers,386,18,8,The Haw-Hawed Couple,7.2,1,1,1.0
31,Grampa Simpson,386,18,8,The Haw-Hawed Couple,7.2,19,1,19.0
404,Groundskeeper Willie,386,18,8,The Haw-Hawed Couple,7.2,13,3,4.333333333333333
2,Homer Simpson,386,18,8,The Haw-Hawed Couple,7.2,387,37,10.45945945945946
165,Lenny Leonard,386,18,8,The Haw-Hawed Couple,7.2,5,1,5.0
9,Lisa Simpson,386,18,8,The Haw-Hawed Couple,7.2,190,22,8.636363636363637
1,Marge Simpson,386,18,8,The Haw-Hawed Couple,7.2,142,13,10.923076923076923
25,Milhouse Van Houten,386,18,8,The Haw-Hawed Couple,7.2,103,9,11.444444444444445
17,Moe Szyslak,386,18,8,The Haw-Hawed Couple,7.2,8,1,8.0
101,Nelson Muntz,386,18,8,The Haw-Hawed Couple,7.2,486,48,10.125
3,Seymour Skinner,386,18,8,The Haw-Hawed Couple,7.2,100,9,11.11111111111111
33,Announcer,387,18,9,"Kill Gil, Volumes I & II",6.4,9,1,9.0
8,Bart Simpson,387,18,9,"Kill Gil, Volumes I & II",6.4,44,8,5.5
15,C. Montgomery Burns,387,18,9,"Kill Gil, Volumes I & II",6.4,63,5,12.6
170,Carl Carlson,387,18,9,"Kill Gil, Volumes I & II",6.4,21,2,10.5
31,Grampa Simpson,387,18,9,"Kill Gil, Volumes I & II",6.4,22,3,7.333333333333333
2,Homer Simpson,387,18,9,"Kill Gil, Volumes I & II",6.4,324,34,9.529411764705882
139,Krusty the Clown,387,18,9,"Kill Gil, Volumes I & II",6.4,77,9,8.555555555555555
165,Lenny Leonard,387,18,9,"Kill Gil, Volumes I & II",6.4,7,1,7.0
9,Lisa Simpson,387,18,9,"Kill Gil, Volumes I & II",6.4,99,13,7.615384615384615
1,Marge Simpson,387,18,9,"Kill Gil, Volumes I & II",6.4,394,45,8.755555555555556
240,Mayor Joe Quimby,387,18,9,"Kill Gil, Volumes I & II",6.4,15,1,15.0
25,Milhouse Van Houten,387,18,9,"Kill Gil, Volumes I & II",6.4,4,1,4.0
17,Moe Szyslak,387,18,9,"Kill Gil, Volumes I & II",6.4,27,3,9.0
11,Ned Flanders,387,18,9,"Kill Gil, Volumes I & II",6.4,46,4,11.5
101,Nelson Muntz,387,18,9,"Kill Gil, Volumes I & II",6.4,9,2,4.5
14,Waylon Smithers,387,18,9,"Kill Gil, Volumes I & II",6.4,25,1,25.0
8,Bart Simpson,388,18,10,The Wife Aquatic,6.6,69,9,7.666666666666667
170,Carl Carlson,388,18,10,The Wife Aquatic,6.6,10,2,5.0
801,Comic Book Guy,388,18,10,The Wife Aquatic,6.6,21,2,10.5
31,Grampa Simpson,388,18,10,The Wife Aquatic,6.6,3,1,3.0
2,Homer Simpson,388,18,10,The Wife Aquatic,6.6,514,51,10.07843137254902
165,Lenny Leonard,388,18,10,The Wife Aquatic,6.6,42,5,8.4
9,Lisa Simpson,388,18,10,The Wife Aquatic,6.6,93,15,6.2
1,Marge Simpson,388,18,10,The Wife Aquatic,6.6,249,25,9.96
25,Milhouse Van Houten,388,18,10,The Wife Aquatic,6.6,7,2,3.5
17,Moe Szyslak,388,18,10,The Wife Aquatic,6.6,58,7,8.285714285714286
11,Ned Flanders,388,18,10,The Wife Aquatic,6.6,33,2,16.5
101,Nelson Muntz,388,18,10,The Wife Aquatic,6.6,2,1,2.0
208,Apu Nahasapeemapetilon,389,18,11,Revenge Is a Dish Best Served Three Times,7.0,35,2,17.5
8,Bart Simpson,389,18,11,Revenge Is a Dish Best Served Three Times,7.0,116,13,8.923076923076923
15,C. Montgomery Burns,389,18,11,Revenge Is a Dish Best Served Three Times,7.0,93,6,15.5
170,Carl Carlson,389,18,11,Revenge Is a Dish Best Served Three Times,7.0,25,2,12.5
71,Chief Wiggum,389,18,11,Revenge Is a Dish Best Served Three Times,7.0,20,3,6.666666666666667
31,Grampa Simpson,389,18,11,Revenge Is a Dish Best Served Three Times,7.0,34,4,8.5
404,Groundskeeper Willie,389,18,11,Revenge Is a Dish Best Served Three Times,7.0,19,2,9.5
2,Homer Simpson,389,18,11,Revenge Is a Dish Best Served Three Times,7.0,485,58,8.362068965517242
139,Krusty the Clown,389,18,11,Revenge Is a Dish Best Served Three Times,7.0,6,1,6.0
165,Lenny Leonard,389,18,11,Revenge Is a Dish Best Served Three Times,7.0,30,4,7.5
9,Lisa Simpson,389,18,11,Revenge Is a Dish Best Served Three Times,7.0,150,17,8.823529411764707
1,Marge Simpson,389,18,11,Revenge Is a Dish Best Served Three Times,7.0,193,21,9.19047619047619
25,Milhouse Van Houten,389,18,11,Revenge Is a Dish Best Served Three Times,7.0,132,13,10.153846153846153
101,Nelson Muntz,389,18,11,Revenge Is a Dish Best Served Three Times,7.0,11,1,11.0
3,Seymour Skinner,389,18,11,Revenge Is a Dish Best Served Three Times,7.0,8,2,4.0
8,Bart Simpson,390,18,12,Little Big Girl,7.0,471,52,9.057692307692308
15,C. Montgomery Burns,390,18,12,Little Big Girl,7.0,5,1,5.0
170,Carl Carlson,390,18,12,Little Big Girl,7.0,5,1,5.0
1078,Gary Chalmers,390,18,12,Little Big Girl,7.0,6,1,6.0
31,Grampa Simpson,390,18,12,Little Big Girl,7.0,31,1,31.0
404,Groundskeeper Willie,390,18,12,Little Big Girl,7.0,16,2,8.0
2,Homer Simpson,390,18,12,Little Big Girl,7.0,328,31,10.580645161290322
139,Krusty the Clown,390,18,12,Little Big Girl,7.0,19,2,9.5
165,Lenny Leonard,390,18,12,Little Big Girl,7.0,9,1,9.0
9,Lisa Simpson,390,18,12,Little Big Girl,7.0,117330,25,4693.2
1,Marge Simpson,390,18,12,Little Big Girl,7.0,120,12,10.0
240,Mayor Joe Quimby,390,18,12,Little Big Girl,7.0,33,5,6.6
17,Moe Szyslak,390,18,12,Little Big Girl,7.0,3,1,3.0
101,Nelson Muntz,390,18,12,Little Big Girl,7.0,9,2,4.5
3,Seymour Skinner,390,18,12,Little Big Girl,7.0,83,6,13.833333333333334
14,Waylon Smithers,390,18,12,Little Big Girl,7.0,8,2,4.0
8,Bart Simpson,391,18,13,Springfield Up,7.3,23,5,4.6
15,C. Montgomery Burns,391,18,13,Springfield Up,7.3,69,9,7.666666666666667
71,Chief Wiggum,391,18,13,Springfield Up,7.3,53,4,13.25
332,Dr. Julius Hibbert,391,18,13,Springfield Up,7.3,10,1,10.0
2,Homer Simpson,391,18,13,Springfield Up,7.3,375,26,14.423076923076923
139,Krusty the Clown,391,18,13,Springfield Up,7.3,22,1,22.0
165,Lenny Leonard,391,18,13,Springfield Up,7.3,38,5,7.6
9,Lisa Simpson,391,18,13,Springfield Up,7.3,39,3,13.0
1,Marge Simpson,391,18,13,Springfield Up,7.3,180,12,15.0
240,Mayor Joe Quimby,391,18,13,Springfield Up,7.3,28,2,14.0
17,Moe Szyslak,391,18,13,Springfield Up,7.3,117,6,19.5
11,Ned Flanders,391,18,13,Springfield Up,7.3,14,1,14.0
101,Nelson Muntz,391,18,13,Springfield Up,7.3,4,1,4.0
14,Waylon Smithers,391,18,13,Springfield Up,7.3,79,6,13.166666666666666
208,Apu Nahasapeemapetilon,392,18,14,Yokel Chords,7.1,28,2,14.0
8,Bart Simpson,392,18,14,Yokel Chords,7.1,446,35,12.742857142857142
801,Comic Book Guy,392,18,14,Yokel Chords,7.1,15,1,15.0
1078,Gary Chalmers,392,18,14,Yokel Chords,7.1,170,18,9.444444444444445
31,Grampa Simpson,392,18,14,Yokel Chords,7.1,7,1,7.0
404,Groundskeeper Willie,392,18,14,Yokel Chords,7.1,17,2,8.5
2,Homer Simpson,392,18,14,Yokel Chords,7.1,95,6,15.833333333333334
139,Krusty the Clown,392,18,14,Yokel Chords,7.1,279,25,11.16
9,Lisa Simpson,392,18,14,Yokel Chords,7.1,243,25,9.72
1,Marge Simpson,392,18,14,Yokel Chords,7.1,107,8,13.375
25,Milhouse Van Houten,392,18,14,Yokel Chords,7.1,20,3,6.666666666666667
101,Nelson Muntz,392,18,14,Yokel Chords,7.1,18,2,9.0
3,Seymour Skinner,392,18,14,Yokel Chords,7.1,133,14,9.5
8,Bart Simpson,393,18,15,Rome-Old and Juli-Eh,6.3,126,21,6.0
31,Grampa Simpson,393,18,15,Rome-Old and Juli-Eh,6.3,561,44,12.75
2,Homer Simpson,393,18,15,Rome-Old and Juli-Eh,6.3,433,44,9.840909090909092
9,Lisa Simpson,393,18,15,Rome-Old and Juli-Eh,6.3,84,14,6.0
1,Marge Simpson,393,18,15,Rome-Old and Juli-Eh,6.3,162,15,10.8
17,Moe Szyslak,393,18,15,Rome-Old and Juli-Eh,6.3,16,2,8.0
11,Ned Flanders,393,18,15,Rome-Old and Juli-Eh,6.3,44,3,14.666666666666666
101,Nelson Muntz,393,18,15,Rome-Old and Juli-Eh,6.3,1,1,1.0
208,Apu Nahasapeemapetilon,394,18,16,Homerazzi,7.2,12,3,4.0
8,Bart Simpson,394,18,16,Homerazzi,7.2,98,13,7.538461538461538
15,C. Montgomery Burns,394,18,16,Homerazzi,7.2,1,1,1.0
170,Carl Carlson,394,18,16,Homerazzi,7.2,54,3,18.0
2,Homer Simpson,394,18,16,Homerazzi,7.2,634,66,9.606060606060606
139,Krusty the Clown,394,18,16,Homerazzi,7.2,31,5,6.2
165,Lenny Leonard,394,18,16,Homerazzi,7.2,45,2,22.5
9,Lisa Simpson,394,18,16,Homerazzi,7.2,131,13,10.076923076923077
1,Marge Simpson,394,18,16,Homerazzi,7.2,252,21,12.0
240,Mayor Joe Quimby,394,18,16,Homerazzi,7.2,8,1,8.0
17,Moe Szyslak,394,18,16,Homerazzi,7.2,33,4,8.25
208,Apu Nahasapeemapetilon,395,18,17,Marge Gamer,7.3,13,1,13.0
8,Bart Simpson,395,18,17,Marge Gamer,7.3,130,21,6.190476190476191
15,C. Montgomery Burns,395,18,17,Marge Gamer,7.3,6,1,6.0
1078,Gary Chalmers,395,18,17,Marge Gamer,7.3,12,1,12.0
31,Grampa Simpson,395,18,17,Marge Gamer,7.3,3,1,3.0
2,Homer Simpson,395,18,17,Marge Gamer,7.3,392,45,8.71111111111111
139,Krusty the Clown,395,18,17,Marge Gamer,7.3,48,2,24.0
9,Lisa Simpson,395,18,17,Marge Gamer,7.3,233,27,8.62962962962963
1,Marge Simpson,395,18,17,Marge Gamer,7.3,378,37,10.216216216216216
17,Moe Szyslak,395,18,17,Marge Gamer,7.3,40,2,20.0
11,Ned Flanders,395,18,17,Marge Gamer,7.3,5,1,5.0
140,Rev. Timothy Lovejoy,395,18,17,Marge Gamer,7.3,7,1,7.0
3,Seymour Skinner,395,18,17,Marge Gamer,7.3,66,4,16.5
208,Apu Nahasapeemapetilon,396,18,18,The Boys of Bummer,6.3,35,2,17.5
8,Bart Simpson,396,18,18,The Boys of Bummer,6.3,120,17,7.0588235294117645
15,C. Montgomery Burns,396,18,18,The Boys of Bummer,6.3,9,2,4.5
71,Chief Wiggum,396,18,18,The Boys of Bummer,6.3,39,5,7.8
332,Dr. Julius Hibbert,396,18,18,The Boys of Bummer,6.3,22,2,11.0
31,Grampa Simpson,396,18,18,The Boys of Bummer,6.3,6,2,3.0
404,Groundskeeper Willie,396,18,18,The Boys of Bummer,6.3,6,1,6.0
2,Homer Simpson,396,18,18,The Boys of Bummer,6.3,472,42,11.238095238095237
139,Krusty the Clown,396,18,18,The Boys of Bummer,6.3,7,1,7.0
165,Lenny Leonard,396,18,18,The Boys of Bummer,6.3,16,2,8.0
9,Lisa Simpson,396,18,18,The Boys of Bummer,6.3,102,13,7.846153846153846
1,Marge Simpson,396,18,18,The Boys of Bummer,6.3,272,31,8.774193548387096
240,Mayor Joe Quimby,396,18,18,The Boys of Bummer,6.3,59,4,14.75
25,Milhouse Van Houten,396,18,18,The Boys of Bummer,6.3,30,5,6.0
17,Moe Szyslak,396,18,18,The Boys of Bummer,6.3,81,6,13.5
11,Ned Flanders,396,18,18,The Boys of Bummer,6.3,63,5,12.6
101,Nelson Muntz,396,18,18,The Boys of Bummer,6.3,5,1,5.0
140,Rev. Timothy Lovejoy,396,18,18,The Boys of Bummer,6.3,103,10,10.3
14,Waylon Smithers,396,18,18,The Boys of Bummer,6.3,2,1,2.0
33,Announcer,397,18,19,Crook and Ladder,7.1,35,3,11.666666666666666
208,Apu Nahasapeemapetilon,397,18,19,Crook and Ladder,7.1,61,8,7.625
8,Bart Simpson,397,18,19,Crook and Ladder,7.1,90,11,8.181818181818182
15,C. Montgomery Burns,397,18,19,Crook and Ladder,7.1,104,8,13.0
170,Carl Carlson,397,18,19,Crook and Ladder,7.1,8,1,8.0
31,Grampa Simpson,397,18,19,Crook and Ladder,7.1,24,1,24.0
2,Homer Simpson,397,18,19,Crook and Ladder,7.1,512,63,8.126984126984127
211,Kent Brockman,397,18,19,Crook and Ladder,7.1,46,4,11.5
9,Lisa Simpson,397,18,19,Crook and Ladder,7.1,102,11,9.272727272727273
1,Marge Simpson,397,18,19,Crook and Ladder,7.1,231,25,9.24
240,Mayor Joe Quimby,397,18,19,Crook and Ladder,7.1,50,3,16.666666666666668
25,Milhouse Van Houten,397,18,19,Crook and Ladder,7.1,22,3,7.333333333333333
17,Moe Szyslak,397,18,19,Crook and Ladder,7.1,277,26,10.653846153846153
3,Seymour Skinner,397,18,19,Crook and Ladder,7.1,76,8,9.5
14,Waylon Smithers,397,18,19,Crook and Ladder,7.1,8,2,4.0
8,Bart Simpson,398,18,20,Stop! Or My Dog Will Shoot,7.0,285,35,8.142857142857142
71,Chief Wiggum,398,18,20,Stop! Or My Dog Will Shoot,7.0,295,24,12.291666666666666
40,Edna Krabappel-Flanders,398,18,20,Stop! Or My Dog Will Shoot,7.0,29,3,9.666666666666666
404,Groundskeeper Willie,398,18,20,Stop! Or My Dog Will Shoot,7.0,12,3,4.0
2,Homer Simpson,398,18,20,Stop! Or My Dog Will Shoot,7.0,310,27,11.481481481481481
9,Lisa Simpson,398,18,20,Stop! Or My Dog Will Shoot,7.0,144,14,10.285714285714286
1,Marge Simpson,398,18,20,Stop! Or My Dog Will Shoot,7.0,134,19,7.052631578947368
101,Nelson Muntz,398,18,20,Stop! Or My Dog Will Shoot,7.0,12,1,12.0
3,Seymour Skinner,398,18,20,Stop! Or My Dog Will Shoot,7.0,50,2,25.0
208,Apu Nahasapeemapetilon,399,18,21,24 Minutes,8.1,50,1,50.0
8,Bart Simpson,399,18,21,24 Minutes,8.1,276,24,11.5
15,C. Montgomery Burns,399,18,21,24 Minutes,8.1,17,2,8.5
71,Chief Wiggum,399,18,21,24 Minutes,8.1,28,3,9.333333333333334
1078,Gary Chalmers,399,18,21,24 Minutes,8.1,40,4,10.0
404,Groundskeeper Willie,399,18,21,24 Minutes,8.1,70,5,14.0
2,Homer Simpson,399,18,21,24 Minutes,8.1,176,20,8.8
9,Lisa Simpson,399,18,21,24 Minutes,8.1,234,26,9.0
1,Marge Simpson,399,18,21,24 Minutes,8.1,165,18,9.166666666666666
25,Milhouse Van Houten,399,18,21,24 Minutes,8.1,55,9,6.111111111111111
17,Moe Szyslak,399,18,21,24 Minutes,8.1,13,2,6.5
101,Nelson Muntz,399,18,21,24 Minutes,8.1,22,6,3.6666666666666665
3,Seymour Skinner,399,18,21,24 Minutes,8.1,197,22,8.954545454545455
33,Announcer,400,18,22,You Kent Always Say What You Want,7.3,17,2,8.5
8,Bart Simpson,400,18,22,You Kent Always Say What You Want,7.3,150,16,9.375
15,C. Montgomery Burns,400,18,22,You Kent Always Say What You Want,7.3,9,1,9.0
801,Comic Book Guy,400,18,22,You Kent Always Say What You Want,7.3,20,1,20.0
31,Grampa Simpson,400,18,22,You Kent Always Say What You Want,7.3,35,1,35.0
2,Homer Simpson,400,18,22,You Kent Always Say What You Want,7.3,551,60,9.183333333333334
211,Kent Brockman,400,18,22,You Kent Always Say What You Want,7.3,417,28,14.892857142857142
139,Krusty the Clown,400,18,22,You Kent Always Say What You Want,7.3,78,6,13.0
9,Lisa Simpson,400,18,22,You Kent Always Say What You Want,7.3,188,22,8.545454545454545
1,Marge Simpson,400,18,22,You Kent Always Say What You Want,7.3,185,27,6.851851851851852
240,Mayor Joe Quimby,400,18,22,You Kent Always Say What You Want,7.3,3,1,3.0
11,Ned Flanders,400,18,22,You Kent Always Say What You Want,7.3,89,7,12.714285714285714
101,Nelson Muntz,400,18,22,You Kent Always Say What You Want,7.3,7,1,7.0
3,Seymour Skinner,400,18,22,You Kent Always Say What You Want,7.3,4,2,2.0
8,Bart Simpson,401,19,1,He Loves to Fly and He D'ohs,6.7,68,11,6.181818181818182
15,C. Montgomery Burns,401,19,1,He Loves to Fly and He D'ohs,6.7,181,23,7.869565217391305
170,Carl Carlson,401,19,1,He Loves to Fly and He D'ohs,6.7,3,1,3.0
2,Homer Simpson,401,19,1,He Loves to Fly and He D'ohs,6.7,868,87,9.977011494252874
165,Lenny Leonard,401,19,1,He Loves to Fly and He D'ohs,6.7,12,1,12.0
9,Lisa Simpson,401,19,1,He Loves to Fly and He D'ohs,6.7,44,6,7.333333333333333
1,Marge Simpson,401,19,1,He Loves to Fly and He D'ohs,6.7,195,19,10.263157894736842
25,Milhouse Van Houten,401,19,1,He Loves to Fly and He D'ohs,6.7,32,3,10.666666666666666
11,Ned Flanders,401,19,1,He Loves to Fly and He D'ohs,6.7,2,1,2.0
101,Nelson Muntz,401,19,1,He Loves to Fly and He D'ohs,6.7,2,1,2.0
3,Seymour Skinner,401,19,1,He Loves to Fly and He D'ohs,6.7,10,1,10.0
14,Waylon Smithers,401,19,1,He Loves to Fly and He D'ohs,6.7,20,3,6.666666666666667
8,Bart Simpson,402,19,2,The Homer of Seville,6.7,92,13,7.076923076923077
15,C. Montgomery Burns,402,19,2,The Homer of Seville,6.7,86,10,8.6
170,Carl Carlson,402,19,2,The Homer of Seville,6.7,35,6,5.833333333333333
71,Chief Wiggum,402,19,2,The Homer of Seville,6.7,88,11,8.0
332,Dr. Julius Hibbert,402,19,2,The Homer of Seville,6.7,140,10,14.0
2,Homer Simpson,402,19,2,The Homer of Seville,6.7,722,77,9.376623376623376
165,Lenny Leonard,402,19,2,The Homer of Seville,6.7,8,2,4.0
9,Lisa Simpson,402,19,2,The Homer of Seville,6.7,101,13,7.769230769230769
1,Marge Simpson,402,19,2,The Homer of Seville,6.7,306,34,9.0
17,Moe Szyslak,402,19,2,The Homer of Seville,6.7,10,1,10.0
11,Ned Flanders,402,19,2,The Homer of Seville,6.7,8,2,4.0
140,Rev. Timothy Lovejoy,402,19,2,The Homer of Seville,6.7,12,1,12.0
14,Waylon Smithers,402,19,2,The Homer of Seville,6.7,18,2,9.0
208,Apu Nahasapeemapetilon,403,19,3,Midnight Towboy,7.2,22,1,22.0
8,Bart Simpson,403,19,3,Midnight Towboy,7.2,67,10,6.7
170,Carl Carlson,403,19,3,Midnight Towboy,7.2,39,4,9.75
71,Chief Wiggum,403,19,3,Midnight Towboy,7.2,7,1,7.0
2,Homer Simpson,403,19,3,Midnight Towboy,7.2,652,75,8.693333333333333
139,Krusty the Clown,403,19,3,Midnight Towboy,7.2,9,1,9.0
165,Lenny Leonard,403,19,3,Midnight Towboy,7.2,81,6,13.5
9,Lisa Simpson,403,19,3,Midnight Towboy,7.2,108,13,8.307692307692308
1,Marge Simpson,403,19,3,Midnight Towboy,7.2,213,32,6.65625
240,Mayor Joe Quimby,403,19,3,Midnight Towboy,7.2,21,1,21.0
25,Milhouse Van Houten,403,19,3,Midnight Towboy,7.2,7,1,7.0
17,Moe Szyslak,403,19,3,Midnight Towboy,7.2,76,10,7.6
11,Ned Flanders,403,19,3,Midnight Towboy,7.2,40,3,13.333333333333334
3,Seymour Skinner,403,19,3,Midnight Towboy,7.2,5,1,5.0
33,Announcer,404,19,4,I Don't Wanna Know Why the Caged Bird Sings,6.9,8,1,8.0
8,Bart Simpson,404,19,4,I Don't Wanna Know Why the Caged Bird Sings,6.9,22,2,11.0
71,Chief Wiggum,404,19,4,I Don't Wanna Know Why the Caged Bird Sings,6.9,113,11,10.272727272727273
332,Dr. Julius Hibbert,404,19,4,I Don't Wanna Know Why the Caged Bird Sings,6.9,59,7,8.428571428571429
2,Homer Simpson,404,19,4,I Don't Wanna Know Why the Caged Bird Sings,6.9,286,29,9.862068965517242
211,Kent Brockman,404,19,4,I Don't Wanna Know Why the Caged Bird Sings,6.9,55,2,27.5
139,Krusty the Clown,404,19,4,I Don't Wanna Know Why the Caged Bird Sings,6.9,124,11,11.272727272727273
9,Lisa Simpson,404,19,4,I Don't Wanna Know Why the Caged Bird Sings,6.9,37,4,9.25
1,Marge Simpson,404,19,4,I Don't Wanna Know Why the Caged Bird Sings,6.9,481,46,10.456521739130435
17,Moe Szyslak,404,19,4,I Don't Wanna Know Why the Caged Bird Sings,6.9,11,1,11.0
3,Seymour Skinner,404,19,4,I Don't Wanna Know Why the Caged Bird Sings,6.9,52,4,13.0
208,Apu Nahasapeemapetilon,405,19,5,Treehouse of Horror XVIII,7.1,6,1,6.0
8,Bart Simpson,405,19,5,Treehouse of Horror XVIII,7.1,230,25,9.2
15,C. Montgomery Burns,405,19,5,Treehouse of Horror XVIII,7.1,29,3,9.666666666666666
71,Chief Wiggum,405,19,5,Treehouse of Horror XVIII,7.1,19,2,9.5
332,Dr. Julius Hibbert,405,19,5,Treehouse of Horror XVIII,7.1,10,1,10.0
31,Grampa Simpson,405,19,5,Treehouse of Horror XVIII,7.1,2,1,2.0
404,Groundskeeper Willie,405,19,5,Treehouse of Horror XVIII,7.1,15,2,7.5
2,Homer Simpson,405,19,5,Treehouse of Horror XVIII,7.1,423,49,8.63265306122449
139,Krusty the Clown,405,19,5,Treehouse of Horror XVIII,7.1,8,1,8.0
165,Lenny Leonard,405,19,5,Treehouse of Horror XVIII,7.1,19,2,9.5
9,Lisa Simpson,405,19,5,Treehouse of Horror XVIII,7.1,160,15,10.666666666666666
1,Marge Simpson,405,19,5,Treehouse of Horror XVIII,7.1,211,24,8.791666666666666
25,Milhouse Van Houten,405,19,5,Treehouse of Horror XVIII,7.1,42,6,7.0
17,Moe Szyslak,405,19,5,Treehouse of Horror XVIII,7.1,13,2,6.5
11,Ned Flanders,405,19,5,Treehouse of Horror XVIII,7.1,157,19,8.263157894736842
101,Nelson Muntz,405,19,5,Treehouse of Horror XVIII,7.1,59,6,9.833333333333334
140,Rev. Timothy Lovejoy,405,19,5,Treehouse of Horror XVIII,7.1,7,1,7.0
3,Seymour Skinner,405,19,5,Treehouse of Horror XVIII,7.1,35,4,8.75
8,Bart Simpson,406,19,6,Little Orphan Millie,6.7,399,42,9.5
31,Grampa Simpson,406,19,6,Little Orphan Millie,6.7,24,1,24.0
2,Homer Simpson,406,19,6,Little Orphan Millie,6.7,402,36,11.166666666666666
9,Lisa Simpson,406,19,6,Little Orphan Millie,6.7,76,12,6.333333333333333
1,Marge Simpson,406,19,6,Little Orphan Millie,6.7,169,19,8.894736842105264
25,Milhouse Van Houten,406,19,6,Little Orphan Millie,6.7,321,33,9.727272727272727
101,Nelson Muntz,406,19,6,Little Orphan Millie,6.7,72,10,7.2
140,Rev. Timothy Lovejoy,406,19,6,Little Orphan Millie,6.7,91,8,11.375
3,Seymour Skinner,406,19,6,Little Orphan Millie,6.7,38,2,19.0
8,Bart Simpson,407,19,7,Husbands and Knives,7.1,178,16,11.125
801,Comic Book Guy,407,19,7,Husbands and Knives,7.1,170,11,15.454545454545455
2,Homer Simpson,407,19,7,Husbands and Knives,7.1,577,55,10.49090909090909
139,Krusty the Clown,407,19,7,Husbands and Knives,7.1,17,2,8.5
9,Lisa Simpson,407,19,7,Husbands and Knives,7.1,103,10,10.3
1,Marge Simpson,407,19,7,Husbands and Knives,7.1,315,33,9.545454545454545
240,Mayor Joe Quimby,407,19,7,Husbands and Knives,7.1,24,2,12.0
25,Milhouse Van Houten,407,19,7,Husbands and Knives,7.1,37,5,7.4
101,Nelson Muntz,407,19,7,Husbands and Knives,7.1,5,2,2.5
8,Bart Simpson,408,19,8,Funeral for a Fiend,7.1,241,23,10.478260869565217
71,Chief Wiggum,408,19,8,Funeral for a Fiend,7.1,31,1,31.0
332,Dr. Julius Hibbert,408,19,8,Funeral for a Fiend,7.1,16,2,8.0
2,Homer Simpson,408,19,8,Funeral for a Fiend,7.1,300,45,6.666666666666667
211,Kent Brockman,408,19,8,Funeral for a Fiend,7.1,93,4,23.25
139,Krusty the Clown,408,19,8,Funeral for a Fiend,7.1,99,7,14.142857142857142
165,Lenny Leonard,408,19,8,Funeral for a Fiend,7.1,43,3,14.333333333333334
9,Lisa Simpson,408,19,8,Funeral for a Fiend,7.1,284,32,8.875
1,Marge Simpson,408,19,8,Funeral for a Fiend,7.1,208,21,9.904761904761905
25,Milhouse Van Houten,408,19,8,Funeral for a Fiend,7.1,88,6,14.666666666666666
17,Moe Szyslak,408,19,8,Funeral for a Fiend,7.1,53,4,13.25
153,Sideshow Bob,408,19,8,Funeral for a Fiend,7.1,489,46,10.630434782608695
33,Announcer,409,19,9,Eternal Moonshine of the Simpson Mind,8.2,23,1,23.0
8,Bart Simpson,409,19,9,Eternal Moonshine of the Simpson Mind,8.2,13,1,13.0
170,Carl Carlson,409,19,9,Eternal Moonshine of the Simpson Mind,8.2,28,4,7.0
71,Chief Wiggum,409,19,9,Eternal Moonshine of the Simpson Mind,8.2,56,6,9.333333333333334
31,Grampa Simpson,409,19,9,Eternal Moonshine of the Simpson Mind,8.2,96,6,16.0
404,Groundskeeper Willie,409,19,9,Eternal Moonshine of the Simpson Mind,8.2,4,1,4.0
2,Homer Simpson,409,19,9,Eternal Moonshine of the Simpson Mind,8.2,858,80,10.725
139,Krusty the Clown,409,19,9,Eternal Moonshine of the Simpson Mind,8.2,69,5,13.8
165,Lenny Leonard,409,19,9,Eternal Moonshine of the Simpson Mind,8.2,53,6,8.833333333333334
1,Marge Simpson,409,19,9,Eternal Moonshine of the Simpson Mind,8.2,81,10,8.1
17,Moe Szyslak,409,19,9,Eternal Moonshine of the Simpson Mind,8.2,166,12,13.833333333333334
11,Ned Flanders,409,19,9,Eternal Moonshine of the Simpson Mind,8.2,22,2,11.0
33,Announcer,410,19,10,E Pluribus Wiggum,6.9,11,1,11.0
208,Apu Nahasapeemapetilon,410,19,10,E Pluribus Wiggum,6.9,5,2,2.5
8,Bart Simpson,410,19,10,E Pluribus Wiggum,6.9,35,3,11.666666666666666
15,C. Montgomery Burns,410,19,10,E Pluribus Wiggum,6.9,36,2,18.0
170,Carl Carlson,410,19,10,E Pluribus Wiggum,6.9,63,7,9.0
71,Chief Wiggum,410,19,10,E Pluribus Wiggum,6.9,49,4,12.25
332,Dr. Julius Hibbert,410,19,10,E Pluribus Wiggum,6.9,9,1,9.0
2,Homer Simpson,410,19,10,E Pluribus Wiggum,6.9,423,42,10.071428571428571
211,Kent Brockman,410,19,10,E Pluribus Wiggum,6.9,149,9,16.555555555555557
139,Krusty the Clown,410,19,10,E Pluribus Wiggum,6.9,82,9,9.11111111111111
165,Lenny Leonard,410,19,10,E Pluribus Wiggum,6.9,58,6,9.666666666666666
9,Lisa Simpson,410,19,10,E Pluribus Wiggum,6.9,162,15,10.8
1,Marge Simpson,410,19,10,E Pluribus Wiggum,6.9,129,10,12.9
240,Mayor Joe Quimby,410,19,10,E Pluribus Wiggum,6.9,62,4,15.5
17,Moe Szyslak,410,19,10,E Pluribus Wiggum,6.9,38,6,6.333333333333333
11,Ned Flanders,410,19,10,E Pluribus Wiggum,6.9,11,1,11.0
101,Nelson Muntz,410,19,10,E Pluribus Wiggum,6.9,9,2,4.5
3,Seymour Skinner,410,19,10,E Pluribus Wiggum,6.9,30,3,10.0
8,Bart Simpson,411,19,11,That '90s Show,6.3,74,8,9.25
31,Grampa Simpson,411,19,11,That '90s Show,6.3,27,2,13.5
2,Homer Simpson,411,19,11,That '90s Show,6.3,865,71,12.183098591549296
139,Krusty the Clown,411,19,11,That '90s Show,6.3,7,1,7.0
9,Lisa Simpson,411,19,11,That '90s Show,6.3,62,7,8.857142857142858
1,Marge Simpson,411,19,11,That '90s Show,6.3,579,64,9.046875
8,Bart Simpson,412,19,12,"Love, Springfieldian Style",6.6,76,4,19.0
801,Comic Book Guy,412,19,12,"Love, Springfieldian Style",6.6,22,1,22.0
31,Grampa Simpson,412,19,12,"Love, Springfieldian Style",6.6,13,1,13.0
2,Homer Simpson,412,19,12,"Love, Springfieldian Style",6.6,136,12,11.333333333333334
9,Lisa Simpson,412,19,12,"Love, Springfieldian Style",6.6,27,4,6.75
1,Marge Simpson,412,19,12,"Love, Springfieldian Style",6.6,63,6,10.5
25,Milhouse Van Houten,412,19,12,"Love, Springfieldian Style",6.6,54,6,9.0
11,Ned Flanders,412,19,12,"Love, Springfieldian Style",6.6,81,8,10.125
8,Bart Simpson,413,19,13,The Debarted,7.7,517,60,8.616666666666667
170,Carl Carlson,413,19,13,The Debarted,7.7,10,2,5.0
40,Edna Krabappel-Flanders,413,19,13,The Debarted,7.7,35,4,8.75
1078,Gary Chalmers,413,19,13,The Debarted,7.7,59,8,7.375
404,Groundskeeper Willie,413,19,13,The Debarted,7.7,91,10,9.1
2,Homer Simpson,413,19,13,The Debarted,7.7,293,27,10.851851851851851
9,Lisa Simpson,413,19,13,The Debarted,7.7,63,9,7.0
1,Marge Simpson,413,19,13,The Debarted,7.7,45,6,7.5
25,Milhouse Van Houten,413,19,13,The Debarted,7.7,24,5,4.8
101,Nelson Muntz,413,19,13,The Debarted,7.7,74,10,7.4
3,Seymour Skinner,413,19,13,The Debarted,7.7,326,29,11.241379310344827
33,Announcer,414,19,14,Dial 'N' for Nerder,7.3,25,2,12.5
8,Bart Simpson,414,19,14,Dial 'N' for Nerder,7.3,296,41,7.219512195121951
71,Chief Wiggum,414,19,14,Dial 'N' for Nerder,7.3,92,8,11.5
332,Dr. Julius Hibbert,414,19,14,Dial 'N' for Nerder,7.3,3,1,3.0
40,Edna Krabappel-Flanders,414,19,14,Dial 'N' for Nerder,7.3,3,1,3.0
404,Groundskeeper Willie,414,19,14,Dial 'N' for Nerder,7.3,7,1,7.0
2,Homer Simpson,414,19,14,Dial 'N' for Nerder,7.3,228,24,9.5
211,Kent Brockman,414,19,14,Dial 'N' for Nerder,7.3,38,2,19.0
9,Lisa Simpson,414,19,14,Dial 'N' for Nerder,7.3,387,48,8.0625
1,Marge Simpson,414,19,14,Dial 'N' for Nerder,7.3,240,23,10.434782608695652
17,Moe Szyslak,414,19,14,Dial 'N' for Nerder,7.3,3,1,3.0
101,Nelson Muntz,414,19,14,Dial 'N' for Nerder,7.3,202,16,12.625
3,Seymour Skinner,414,19,14,Dial 'N' for Nerder,7.3,47,2,23.5
208,Apu Nahasapeemapetilon,415,19,15,Smoke on the Daughter,6.7,53,3,17.666666666666668
8,Bart Simpson,415,19,15,Smoke on the Daughter,6.7,196,21,9.333333333333334
170,Carl Carlson,415,19,15,Smoke on the Daughter,6.7,6,1,6.0
801,Comic Book Guy,415,19,15,Smoke on the Daughter,6.7,28,1,28.0
2,Homer Simpson,415,19,15,Smoke on the Daughter,6.7,547,58,9.431034482758621
211,Kent Brockman,415,19,15,Smoke on the Daughter,6.7,17,1,17.0
165,Lenny Leonard,415,19,15,Smoke on the Daughter,6.7,7,1,7.0
9,Lisa Simpson,415,19,15,Smoke on the Daughter,6.7,409,42,9.738095238095237
1,Marge Simpson,415,19,15,Smoke on the Daughter,6.7,252,23,10.956521739130435
240,Mayor Joe Quimby,415,19,15,Smoke on the Daughter,6.7,14,3,4.666666666666667
25,Milhouse Van Houten,415,19,15,Smoke on the Daughter,6.7,7,1,7.0
11,Ned Flanders,415,19,15,Smoke on the Daughter,6.7,39,3,13.0
101,Nelson Muntz,415,19,15,Smoke on the Daughter,6.7,9,2,4.5
3,Seymour Skinner,415,19,15,Smoke on the Daughter,6.7,9,1,9.0
8,Bart Simpson,416,19,16,Papa Don't Leech,6.1,114,10,11.4
170,Carl Carlson,416,19,16,Papa Don't Leech,6.1,29,2,14.5
71,Chief Wiggum,416,19,16,Papa Don't Leech,6.1,11,3,3.6666666666666665
31,Grampa Simpson,416,19,16,Papa Don't Leech,6.1,140,10,14.0
2,Homer Simpson,416,19,16,Papa Don't Leech,6.1,387,29,13.344827586206897
211,Kent Brockman,416,19,16,Papa Don't Leech,6.1,103,4,25.75
139,Krusty the Clown,416,19,16,Papa Don't Leech,6.1,28,3,9.333333333333334
165,Lenny Leonard,416,19,16,Papa Don't Leech,6.1,30,3,10.0
9,Lisa Simpson,416,19,16,Papa Don't Leech,6.1,140,18,7.777777777777778
1,Marge Simpson,416,19,16,Papa Don't Leech,6.1,287,27,10.62962962962963
240,Mayor Joe Quimby,416,19,16,Papa Don't Leech,6.1,176,20,8.8
17,Moe Szyslak,416,19,16,Papa Don't Leech,6.1,66,3,22.0
101,Nelson Muntz,416,19,16,Papa Don't Leech,6.1,6,3,2.0
208,Apu Nahasapeemapetilon,417,19,17,Apocalypse Cow,6.9,29,1,29.0
8,Bart Simpson,417,19,17,Apocalypse Cow,6.9,674,67,10.059701492537313
2,Homer Simpson,417,19,17,Apocalypse Cow,6.9,182,18,10.11111111111111
139,Krusty the Clown,417,19,17,Apocalypse Cow,6.9,30,2,15.0
9,Lisa Simpson,417,19,17,Apocalypse Cow,6.9,238,23,10.347826086956522
1,Marge Simpson,417,19,17,Apocalypse Cow,6.9,191,14,13.642857142857142
11,Ned Flanders,417,19,17,Apocalypse Cow,6.9,8,2,4.0
101,Nelson Muntz,417,19,17,Apocalypse Cow,6.9,16,2,8.0
33,Announcer,418,19,18,Any Given Sundance,7.0,3,3,1.0
8,Bart Simpson,418,19,18,Any Given Sundance,7.0,121,13,9.307692307692308
170,Carl Carlson,418,19,18,Any Given Sundance,7.0,14,3,4.666666666666667
71,Chief Wiggum,418,19,18,Any Given Sundance,7.0,21,2,10.5
801,Comic Book Guy,418,19,18,Any Given Sundance,7.0,52,2,26.0
1078,Gary Chalmers,418,19,18,Any Given Sundance,7.0,172,17,10.117647058823529
2,Homer Simpson,418,19,18,Any Given Sundance,7.0,350,34,10.294117647058824
9,Lisa Simpson,418,19,18,Any Given Sundance,7.0,442,46,9.608695652173912
1,Marge Simpson,418,19,18,Any Given Sundance,7.0,168,16,10.5
101,Nelson Muntz,418,19,18,Any Given Sundance,7.0,97,6,16.166666666666668
3,Seymour Skinner,418,19,18,Any Given Sundance,7.0,332,29,11.448275862068966
33,Announcer,419,19,19,Mona Leaves-a,7.1,24,2,12.0
208,Apu Nahasapeemapetilon,419,19,19,Mona Leaves-a,7.1,67,5,13.4
8,Bart Simpson,419,19,19,Mona Leaves-a,7.1,128,20,6.4
15,C. Montgomery Burns,419,19,19,Mona Leaves-a,7.1,77,10,7.7
170,Carl Carlson,419,19,19,Mona Leaves-a,7.1,58,3,19.333333333333332
31,Grampa Simpson,419,19,19,Mona Leaves-a,7.1,40,2,20.0
2,Homer Simpson,419,19,19,Mona Leaves-a,7.1,672,74,9.08108108108108
165,Lenny Leonard,419,19,19,Mona Leaves-a,7.1,24,1,24.0
9,Lisa Simpson,419,19,19,Mona Leaves-a,7.1,131,19,6.894736842105263
1,Marge Simpson,419,19,19,Mona Leaves-a,7.1,185,20,9.25
17,Moe Szyslak,419,19,19,Mona Leaves-a,7.1,50,6,8.333333333333334
11,Ned Flanders,419,19,19,Mona Leaves-a,7.1,34,4,8.5
33,Announcer,420,19,20,All About Lisa,6.4,16,1,16.0
8,Bart Simpson,420,19,20,All About Lisa,6.4,235,25,9.4
15,C. Montgomery Burns,420,19,20,All About Lisa,6.4,71,8,8.875
801,Comic Book Guy,420,19,20,All About Lisa,6.4,38,3,12.666666666666666
2,Homer Simpson,420,19,20,All About Lisa,6.4,258,23,11.217391304347826
139,Krusty the Clown,420,19,20,All About Lisa,6.4,671,50,13.42
165,Lenny Leonard,420,19,20,All About Lisa,6.4,1,1,1.0
9,Lisa Simpson,420,19,20,All About Lisa,6.4,273,29,9.413793103448276
1,Marge Simpson,420,19,20,All About Lisa,6.4,16,4,4.0
25,Milhouse Van Houten,420,19,20,All About Lisa,6.4,24,3,8.0
17,Moe Szyslak,420,19,20,All About Lisa,6.4,2,1,2.0
101,Nelson Muntz,420,19,20,All About Lisa,6.4,31,4,7.75
8,Bart Simpson,421,20,1,"Sex, Pies and Idiot Scrapes",7.2,47,6,7.833333333333333
15,C. Montgomery Burns,421,20,1,"Sex, Pies and Idiot Scrapes",7.2,16,1,16.0
71,Chief Wiggum,421,20,1,"Sex, Pies and Idiot Scrapes",7.2,11,1,11.0
1078,Gary Chalmers,421,20,1,"Sex, Pies and Idiot Scrapes",7.2,50,3,16.666666666666668
2,Homer Simpson,421,20,1,"Sex, Pies and Idiot Scrapes",7.2,675,72,9.375
9,Lisa Simpson,421,20,1,"Sex, Pies and Idiot Scrapes",7.2,83,10,8.3
1,Marge Simpson,421,20,1,"Sex, Pies and Idiot Scrapes",7.2,245,25,9.8
240,Mayor Joe Quimby,421,20,1,"Sex, Pies and Idiot Scrapes",7.2,82,3,27.333333333333332
17,Moe Szyslak,421,20,1,"Sex, Pies and Idiot Scrapes",7.2,11,1,11.0
11,Ned Flanders,421,20,1,"Sex, Pies and Idiot Scrapes",7.2,534,45,11.866666666666667
3,Seymour Skinner,421,20,1,"Sex, Pies and Idiot Scrapes",7.2,12,1,12.0
8,Bart Simpson,422,20,2,Lost Verizon,6.9,511,60,8.516666666666667
332,Dr. Julius Hibbert,422,20,2,Lost Verizon,6.9,29,4,7.25
404,Groundskeeper Willie,422,20,2,Lost Verizon,6.9,49,3,16.333333333333332
2,Homer Simpson,422,20,2,Lost Verizon,6.9,144,14,10.285714285714286
139,Krusty the Clown,422,20,2,Lost Verizon,6.9,31,2,15.5
9,Lisa Simpson,422,20,2,Lost Verizon,6.9,168,17,9.882352941176471
1,Marge Simpson,422,20,2,Lost Verizon,6.9,327,35,9.342857142857143
25,Milhouse Van Houten,422,20,2,Lost Verizon,6.9,183,13,14.076923076923077
17,Moe Szyslak,422,20,2,Lost Verizon,6.9,15,2,7.5
101,Nelson Muntz,422,20,2,Lost Verizon,6.9,40,3,13.333333333333334
3,Seymour Skinner,422,20,2,Lost Verizon,6.9,26,3,8.666666666666666
33,Announcer,423,20,3,"Double, Double, Boy in Trouble",7.0,32,5,6.4
208,Apu Nahasapeemapetilon,423,20,3,"Double, Double, Boy in Trouble",7.0,41,2,20.5
8,Bart Simpson,423,20,3,"Double, Double, Boy in Trouble",7.0,490,64,7.65625
15,C. Montgomery Burns,423,20,3,"Double, Double, Boy in Trouble",7.0,198,14,14.142857142857142
71,Chief Wiggum,423,20,3,"Double, Double, Boy in Trouble",7.0,48,3,16.0
31,Grampa Simpson,423,20,3,"Double, Double, Boy in Trouble",7.0,53,3,17.666666666666668
2,Homer Simpson,423,20,3,"Double, Double, Boy in Trouble",7.0,364,34,10.705882352941176
139,Krusty the Clown,423,20,3,"Double, Double, Boy in Trouble",7.0,9,2,4.5
165,Lenny Leonard,423,20,3,"Double, Double, Boy in Trouble",7.0,158,12,13.166666666666666
9,Lisa Simpson,423,20,3,"Double, Double, Boy in Trouble",7.0,80,10,8.0
1,Marge Simpson,423,20,3,"Double, Double, Boy in Trouble",7.0,243,21,11.571428571428571
240,Mayor Joe Quimby,423,20,3,"Double, Double, Boy in Trouble",7.0,10,1,10.0
25,Milhouse Van Houten,423,20,3,"Double, Double, Boy in Trouble",7.0,66,6,11.0
17,Moe Szyslak,423,20,3,"Double, Double, Boy in Trouble",7.0,39,4,9.75
101,Nelson Muntz,423,20,3,"Double, Double, Boy in Trouble",7.0,5,1,5.0
14,Waylon Smithers,423,20,3,"Double, Double, Boy in Trouble",7.0,6,1,6.0
8,Bart Simpson,425,20,5,Dangerous Curves,6.6,127,17,7.470588235294118
332,Dr. Julius Hibbert,425,20,5,Dangerous Curves,6.6,8,1,8.0
31,Grampa Simpson,425,20,5,Dangerous Curves,6.6,11,3,3.6666666666666665
2,Homer Simpson,425,20,5,Dangerous Curves,6.6,787,83,9.481927710843374
9,Lisa Simpson,425,20,5,Dangerous Curves,6.6,118,12,9.833333333333334
1,Marge Simpson,425,20,5,Dangerous Curves,6.6,367,44,8.340909090909092
11,Ned Flanders,425,20,5,Dangerous Curves,6.6,290,21,13.80952380952381
33,Announcer,426,20,6,Homer and Lisa Exchange Cross Words,7.1,32,1,32.0
208,Apu Nahasapeemapetilon,426,20,6,Homer and Lisa Exchange Cross Words,7.1,12,2,6.0
8,Bart Simpson,426,20,6,Homer and Lisa Exchange Cross Words,7.1,102,14,7.285714285714286
170,Carl Carlson,426,20,6,Homer and Lisa Exchange Cross Words,7.1,37,2,18.5
332,Dr. Julius Hibbert,426,20,6,Homer and Lisa Exchange Cross Words,7.1,14,1,14.0
40,Edna Krabappel-Flanders,426,20,6,Homer and Lisa Exchange Cross Words,7.1,31,3,10.333333333333334
1078,Gary Chalmers,426,20,6,Homer and Lisa Exchange Cross Words,7.1,73,7,10.428571428571429
31,Grampa Simpson,426,20,6,Homer and Lisa Exchange Cross Words,7.1,47,2,23.5
2,Homer Simpson,426,20,6,Homer and Lisa Exchange Cross Words,7.1,622,59,10.542372881355933
165,Lenny Leonard,426,20,6,Homer and Lisa Exchange Cross Words,7.1,25,2,12.5
9,Lisa Simpson,426,20,6,Homer and Lisa Exchange Cross Words,7.1,526,63,8.34920634920635
1,Marge Simpson,426,20,6,Homer and Lisa Exchange Cross Words,7.1,150,11,13.636363636363637
17,Moe Szyslak,426,20,6,Homer and Lisa Exchange Cross Words,7.1,85,8,10.625
101,Nelson Muntz,426,20,6,Homer and Lisa Exchange Cross Words,7.1,5,1,5.0
3,Seymour Skinner,426,20,6,Homer and Lisa Exchange Cross Words,7.1,79,10,7.9
8,Bart Simpson,427,20,7,MyPods and Boomsticks,7.1,372,26,14.307692307692308
170,Carl Carlson,427,20,7,MyPods and Boomsticks,7.1,37,2,18.5
801,Comic Book Guy,427,20,7,MyPods and Boomsticks,7.1,34,3,11.333333333333334
31,Grampa Simpson,427,20,7,MyPods and Boomsticks,7.1,7,1,7.0
404,Groundskeeper Willie,427,20,7,MyPods and Boomsticks,7.1,27,1,27.0
2,Homer Simpson,427,20,7,MyPods and Boomsticks,7.1,511,61,8.37704918032787
139,Krusty the Clown,427,20,7,MyPods and Boomsticks,7.1,63,6,10.5
165,Lenny Leonard,427,20,7,MyPods and Boomsticks,7.1,22,2,11.0
9,Lisa Simpson,427,20,7,MyPods and Boomsticks,7.1,198,20,9.9
1,Marge Simpson,427,20,7,MyPods and Boomsticks,7.1,107,9,11.88888888888889
17,Moe Szyslak,427,20,7,MyPods and Boomsticks,7.1,48,3,16.0
33,Announcer,428,20,8,The Burns and the Bees,6.6,26,1,26.0
8,Bart Simpson,428,20,8,The Burns and the Bees,6.6,37,6,6.166666666666667
15,C. Montgomery Burns,428,20,8,The Burns and the Bees,6.6,554,54,10.25925925925926
170,Carl Carlson,428,20,8,The Burns and the Bees,6.6,5,1,5.0
71,Chief Wiggum,428,20,8,The Burns and the Bees,6.6,9,2,4.5
31,Grampa Simpson,428,20,8,The Burns and the Bees,6.6,17,1,17.0
404,Groundskeeper Willie,428,20,8,The Burns and the Bees,6.6,57,4,14.25
2,Homer Simpson,428,20,8,The Burns and the Bees,6.6,271,32,8.46875
211,Kent Brockman,428,20,8,The Burns and the Bees,6.6,9,4,2.25
165,Lenny Leonard,428,20,8,The Burns and the Bees,6.6,6,1,6.0
9,Lisa Simpson,428,20,8,The Burns and the Bees,6.6,303,33,9.181818181818182
1,Marge Simpson,428,20,8,The Burns and the Bees,6.6,107,11,9.727272727272727
240,Mayor Joe Quimby,428,20,8,The Burns and the Bees,6.6,49,2,24.5
17,Moe Szyslak,428,20,8,The Burns and the Bees,6.6,104,11,9.454545454545455
3,Seymour Skinner,428,20,8,The Burns and the Bees,6.6,5,1,5.0
14,Waylon Smithers,428,20,8,The Burns and the Bees,6.6,72,12,6.0
208,Apu Nahasapeemapetilon,429,20,9,Lisa the Drama Queen,5.9,27,1,27.0
8,Bart Simpson,429,20,9,Lisa the Drama Queen,5.9,94,14,6.714285714285714
170,Carl Carlson,429,20,9,Lisa the Drama Queen,5.9,6,2,3.0
801,Comic Book Guy,429,20,9,Lisa the Drama Queen,5.9,64,4,16.0
404,Groundskeeper Willie,429,20,9,Lisa the Drama Queen,5.9,18,2,9.0
2,Homer Simpson,429,20,9,Lisa the Drama Queen,5.9,271,25,10.84
165,Lenny Leonard,429,20,9,Lisa the Drama Queen,5.9,9,1,9.0
9,Lisa Simpson,429,20,9,Lisa the Drama Queen,5.9,572,61,9.37704918032787
1,Marge Simpson,429,20,9,Lisa the Drama Queen,5.9,246,29,8.482758620689655
101,Nelson Muntz,429,20,9,Lisa the Drama Queen,5.9,23,2,11.5
3,Seymour Skinner,429,20,9,Lisa the Drama Queen,5.9,61,4,15.25
8,Bart Simpson,430,20,10,"Take My Life, Please",7.0,87,12,7.25
15,C. Montgomery Burns,430,20,10,"Take My Life, Please",7.0,64,5,12.8
170,Carl Carlson,430,20,10,"Take My Life, Please",7.0,50,5,10.0
71,Chief Wiggum,430,20,10,"Take My Life, Please",7.0,4,1,4.0
31,Grampa Simpson,430,20,10,"Take My Life, Please",7.0,17,1,17.0
2,Homer Simpson,430,20,10,"Take My Life, Please",7.0,888,87,10.206896551724139
165,Lenny Leonard,430,20,10,"Take My Life, Please",7.0,78,10,7.8
9,Lisa Simpson,430,20,10,"Take My Life, Please",7.0,190,23,8.26086956521739
1,Marge Simpson,430,20,10,"Take My Life, Please",7.0,123,17,7.235294117647059
240,Mayor Joe Quimby,430,20,10,"Take My Life, Please",7.0,59,4,14.75
17,Moe Szyslak,430,20,10,"Take My Life, Please",7.0,17,1,17.0
8,Bart Simpson,431,20,11,How the Test Was Won,7.0,140,21,6.666666666666667
15,C. Montgomery Burns,431,20,11,How the Test Was Won,7.0,1,1,1.0
40,Edna Krabappel-Flanders,431,20,11,How the Test Was Won,7.0,20,3,6.666666666666667
1078,Gary Chalmers,431,20,11,How the Test Was Won,7.0,234,16,14.625
404,Groundskeeper Willie,431,20,11,How the Test Was Won,7.0,21,2,10.5
2,Homer Simpson,431,20,11,How the Test Was Won,7.0,309,30,10.3
9,Lisa Simpson,431,20,11,How the Test Was Won,7.0,173,19,9.105263157894736
1,Marge Simpson,431,20,11,How the Test Was Won,7.0,110,11,10.0
25,Milhouse Van Houten,431,20,11,How the Test Was Won,7.0,27,4,6.75
101,Nelson Muntz,431,20,11,How the Test Was Won,7.0,43,9,4.777777777777778
3,Seymour Skinner,431,20,11,How the Test Was Won,7.0,531,39,13.615384615384615
8,Bart Simpson,432,20,12,"No Loan Again, Naturally",7.0,90,12,7.5
15,C. Montgomery Burns,432,20,12,"No Loan Again, Naturally",7.0,23,3,7.666666666666667
170,Carl Carlson,432,20,12,"No Loan Again, Naturally",7.0,41,2,20.5
332,Dr. Julius Hibbert,432,20,12,"No Loan Again, Naturally",7.0,21,3,7.0
31,Grampa Simpson,432,20,12,"No Loan Again, Naturally",7.0,42,7,6.0
2,Homer Simpson,432,20,12,"No Loan Again, Naturally",7.0,730,69,10.579710144927537
211,Kent Brockman,432,20,12,"No Loan Again, Naturally",7.0,63,4,15.75
165,Lenny Leonard,432,20,12,"No Loan Again, Naturally",7.0,24,3,8.0
9,Lisa Simpson,432,20,12,"No Loan Again, Naturally",7.0,121,12,10.083333333333334
1,Marge Simpson,432,20,12,"No Loan Again, Naturally",7.0,278,26,10.692307692307692
240,Mayor Joe Quimby,432,20,12,"No Loan Again, Naturally",7.0,41,4,10.25
17,Moe Szyslak,432,20,12,"No Loan Again, Naturally",7.0,97,7,13.857142857142858
11,Ned Flanders,432,20,12,"No Loan Again, Naturally",7.0,380,35,10.857142857142858
14,Waylon Smithers,432,20,12,"No Loan Again, Naturally",7.0,11,1,11.0
8,Bart Simpson,433,20,13,Gone Maggie Gone,7.2,36,5,7.2
15,C. Montgomery Burns,433,20,13,Gone Maggie Gone,7.2,147,11,13.363636363636363
801,Comic Book Guy,433,20,13,Gone Maggie Gone,7.2,138,10,13.8
332,Dr. Julius Hibbert,433,20,13,Gone Maggie Gone,7.2,37,2,18.5
2,Homer Simpson,433,20,13,Gone Maggie Gone,7.2,505,42,12.023809523809524
211,Kent Brockman,433,20,13,Gone Maggie Gone,7.2,88,5,17.6
9,Lisa Simpson,433,20,13,Gone Maggie Gone,7.2,548,54,10.148148148148149
1,Marge Simpson,433,20,13,Gone Maggie Gone,7.2,178,22,8.090909090909092
25,Milhouse Van Houten,433,20,13,Gone Maggie Gone,7.2,11,1,11.0
101,Nelson Muntz,433,20,13,Gone Maggie Gone,7.2,2,1,2.0
3,Seymour Skinner,433,20,13,Gone Maggie Gone,7.2,181,12,15.083333333333334
14,Waylon Smithers,433,20,13,Gone Maggie Gone,7.2,29,3,9.666666666666666
8,Bart Simpson,434,20,14,In the Name of the Grandfather,6.3,132,18,7.333333333333333
170,Carl Carlson,434,20,14,In the Name of the Grandfather,6.3,7,1,7.0
71,Chief Wiggum,434,20,14,In the Name of the Grandfather,6.3,44,4,11.0
40,Edna Krabappel-Flanders,434,20,14,In the Name of the Grandfather,6.3,5,1,5.0
31,Grampa Simpson,434,20,14,In the Name of the Grandfather,6.3,345,38,9.078947368421053
2,Homer Simpson,434,20,14,In the Name of the Grandfather,6.3,468,48,9.75
9,Lisa Simpson,434,20,14,In the Name of the Grandfather,6.3,140,15,9.333333333333334
1,Marge Simpson,434,20,14,In the Name of the Grandfather,6.3,238,15,15.866666666666667
17,Moe Szyslak,434,20,14,In the Name of the Grandfather,6.3,104,7,14.857142857142858
11,Ned Flanders,434,20,14,In the Name of the Grandfather,6.3,13,3,4.333333333333333
3,Seymour Skinner,434,20,14,In the Name of the Grandfather,6.3,21,1,21.0
208,Apu Nahasapeemapetilon,435,20,15,Wedding for Disaster,6.8,51,3,17.0
8,Bart Simpson,435,20,15,Wedding for Disaster,6.8,95,8,11.875
2,Homer Simpson,435,20,15,Wedding for Disaster,6.8,540,42,12.857142857142858
211,Kent Brockman,435,20,15,Wedding for Disaster,6.8,49,3,16.333333333333332
139,Krusty the Clown,435,20,15,Wedding for Disaster,6.8,86,3,28.666666666666668
165,Lenny Leonard,435,20,15,Wedding for Disaster,6.8,18,1,18.0
9,Lisa Simpson,435,20,15,Wedding for Disaster,6.8,111,11,10.090909090909092
1,Marge Simpson,435,20,15,Wedding for Disaster,6.8,389,44,8.840909090909092
17,Moe Szyslak,435,20,15,Wedding for Disaster,6.8,32,2,16.0
11,Ned Flanders,435,20,15,Wedding for Disaster,6.8,25,4,6.25
140,Rev. Timothy Lovejoy,435,20,15,Wedding for Disaster,6.8,237,18,13.166666666666666
153,Sideshow Bob,435,20,15,Wedding for Disaster,6.8,52,4,13.0
33,Announcer,436,20,16,Eeny Teeny Maya Moe,7.2,89,5,17.8
8,Bart Simpson,436,20,16,Eeny Teeny Maya Moe,7.2,16,1,16.0
170,Carl Carlson,436,20,16,Eeny Teeny Maya Moe,7.2,41,7,5.857142857142857
332,Dr. Julius Hibbert,436,20,16,Eeny Teeny Maya Moe,7.2,17,2,8.5
2,Homer Simpson,436,20,16,Eeny Teeny Maya Moe,7.2,477,44,10.840909090909092
165,Lenny Leonard,436,20,16,Eeny Teeny Maya Moe,7.2,85,9,9.444444444444445
9,Lisa Simpson,436,20,16,Eeny Teeny Maya Moe,7.2,23,3,7.666666666666667
1,Marge Simpson,436,20,16,Eeny Teeny Maya Moe,7.2,119,16,7.4375
17,Moe Szyslak,436,20,16,Eeny Teeny Maya Moe,7.2,1141,82,13.914634146341463
208,Apu Nahasapeemapetilon,437,20,17,"The Good, the Sad and the Drugly",7.2,69,4,17.25
8,Bart Simpson,437,20,17,"The Good, the Sad and the Drugly",7.2,660,59,11.186440677966102
1078,Gary Chalmers,437,20,17,"The Good, the Sad and the Drugly",7.2,41,4,10.25
31,Grampa Simpson,437,20,17,"The Good, the Sad and the Drugly",7.2,13,1,13.0
404,Groundskeeper Willie,437,20,17,"The Good, the Sad and the Drugly",7.2,47,6,7.833333333333333
2,Homer Simpson,437,20,17,"The Good, the Sad and the Drugly",7.2,118,12,9.833333333333334
165,Lenny Leonard,437,20,17,"The Good, the Sad and the Drugly",7.2,56,4,14.0
9,Lisa Simpson,437,20,17,"The Good, the Sad and the Drugly",7.2,175,14,12.5
1,Marge Simpson,437,20,17,"The Good, the Sad and the Drugly",7.2,53,5,10.6
25,Milhouse Van Houten,437,20,17,"The Good, the Sad and the Drugly",7.2,272,22,12.363636363636363
11,Ned Flanders,437,20,17,"The Good, the Sad and the Drugly",7.2,17,2,8.5
101,Nelson Muntz,437,20,17,"The Good, the Sad and the Drugly",7.2,65,7,9.285714285714286
140,Rev. Timothy Lovejoy,437,20,17,"The Good, the Sad and the Drugly",7.2,8,2,4.0
3,Seymour Skinner,437,20,17,"The Good, the Sad and the Drugly",7.2,139,10,13.9
8,Bart Simpson,438,20,18,Father Knows Worst,7.0,112,15,7.466666666666667
170,Carl Carlson,438,20,18,Father Knows Worst,7.0,2,1,2.0
332,Dr. Julius Hibbert,438,20,18,Father Knows Worst,7.0,109,7,15.571428571428571
40,Edna Krabappel-Flanders,438,20,18,Father Knows Worst,7.0,41,4,10.25
1078,Gary Chalmers,438,20,18,Father Knows Worst,7.0,39,4,9.75
404,Groundskeeper Willie,438,20,18,Father Knows Worst,7.0,2,1,2.0
2,Homer Simpson,438,20,18,Father Knows Worst,7.0,1066,105,10.152380952380952
165,Lenny Leonard,438,20,18,Father Knows Worst,7.0,34,2,17.0
9,Lisa Simpson,438,20,18,Father Knows Worst,7.0,177,22,8.045454545454545
1,Marge Simpson,438,20,18,Father Knows Worst,7.0,171,20,8.55
17,Moe Szyslak,438,20,18,Father Knows Worst,7.0,50,4,12.5
3,Seymour Skinner,438,20,18,Father Knows Worst,7.0,47,4,11.75
8,Bart Simpson,439,20,19,"Waverly Hills, 9-0-2-1-D'oh",7.1,141,14,10.071428571428571
71,Chief Wiggum,439,20,19,"Waverly Hills, 9-0-2-1-D'oh",7.1,152,9,16.88888888888889
40,Edna Krabappel-Flanders,439,20,19,"Waverly Hills, 9-0-2-1-D'oh",7.1,22,2,11.0
1078,Gary Chalmers,439,20,19,"Waverly Hills, 9-0-2-1-D'oh",7.1,27,4,6.75
2,Homer Simpson,439,20,19,"Waverly Hills, 9-0-2-1-D'oh",7.1,530,54,9.814814814814815
139,Krusty the Clown,439,20,19,"Waverly Hills, 9-0-2-1-D'oh",7.1,1,1,1.0
9,Lisa Simpson,439,20,19,"Waverly Hills, 9-0-2-1-D'oh",7.1,406,35,11.6
1,Marge Simpson,439,20,19,"Waverly Hills, 9-0-2-1-D'oh",7.1,340,39,8.717948717948717
25,Milhouse Van Houten,439,20,19,"Waverly Hills, 9-0-2-1-D'oh",7.1,32,3,10.666666666666666
3,Seymour Skinner,439,20,19,"Waverly Hills, 9-0-2-1-D'oh",7.1,83,9,9.222222222222221
71,Chief Wiggum,440,20,20,Four Great Women and a Manicure,6.3,7,2,3.5
332,Dr. Julius Hibbert,440,20,20,Four Great Women and a Manicure,6.3,7,1,7.0
2,Homer Simpson,440,20,20,Four Great Women and a Manicure,6.3,301,29,10.379310344827585
165,Lenny Leonard,440,20,20,Four Great Women and a Manicure,6.3,20,3,6.666666666666667
9,Lisa Simpson,440,20,20,Four Great Women and a Manicure,6.3,161,15,10.733333333333333
1,Marge Simpson,440,20,20,Four Great Women and a Manicure,6.3,445,43,10.348837209302326
33,Announcer,442,21,1,Homer the Whopper,7.1,36,1,36.0
208,Apu Nahasapeemapetilon,442,21,1,Homer the Whopper,7.1,51,5,10.2
8,Bart Simpson,442,21,1,Homer the Whopper,7.1,99,12,8.25
170,Carl Carlson,442,21,1,Homer the Whopper,7.1,28,3,9.333333333333334
801,Comic Book Guy,442,21,1,Homer the Whopper,7.1,376,32,11.75
2,Homer Simpson,442,21,1,Homer the Whopper,7.1,489,51,9.588235294117647
139,Krusty the Clown,442,21,1,Homer the Whopper,7.1,73,3,24.333333333333332
165,Lenny Leonard,442,21,1,Homer the Whopper,7.1,36,2,18.0
9,Lisa Simpson,442,21,1,Homer the Whopper,7.1,17,2,8.5
1,Marge Simpson,442,21,1,Homer the Whopper,7.1,47,8,5.875
25,Milhouse Van Houten,442,21,1,Homer the Whopper,7.1,37,4,9.25
17,Moe Szyslak,442,21,1,Homer the Whopper,7.1,11,1,11.0
101,Nelson Muntz,442,21,1,Homer the Whopper,7.1,5,1,5.0
8,Bart Simpson,443,21,2,Bart Gets a 'Z',6.6,568,56,10.142857142857142
40,Edna Krabappel-Flanders,443,21,2,Bart Gets a 'Z',6.6,477,48,9.9375
404,Groundskeeper Willie,443,21,2,Bart Gets a 'Z',6.6,10,1,10.0
2,Homer Simpson,443,21,2,Bart Gets a 'Z',6.6,152,11,13.818181818181818
9,Lisa Simpson,443,21,2,Bart Gets a 'Z',6.6,18,2,9.0
1,Marge Simpson,443,21,2,Bart Gets a 'Z',6.6,14,1,14.0
25,Milhouse Van Houten,443,21,2,Bart Gets a 'Z',6.6,130,13,10.0
17,Moe Szyslak,443,21,2,Bart Gets a 'Z',6.6,22,1,22.0
11,Ned Flanders,443,21,2,Bart Gets a 'Z',6.6,5,1,5.0
101,Nelson Muntz,443,21,2,Bart Gets a 'Z',6.6,74,9,8.222222222222221
3,Seymour Skinner,443,21,2,Bart Gets a 'Z',6.6,143,13,11.0
33,Announcer,444,21,3,The Great Wife Hope,6.3,52,5,10.4
8,Bart Simpson,444,21,3,The Great Wife Hope,6.3,194,19,10.210526315789474
15,C. Montgomery Burns,444,21,3,The Great Wife Hope,6.3,46,3,15.333333333333334
170,Carl Carlson,444,21,3,The Great Wife Hope,6.3,59,7,8.428571428571429
40,Edna Krabappel-Flanders,444,21,3,The Great Wife Hope,6.3,31,4,7.75
404,Groundskeeper Willie,444,21,3,The Great Wife Hope,6.3,10,1,10.0
2,Homer Simpson,444,21,3,The Great Wife Hope,6.3,306,29,10.551724137931034
139,Krusty the Clown,444,21,3,The Great Wife Hope,6.3,36,2,18.0
165,Lenny Leonard,444,21,3,The Great Wife Hope,6.3,52,5,10.4
9,Lisa Simpson,444,21,3,The Great Wife Hope,6.3,98,10,9.8
1,Marge Simpson,444,21,3,The Great Wife Hope,6.3,466,46,10.130434782608695
25,Milhouse Van Houten,444,21,3,The Great Wife Hope,6.3,9,1,9.0
17,Moe Szyslak,444,21,3,The Great Wife Hope,6.3,68,7,9.714285714285714
101,Nelson Muntz,444,21,3,The Great Wife Hope,6.3,74,11,6.7272727272727275
3,Seymour Skinner,444,21,3,The Great Wife Hope,6.3,29,2,14.5
208,Apu Nahasapeemapetilon,445,21,4,Treehouse of Horror XX,7.3,66,7,9.428571428571429
8,Bart Simpson,445,21,4,Treehouse of Horror XX,7.3,316,32,9.875
170,Carl Carlson,445,21,4,Treehouse of Horror XX,7.3,1,1,1.0
332,Dr. Julius Hibbert,445,21,4,Treehouse of Horror XX,7.3,53,3,17.666666666666668
40,Edna Krabappel-Flanders,445,21,4,Treehouse of Horror XX,7.3,57,7,8.142857142857142
31,Grampa Simpson,445,21,4,Treehouse of Horror XX,7.3,12,2,6.0
404,Groundskeeper Willie,445,21,4,Treehouse of Horror XX,7.3,8,2,4.0
2,Homer Simpson,445,21,4,Treehouse of Horror XX,7.3,262,33,7.9393939393939394
211,Kent Brockman,445,21,4,Treehouse of Horror XX,7.3,47,3,15.666666666666666
139,Krusty the Clown,445,21,4,Treehouse of Horror XX,7.3,37,3,12.333333333333334
165,Lenny Leonard,445,21,4,Treehouse of Horror XX,7.3,1,1,1.0
9,Lisa Simpson,445,21,4,Treehouse of Horror XX,7.3,288,37,7.783783783783784
1,Marge Simpson,445,21,4,Treehouse of Horror XX,7.3,200,26,7.6923076923076925
17,Moe Szyslak,445,21,4,Treehouse of Horror XX,7.3,385,32,12.03125
3,Seymour Skinner,445,21,4,Treehouse of Horror XX,7.3,21,1,21.0
8,Bart Simpson,446,21,5,The Devil Wears Nada,6.7,50,5,10.0
15,C. Montgomery Burns,446,21,5,The Devil Wears Nada,6.7,82,4,20.5
170,Carl Carlson,446,21,5,The Devil Wears Nada,6.7,357,31,11.516129032258064
801,Comic Book Guy,446,21,5,The Devil Wears Nada,6.7,13,1,13.0
40,Edna Krabappel-Flanders,446,21,5,The Devil Wears Nada,6.7,18,2,9.0
1078,Gary Chalmers,446,21,5,The Devil Wears Nada,6.7,12,2,6.0
2,Homer Simpson,446,21,5,The Devil Wears Nada,6.7,442,45,9.822222222222223
165,Lenny Leonard,446,21,5,The Devil Wears Nada,6.7,32,5,6.4
9,Lisa Simpson,446,21,5,The Devil Wears Nada,6.7,9,1,9.0
1,Marge Simpson,446,21,5,The Devil Wears Nada,6.7,344,44,7.818181818181818
25,Milhouse Van Houten,446,21,5,The Devil Wears Nada,6.7,13,1,13.0
11,Ned Flanders,446,21,5,The Devil Wears Nada,6.7,125,13,9.615384615384615
101,Nelson Muntz,446,21,5,The Devil Wears Nada,6.7,37,5,7.4
3,Seymour Skinner,446,21,5,The Devil Wears Nada,6.7,19,1,19.0
8,Bart Simpson,448,21,7,Rednecks and Broomsticks,6.8,144,9,16.0
170,Carl Carlson,448,21,7,Rednecks and Broomsticks,6.8,14,2,7.0
71,Chief Wiggum,448,21,7,Rednecks and Broomsticks,6.8,77,6,12.833333333333334
332,Dr. Julius Hibbert,448,21,7,Rednecks and Broomsticks,6.8,12,1,12.0
1078,Gary Chalmers,448,21,7,Rednecks and Broomsticks,6.8,17,1,17.0
404,Groundskeeper Willie,448,21,7,Rednecks and Broomsticks,6.8,31,1,31.0
2,Homer Simpson,448,21,7,Rednecks and Broomsticks,6.8,162,21,7.714285714285714
211,Kent Brockman,448,21,7,Rednecks and Broomsticks,6.8,64,3,21.333333333333332
139,Krusty the Clown,448,21,7,Rednecks and Broomsticks,6.8,17,2,8.5
165,Lenny Leonard,448,21,7,Rednecks and Broomsticks,6.8,8,1,8.0
9,Lisa Simpson,448,21,7,Rednecks and Broomsticks,6.8,421,34,12.382352941176471
1,Marge Simpson,448,21,7,Rednecks and Broomsticks,6.8,50,4,12.5
240,Mayor Joe Quimby,448,21,7,Rednecks and Broomsticks,6.8,17,2,8.5
17,Moe Szyslak,448,21,7,Rednecks and Broomsticks,6.8,148,11,13.454545454545455
11,Ned Flanders,448,21,7,Rednecks and Broomsticks,6.8,28,3,9.333333333333334
101,Nelson Muntz,448,21,7,Rednecks and Broomsticks,6.8,4,1,4.0
3,Seymour Skinner,448,21,7,Rednecks and Broomsticks,6.8,13,1,13.0
208,Apu Nahasapeemapetilon,449,21,8,"O Brother, Where Bart Thou?",7.2,29,3,9.666666666666666
8,Bart Simpson,449,21,8,"O Brother, Where Bart Thou?",7.2,804,83,9.686746987951807
71,Chief Wiggum,449,21,8,"O Brother, Where Bart Thou?",7.2,41,5,8.2
1078,Gary Chalmers,449,21,8,"O Brother, Where Bart Thou?",7.2,54,8,6.75
2,Homer Simpson,449,21,8,"O Brother, Where Bart Thou?",7.2,316,29,10.89655172413793
9,Lisa Simpson,449,21,8,"O Brother, Where Bart Thou?",7.2,258,28,9.214285714285714
1,Marge Simpson,449,21,8,"O Brother, Where Bart Thou?",7.2,168,21,8.0
25,Milhouse Van Houten,449,21,8,"O Brother, Where Bart Thou?",7.2,25,3,8.333333333333334
101,Nelson Muntz,449,21,8,"O Brother, Where Bart Thou?",7.2,48,5,9.6
3,Seymour Skinner,449,21,8,"O Brother, Where Bart Thou?",7.2,22,2,11.0
33,Announcer,450,21,9,Thursdays with Abie,6.8,11,2,5.5
8,Bart Simpson,450,21,9,Thursdays with Abie,6.8,179,23,7.782608695652174
15,C. Montgomery Burns,450,21,9,Thursdays with Abie,6.8,39,4,9.75
170,Carl Carlson,450,21,9,Thursdays with Abie,6.8,6,1,6.0
71,Chief Wiggum,450,21,9,Thursdays with Abie,6.8,53,3,17.666666666666668
40,Edna Krabappel-Flanders,450,21,9,Thursdays with Abie,6.8,76,6,12.666666666666666
31,Grampa Simpson,450,21,9,Thursdays with Abie,6.8,530,41,12.926829268292684
2,Homer Simpson,450,21,9,Thursdays with Abie,6.8,569,41,13.878048780487806
165,Lenny Leonard,450,21,9,Thursdays with Abie,6.8,14,3,4.666666666666667
9,Lisa Simpson,450,21,9,Thursdays with Abie,6.8,197,23,8.565217391304348
1,Marge Simpson,450,21,9,Thursdays with Abie,6.8,120,7,17.142857142857142
25,Milhouse Van Houten,450,21,9,Thursdays with Abie,6.8,4,1,4.0
17,Moe Szyslak,450,21,9,Thursdays with Abie,6.8,16,2,8.0
11,Ned Flanders,450,21,9,Thursdays with Abie,6.8,19,3,6.333333333333333
101,Nelson Muntz,450,21,9,Thursdays with Abie,6.8,61,7,8.714285714285714
8,Bart Simpson,451,21,10,Once Upon a Time in Springfield,6.7,199,26,7.653846153846154
15,C. Montgomery Burns,451,21,10,Once Upon a Time in Springfield,6.7,170,12,14.166666666666666
170,Carl Carlson,451,21,10,Once Upon a Time in Springfield,6.7,40,5,8.0
2,Homer Simpson,451,21,10,Once Upon a Time in Springfield,6.7,228,17,13.411764705882353
211,Kent Brockman,451,21,10,Once Upon a Time in Springfield,6.7,44,4,11.0
139,Krusty the Clown,451,21,10,Once Upon a Time in Springfield,6.7,506,48,10.541666666666666
165,Lenny Leonard,451,21,10,Once Upon a Time in Springfield,6.7,84,12,7.0
9,Lisa Simpson,451,21,10,Once Upon a Time in Springfield,6.7,77,8,9.625
1,Marge Simpson,451,21,10,Once Upon a Time in Springfield,6.7,37,5,7.4
25,Milhouse Van Houten,451,21,10,Once Upon a Time in Springfield,6.7,79,8,9.875
17,Moe Szyslak,451,21,10,Once Upon a Time in Springfield,6.7,32,3,10.666666666666666
101,Nelson Muntz,451,21,10,Once Upon a Time in Springfield,6.7,8,2,4.0
14,Waylon Smithers,451,21,10,Once Upon a Time in Springfield,6.7,32,2,16.0
208,Apu Nahasapeemapetilon,452,21,11,Million Dollar Maybe,7.1,47,3,15.666666666666666
8,Bart Simpson,452,21,11,Million Dollar Maybe,7.1,295,34,8.676470588235293
15,C. Montgomery Burns,452,21,11,Million Dollar Maybe,7.1,34,4,8.5
170,Carl Carlson,452,21,11,Million Dollar Maybe,7.1,45,5,9.0
71,Chief Wiggum,452,21,11,Million Dollar Maybe,7.1,14,1,14.0
40,Edna Krabappel-Flanders,452,21,11,Million Dollar Maybe,7.1,5,2,2.5
31,Grampa Simpson,452,21,11,Million Dollar Maybe,7.1,57,6,9.5
2,Homer Simpson,452,21,11,Million Dollar Maybe,7.1,799,83,9.626506024096386
211,Kent Brockman,452,21,11,Million Dollar Maybe,7.1,35,3,11.666666666666666
139,Krusty the Clown,452,21,11,Million Dollar Maybe,7.1,6,1,6.0
165,Lenny Leonard,452,21,11,Million Dollar Maybe,7.1,54,5,10.8
9,Lisa Simpson,452,21,11,Million Dollar Maybe,7.1,155,15,10.333333333333334
1,Marge Simpson,452,21,11,Million Dollar Maybe,7.1,261,32,8.15625
25,Milhouse Van Houten,452,21,11,Million Dollar Maybe,7.1,15,1,15.0
17,Moe Szyslak,452,21,11,Million Dollar Maybe,7.1,31,4,7.75
140,Rev. Timothy Lovejoy,452,21,11,Million Dollar Maybe,7.1,28,2,14.0
14,Waylon Smithers,452,21,11,Million Dollar Maybe,7.1,15,1,15.0
33,Announcer,453,21,12,Boy Meets Curl,6.8,9,1,9.0
8,Bart Simpson,453,21,12,Boy Meets Curl,6.8,188,16,11.75
15,C. Montgomery Burns,453,21,12,Boy Meets Curl,6.8,56,4,14.0
170,Carl Carlson,453,21,12,Boy Meets Curl,6.8,13,2,6.5
71,Chief Wiggum,453,21,12,Boy Meets Curl,6.8,13,1,13.0
332,Dr. Julius Hibbert,453,21,12,Boy Meets Curl,6.8,39,5,7.8
2,Homer Simpson,453,21,12,Boy Meets Curl,6.8,341,37,9.216216216216216
165,Lenny Leonard,453,21,12,Boy Meets Curl,6.8,31,2,15.5
9,Lisa Simpson,453,21,12,Boy Meets Curl,6.8,233,22,10.590909090909092
1,Marge Simpson,453,21,12,Boy Meets Curl,6.8,314,34,9.235294117647058
17,Moe Szyslak,453,21,12,Boy Meets Curl,6.8,22,2,11.0
3,Seymour Skinner,453,21,12,Boy Meets Curl,6.8,143,12,11.916666666666666
8,Bart Simpson,454,21,13,The Color Yellow,6.6,66,10,6.6
15,C. Montgomery Burns,454,21,13,The Color Yellow,6.6,11,1,11.0
31,Grampa Simpson,454,21,13,The Color Yellow,6.6,249,18,13.833333333333334
404,Groundskeeper Willie,454,21,13,The Color Yellow,6.6,62,7,8.857142857142858
2,Homer Simpson,454,21,13,The Color Yellow,6.6,218,18,12.11111111111111
9,Lisa Simpson,454,21,13,The Color Yellow,6.6,552,55,10.036363636363637
1,Marge Simpson,454,21,13,The Color Yellow,6.6,187,19,9.842105263157896
25,Milhouse Van Houten,454,21,13,The Color Yellow,6.6,54,4,13.5
101,Nelson Muntz,454,21,13,The Color Yellow,6.6,1,1,1.0
3,Seymour Skinner,454,21,13,The Color Yellow,6.6,13,2,6.5
208,Apu Nahasapeemapetilon,455,21,14,Postcards from the Wedge,7.1,17,1,17.0
8,Bart Simpson,455,21,14,Postcards from the Wedge,7.1,363,52,6.980769230769231
71,Chief Wiggum,455,21,14,Postcards from the Wedge,7.1,11,1,11.0
40,Edna Krabappel-Flanders,455,21,14,Postcards from the Wedge,7.1,109,13,8.384615384615385
1078,Gary Chalmers,455,21,14,Postcards from the Wedge,7.1,3,1,3.0
404,Groundskeeper Willie,455,21,14,Postcards from the Wedge,7.1,46,4,11.5
2,Homer Simpson,455,21,14,Postcards from the Wedge,7.1,570,53,10.754716981132075
9,Lisa Simpson,455,21,14,Postcards from the Wedge,7.1,182,16,11.375
1,Marge Simpson,455,21,14,Postcards from the Wedge,7.1,367,36,10.194444444444445
25,Milhouse Van Houten,455,21,14,Postcards from the Wedge,7.1,53,6,8.833333333333334
17,Moe Szyslak,455,21,14,Postcards from the Wedge,7.1,10,1,10.0
11,Ned Flanders,455,21,14,Postcards from the Wedge,7.1,40,3,13.333333333333334
101,Nelson Muntz,455,21,14,Postcards from the Wedge,7.1,73,11,6.636363636363637
3,Seymour Skinner,455,21,14,Postcards from the Wedge,7.1,115,8,14.375
8,Bart Simpson,456,21,15,Stealing First Base,7.0,362,43,8.418604651162791
1078,Gary Chalmers,456,21,15,Stealing First Base,7.0,109,9,12.11111111111111
31,Grampa Simpson,456,21,15,Stealing First Base,7.0,48,6,8.0
404,Groundskeeper Willie,456,21,15,Stealing First Base,7.0,38,5,7.6
2,Homer Simpson,456,21,15,Stealing First Base,7.0,147,19,7.7368421052631575
9,Lisa Simpson,456,21,15,Stealing First Base,7.0,188,13,14.461538461538462
1,Marge Simpson,456,21,15,Stealing First Base,7.0,52,7,7.428571428571429
25,Milhouse Van Houten,456,21,15,Stealing First Base,7.0,40,4,10.0
101,Nelson Muntz,456,21,15,Stealing First Base,7.0,72,14,5.142857142857143
3,Seymour Skinner,456,21,15,Stealing First Base,7.0,137,10,13.7
8,Bart Simpson,457,21,16,The Greatest Story Ever D'ohed,5.7,143,22,6.5
332,Dr. Julius Hibbert,457,21,16,The Greatest Story Ever D'ohed,5.7,37,4,9.25
2,Homer Simpson,457,21,16,The Greatest Story Ever D'ohed,5.7,649,61,10.639344262295081
139,Krusty the Clown,457,21,16,The Greatest Story Ever D'ohed,5.7,41,4,10.25
9,Lisa Simpson,457,21,16,The Greatest Story Ever D'ohed,5.7,94,10,9.4
1,Marge Simpson,457,21,16,The Greatest Story Ever D'ohed,5.7,151,18,8.38888888888889
11,Ned Flanders,457,21,16,The Greatest Story Ever D'ohed,5.7,527,48,10.979166666666666
140,Rev. Timothy Lovejoy,457,21,16,The Greatest Story Ever D'ohed,5.7,54,6,9.0
8,Bart Simpson,458,21,17,American History X-cellent,6.7,207,24,8.625
15,C. Montgomery Burns,458,21,17,American History X-cellent,6.7,807,67,12.044776119402986
170,Carl Carlson,458,21,17,American History X-cellent,6.7,86,11,7.818181818181818
71,Chief Wiggum,458,21,17,American History X-cellent,6.7,36,3,12.0
31,Grampa Simpson,458,21,17,American History X-cellent,6.7,6,1,6.0
2,Homer Simpson,458,21,17,American History X-cellent,6.7,209,29,7.206896551724138
165,Lenny Leonard,458,21,17,American History X-cellent,6.7,179,15,11.933333333333334
9,Lisa Simpson,458,21,17,American History X-cellent,6.7,157,19,8.263157894736842
1,Marge Simpson,458,21,17,American History X-cellent,6.7,59,10,5.9
25,Milhouse Van Houten,458,21,17,American History X-cellent,6.7,5,1,5.0
17,Moe Szyslak,458,21,17,American History X-cellent,6.7,78,7,11.142857142857142
14,Waylon Smithers,458,21,17,American History X-cellent,6.7,208,16,13.0
8,Bart Simpson,459,21,18,Chief of Hearts,6.9,104,15,6.933333333333334
170,Carl Carlson,459,21,18,Chief of Hearts,6.9,11,1,11.0
71,Chief Wiggum,459,21,18,Chief of Hearts,6.9,815,67,12.164179104477611
332,Dr. Julius Hibbert,459,21,18,Chief of Hearts,6.9,21,1,21.0
1078,Gary Chalmers,459,21,18,Chief of Hearts,6.9,36,2,18.0
2,Homer Simpson,459,21,18,Chief of Hearts,6.9,467,51,9.156862745098039
139,Krusty the Clown,459,21,18,Chief of Hearts,6.9,12,2,6.0
165,Lenny Leonard,459,21,18,Chief of Hearts,6.9,8,1,8.0
1,Marge Simpson,459,21,18,Chief of Hearts,6.9,139,16,8.6875
25,Milhouse Van Houten,459,21,18,Chief of Hearts,6.9,12,2,6.0
17,Moe Szyslak,459,21,18,Chief of Hearts,6.9,9,1,9.0
11,Ned Flanders,459,21,18,Chief of Hearts,6.9,4,2,2.0
101,Nelson Muntz,459,21,18,Chief of Hearts,6.9,21,1,21.0
3,Seymour Skinner,459,21,18,Chief of Hearts,6.9,46,4,11.5
208,Apu Nahasapeemapetilon,460,21,19,The Squirt and the Whale,6.9,6,1,6.0
8,Bart Simpson,460,21,19,The Squirt and the Whale,6.9,88,14,6.285714285714286
170,Carl Carlson,460,21,19,The Squirt and the Whale,6.9,6,1,6.0
71,Chief Wiggum,460,21,19,The Squirt and the Whale,6.9,34,3,11.333333333333334
801,Comic Book Guy,460,21,19,The Squirt and the Whale,6.9,14,5,2.8
2,Homer Simpson,460,21,19,The Squirt and the Whale,6.9,772,62,12.451612903225806
211,Kent Brockman,460,21,19,The Squirt and the Whale,6.9,9,1,9.0
165,Lenny Leonard,460,21,19,The Squirt and the Whale,6.9,11,2,5.5
9,Lisa Simpson,460,21,19,The Squirt and the Whale,6.9,423,47,9.0
1,Marge Simpson,460,21,19,The Squirt and the Whale,6.9,102,11,9.272727272727273
240,Mayor Joe Quimby,460,21,19,The Squirt and the Whale,6.9,42,3,14.0
25,Milhouse Van Houten,460,21,19,The Squirt and the Whale,6.9,19,3,6.333333333333333
17,Moe Szyslak,460,21,19,The Squirt and the Whale,6.9,15,1,15.0
11,Ned Flanders,460,21,19,The Squirt and the Whale,6.9,9,1,9.0
8,Bart Simpson,461,21,20,To Surveil with Love,7.2,68,8,8.5
15,C. Montgomery Burns,461,21,20,To Surveil with Love,7.2,29,3,9.666666666666666
170,Carl Carlson,461,21,20,To Surveil with Love,7.2,20,4,5.0
71,Chief Wiggum,461,21,20,To Surveil with Love,7.2,206,13,15.846153846153847
801,Comic Book Guy,461,21,20,To Surveil with Love,7.2,12,1,12.0
1078,Gary Chalmers,461,21,20,To Surveil with Love,7.2,10,1,10.0
31,Grampa Simpson,461,21,20,To Surveil with Love,7.2,5,1,5.0
2,Homer Simpson,461,21,20,To Surveil with Love,7.2,229,28,8.178571428571429
211,Kent Brockman,461,21,20,To Surveil with Love,7.2,55,4,13.75
139,Krusty the Clown,461,21,20,To Surveil with Love,7.2,32,2,16.0
165,Lenny Leonard,461,21,20,To Surveil with Love,7.2,10,2,5.0
9,Lisa Simpson,461,21,20,To Surveil with Love,7.2,304,27,11.25925925925926
1,Marge Simpson,461,21,20,To Surveil with Love,7.2,155,12,12.916666666666666
240,Mayor Joe Quimby,461,21,20,To Surveil with Love,7.2,78,4,19.5
25,Milhouse Van Houten,461,21,20,To Surveil with Love,7.2,12,1,12.0
17,Moe Szyslak,461,21,20,To Surveil with Love,7.2,15,3,5.0
11,Ned Flanders,461,21,20,To Surveil with Love,7.2,299,29,10.310344827586206
101,Nelson Muntz,461,21,20,To Surveil with Love,7.2,11,2,5.5
3,Seymour Skinner,461,21,20,To Surveil with Love,7.2,26,2,13.0
14,Waylon Smithers,461,21,20,To Surveil with Love,7.2,38,3,12.666666666666666
33,Announcer,462,21,21,Moe Letter Blues,6.9,6,1,6.0
208,Apu Nahasapeemapetilon,462,21,21,Moe Letter Blues,6.9,349,33,10.575757575757576
8,Bart Simpson,462,21,21,Moe Letter Blues,6.9,53,7,7.571428571428571
2,Homer Simpson,462,21,21,Moe Letter Blues,6.9,304,43,7.069767441860465
139,Krusty the Clown,462,21,21,Moe Letter Blues,6.9,79,5,15.8
9,Lisa Simpson,462,21,21,Moe Letter Blues,6.9,31,4,7.75
1,Marge Simpson,462,21,21,Moe Letter Blues,6.9,147,15,9.8
25,Milhouse Van Houten,462,21,21,Moe Letter Blues,6.9,7,1,7.0
17,Moe Szyslak,462,21,21,Moe Letter Blues,6.9,620,35,17.714285714285715
11,Ned Flanders,462,21,21,Moe Letter Blues,6.9,26,2,13.0
140,Rev. Timothy Lovejoy,462,21,21,Moe Letter Blues,6.9,190,19,10.0
208,Apu Nahasapeemapetilon,463,21,22,The Bob Next Door,7.2,8,1,8.0
8,Bart Simpson,463,21,22,The Bob Next Door,7.2,348,41,8.487804878048781
71,Chief Wiggum,463,21,22,The Bob Next Door,7.2,88,10,8.8
1078,Gary Chalmers,463,21,22,The Bob Next Door,7.2,4,1,4.0
2,Homer Simpson,463,21,22,The Bob Next Door,7.2,187,21,8.904761904761905
165,Lenny Leonard,463,21,22,The Bob Next Door,7.2,9,1,9.0
9,Lisa Simpson,463,21,22,The Bob Next Door,7.2,51,7,7.285714285714286
1,Marge Simpson,463,21,22,The Bob Next Door,7.2,271,28,9.678571428571429
240,Mayor Joe Quimby,463,21,22,The Bob Next Door,7.2,57,4,14.25
25,Milhouse Van Houten,463,21,22,The Bob Next Door,7.2,86,6,14.333333333333334
11,Ned Flanders,463,21,22,The Bob Next Door,7.2,19,3,6.333333333333333
3,Seymour Skinner,463,21,22,The Bob Next Door,7.2,17,2,8.5
153,Sideshow Bob,463,21,22,The Bob Next Door,7.2,4,2,2.0
208,Apu Nahasapeemapetilon,464,21,23,Judge Me Tender,6.6,5,1,5.0
8,Bart Simpson,464,21,23,Judge Me Tender,6.6,59,7,8.428571428571429
15,C. Montgomery Burns,464,21,23,Judge Me Tender,6.6,6,1,6.0
170,Carl Carlson,464,21,23,Judge Me Tender,6.6,7,1,7.0
332,Dr. Julius Hibbert,464,21,23,Judge Me Tender,6.6,4,2,2.0
31,Grampa Simpson,464,21,23,Judge Me Tender,6.6,50,4,12.5
2,Homer Simpson,464,21,23,Judge Me Tender,6.6,292,27,10.814814814814815
139,Krusty the Clown,464,21,23,Judge Me Tender,6.6,46,6,7.666666666666667
165,Lenny Leonard,464,21,23,Judge Me Tender,6.6,4,1,4.0
9,Lisa Simpson,464,21,23,Judge Me Tender,6.6,108,9,12.0
1,Marge Simpson,464,21,23,Judge Me Tender,6.6,170,24,7.083333333333333
17,Moe Szyslak,464,21,23,Judge Me Tender,6.6,656,61,10.754098360655737
11,Ned Flanders,464,21,23,Judge Me Tender,6.6,44,4,11.0
8,Bart Simpson,465,22,1,Elementary School Musical,6.3,102,5,20.4
31,Grampa Simpson,465,22,1,Elementary School Musical,6.3,33,3,11.0
2,Homer Simpson,465,22,1,Elementary School Musical,6.3,91,13,7.0
211,Kent Brockman,465,22,1,Elementary School Musical,6.3,47,2,23.5
139,Krusty the Clown,465,22,1,Elementary School Musical,6.3,386,31,12.451612903225806
9,Lisa Simpson,465,22,1,Elementary School Musical,6.3,467,50,9.34
1,Marge Simpson,465,22,1,Elementary School Musical,6.3,113,15,7.533333333333333
17,Moe Szyslak,465,22,1,Elementary School Musical,6.3,20,1,20.0
33,Announcer,466,22,2,Loan-a Lisa,6.8,9,1,9.0
8,Bart Simpson,466,22,2,Loan-a Lisa,6.8,48,4,12.0
170,Carl Carlson,466,22,2,Loan-a Lisa,6.8,6,1,6.0
71,Chief Wiggum,466,22,2,Loan-a Lisa,6.8,62,5,12.4
1078,Gary Chalmers,466,22,2,Loan-a Lisa,6.8,22,3,7.333333333333333
31,Grampa Simpson,466,22,2,Loan-a Lisa,6.8,196,9,21.77777777777778
2,Homer Simpson,466,22,2,Loan-a Lisa,6.8,343,29,11.827586206896552
139,Krusty the Clown,466,22,2,Loan-a Lisa,6.8,13,1,13.0
165,Lenny Leonard,466,22,2,Loan-a Lisa,6.8,28,2,14.0
9,Lisa Simpson,466,22,2,Loan-a Lisa,6.8,321,34,9.441176470588236
1,Marge Simpson,466,22,2,Loan-a Lisa,6.8,203,25,8.12
25,Milhouse Van Houten,466,22,2,Loan-a Lisa,6.8,39,3,13.0
101,Nelson Muntz,466,22,2,Loan-a Lisa,6.8,337,37,9.108108108108109
3,Seymour Skinner,466,22,2,Loan-a Lisa,6.8,144,12,12.0
8,Bart Simpson,467,22,3,MoneyBart,6.8,295,36,8.194444444444445
15,C. Montgomery Burns,467,22,3,MoneyBart,6.8,19,3,6.333333333333333
170,Carl Carlson,467,22,3,MoneyBart,6.8,6,1,6.0
1078,Gary Chalmers,467,22,3,MoneyBart,6.8,26,3,8.666666666666666
2,Homer Simpson,467,22,3,MoneyBart,6.8,150,15,10.0
165,Lenny Leonard,467,22,3,MoneyBart,6.8,23,2,11.5
9,Lisa Simpson,467,22,3,MoneyBart,6.8,527,54,9.75925925925926
1,Marge Simpson,467,22,3,MoneyBart,6.8,139,14,9.928571428571429
25,Milhouse Van Houten,467,22,3,MoneyBart,6.8,42,6,7.0
17,Moe Szyslak,467,22,3,MoneyBart,6.8,61,5,12.2
11,Ned Flanders,467,22,3,MoneyBart,6.8,88,4,22.0
101,Nelson Muntz,467,22,3,MoneyBart,6.8,99,11,9.0
3,Seymour Skinner,467,22,3,MoneyBart,6.8,27,4,6.75
14,Waylon Smithers,467,22,3,MoneyBart,6.8,5,1,5.0
208,Apu Nahasapeemapetilon,468,22,4,Treehouse of Horror XXI,7.1,1,1,1.0
8,Bart Simpson,468,22,4,Treehouse of Horror XXI,7.1,198,28,7.071428571428571
71,Chief Wiggum,468,22,4,Treehouse of Horror XXI,7.1,34,3,11.333333333333334
31,Grampa Simpson,468,22,4,Treehouse of Horror XXI,7.1,9,1,9.0
2,Homer Simpson,468,22,4,Treehouse of Horror XXI,7.1,460,58,7.931034482758621
9,Lisa Simpson,468,22,4,Treehouse of Horror XXI,7.1,161,14,11.5
1,Marge Simpson,468,22,4,Treehouse of Horror XXI,7.1,231,34,6.794117647058823
25,Milhouse Van Houten,468,22,4,Treehouse of Horror XXI,7.1,101,20,5.05
17,Moe Szyslak,468,22,4,Treehouse of Horror XXI,7.1,7,1,7.0
14,Waylon Smithers,468,22,4,Treehouse of Horror XXI,7.1,7,1,7.0
8,Bart Simpson,469,22,5,"Lisa Simpson, This Isn't Your Life",7.2,230,31,7.419354838709677
1078,Gary Chalmers,469,22,5,"Lisa Simpson, This Isn't Your Life",7.2,34,4,8.5
404,Groundskeeper Willie,469,22,5,"Lisa Simpson, This Isn't Your Life",7.2,32,3,10.666666666666666
2,Homer Simpson,469,22,5,"Lisa Simpson, This Isn't Your Life",7.2,398,35,11.371428571428572
139,Krusty the Clown,469,22,5,"Lisa Simpson, This Isn't Your Life",7.2,59,4,14.75
9,Lisa Simpson,469,22,5,"Lisa Simpson, This Isn't Your Life",7.2,526,49,10.73469387755102
1,Marge Simpson,469,22,5,"Lisa Simpson, This Isn't Your Life",7.2,374,41,9.121951219512194
17,Moe Szyslak,469,22,5,"Lisa Simpson, This Isn't Your Life",7.2,13,1,13.0
101,Nelson Muntz,469,22,5,"Lisa Simpson, This Isn't Your Life",7.2,130,15,8.666666666666666
3,Seymour Skinner,469,22,5,"Lisa Simpson, This Isn't Your Life",7.2,117,11,10.636363636363637
208,Apu Nahasapeemapetilon,470,22,6,The Fool Monty,6.5,72,5,14.4
8,Bart Simpson,470,22,6,The Fool Monty,6.5,126,13,9.692307692307692
15,C. Montgomery Burns,470,22,6,The Fool Monty,6.5,471,47,10.02127659574468
170,Carl Carlson,470,22,6,The Fool Monty,6.5,23,3,7.666666666666667
71,Chief Wiggum,470,22,6,The Fool Monty,6.5,26,4,6.5
801,Comic Book Guy,470,22,6,The Fool Monty,6.5,20,3,6.666666666666667
332,Dr. Julius Hibbert,470,22,6,The Fool Monty,6.5,16,1,16.0
2,Homer Simpson,470,22,6,The Fool Monty,6.5,157,16,9.8125
211,Kent Brockman,470,22,6,The Fool Monty,6.5,110,5,22.0
139,Krusty the Clown,470,22,6,The Fool Monty,6.5,29,4,7.25
165,Lenny Leonard,470,22,6,The Fool Monty,6.5,25,4,6.25
9,Lisa Simpson,470,22,6,The Fool Monty,6.5,199,16,12.4375
1,Marge Simpson,470,22,6,The Fool Monty,6.5,149,14,10.642857142857142
240,Mayor Joe Quimby,470,22,6,The Fool Monty,6.5,61,5,12.2
11,Ned Flanders,470,22,6,The Fool Monty,6.5,17,1,17.0
101,Nelson Muntz,470,22,6,The Fool Monty,6.5,64,5,12.8
14,Waylon Smithers,470,22,6,The Fool Monty,6.5,196,17,11.529411764705882
33,Announcer,471,22,7,How Munched is That Birdie in the Window?,6.4,48,3,16.0
8,Bart Simpson,471,22,7,How Munched is That Birdie in the Window?,6.4,371,35,10.6
15,C. Montgomery Burns,471,22,7,How Munched is That Birdie in the Window?,6.4,25,2,12.5
40,Edna Krabappel-Flanders,471,22,7,How Munched is That Birdie in the Window?,6.4,31,3,10.333333333333334
1078,Gary Chalmers,471,22,7,How Munched is That Birdie in the Window?,6.4,29,3,9.666666666666666
2,Homer Simpson,471,22,7,How Munched is That Birdie in the Window?,6.4,369,39,9.461538461538462
165,Lenny Leonard,471,22,7,How Munched is That Birdie in the Window?,6.4,7,1,7.0
9,Lisa Simpson,471,22,7,How Munched is That Birdie in the Window?,6.4,226,22,10.272727272727273
1,Marge Simpson,471,22,7,How Munched is That Birdie in the Window?,6.4,172,22,7.818181818181818
25,Milhouse Van Houten,471,22,7,How Munched is That Birdie in the Window?,6.4,46,5,9.2
17,Moe Szyslak,471,22,7,How Munched is That Birdie in the Window?,6.4,73,4,18.25
11,Ned Flanders,471,22,7,How Munched is That Birdie in the Window?,6.4,10,1,10.0
101,Nelson Muntz,471,22,7,How Munched is That Birdie in the Window?,6.4,29,5,5.8
3,Seymour Skinner,471,22,7,How Munched is That Birdie in the Window?,6.4,94,6,15.666666666666666
33,Announcer,472,22,8,The Fight Before Christmas,6.9,30,2,15.0
8,Bart Simpson,472,22,8,The Fight Before Christmas,6.9,300,30,10.0
15,C. Montgomery Burns,472,22,8,The Fight Before Christmas,6.9,120,13,9.23076923076923
71,Chief Wiggum,472,22,8,The Fight Before Christmas,6.9,2,1,2.0
31,Grampa Simpson,472,22,8,The Fight Before Christmas,6.9,40,5,8.0
2,Homer Simpson,472,22,8,The Fight Before Christmas,6.9,267,31,8.612903225806452
9,Lisa Simpson,472,22,8,The Fight Before Christmas,6.9,300,29,10.344827586206897
1,Marge Simpson,472,22,8,The Fight Before Christmas,6.9,179,23,7.782608695652174
25,Milhouse Van Houten,472,22,8,The Fight Before Christmas,6.9,11,2,5.5
17,Moe Szyslak,472,22,8,The Fight Before Christmas,6.9,242,20,12.1
11,Ned Flanders,472,22,8,The Fight Before Christmas,6.9,5,1,5.0
101,Nelson Muntz,472,22,8,The Fight Before Christmas,6.9,26,2,13.0
8,Bart Simpson,473,22,9,Donnie Fatso,7.0,70,9,7.777777777777778
15,C. Montgomery Burns,473,22,9,Donnie Fatso,7.0,9,2,4.5
71,Chief Wiggum,473,22,9,Donnie Fatso,7.0,163,13,12.538461538461538
801,Comic Book Guy,473,22,9,Donnie Fatso,7.0,10,2,5.0
2,Homer Simpson,473,22,9,Donnie Fatso,7.0,749,81,9.246913580246913
139,Krusty the Clown,473,22,9,Donnie Fatso,7.0,15,1,15.0
165,Lenny Leonard,473,22,9,Donnie Fatso,7.0,22,1,22.0
9,Lisa Simpson,473,22,9,Donnie Fatso,7.0,29,5,5.8
1,Marge Simpson,473,22,9,Donnie Fatso,7.0,82,8,10.25
17,Moe Szyslak,473,22,9,Donnie Fatso,7.0,150,10,15.0
8,Bart Simpson,474,22,10,Moms I'd Like to Forget,6.3,359,39,9.205128205128204
801,Comic Book Guy,474,22,10,Moms I'd Like to Forget,6.3,282,18,15.666666666666666
332,Dr. Julius Hibbert,474,22,10,Moms I'd Like to Forget,6.3,45,2,22.5
40,Edna Krabappel-Flanders,474,22,10,Moms I'd Like to Forget,6.3,17,4,4.25
1078,Gary Chalmers,474,22,10,Moms I'd Like to Forget,6.3,20,2,10.0
404,Groundskeeper Willie,474,22,10,Moms I'd Like to Forget,6.3,57,7,8.142857142857142
2,Homer Simpson,474,22,10,Moms I'd Like to Forget,6.3,186,24,7.75
9,Lisa Simpson,474,22,10,Moms I'd Like to Forget,6.3,57,6,9.5
1,Marge Simpson,474,22,10,Moms I'd Like to Forget,6.3,342,36,9.5
240,Mayor Joe Quimby,474,22,10,Moms I'd Like to Forget,6.3,26,1,26.0
25,Milhouse Van Houten,474,22,10,Moms I'd Like to Forget,6.3,78,5,15.6
17,Moe Szyslak,474,22,10,Moms I'd Like to Forget,6.3,26,3,8.666666666666666
11,Ned Flanders,474,22,10,Moms I'd Like to Forget,6.3,8,2,4.0
101,Nelson Muntz,474,22,10,Moms I'd Like to Forget,6.3,31,6,5.166666666666667
3,Seymour Skinner,474,22,10,Moms I'd Like to Forget,6.3,27,3,9.0
8,Bart Simpson,475,22,11,Flaming Moe,6.9,111,13,8.538461538461538
15,C. Montgomery Burns,475,22,11,Flaming Moe,6.9,162,15,10.8
170,Carl Carlson,475,22,11,Flaming Moe,6.9,14,2,7.0
1078,Gary Chalmers,475,22,11,Flaming Moe,6.9,55,6,9.166666666666666
31,Grampa Simpson,475,22,11,Flaming Moe,6.9,3,1,3.0
404,Groundskeeper Willie,475,22,11,Flaming Moe,6.9,6,2,3.0
2,Homer Simpson,475,22,11,Flaming Moe,6.9,69,11,6.2727272727272725
165,Lenny Leonard,475,22,11,Flaming Moe,6.9,59,5,11.8
9,Lisa Simpson,475,22,11,Flaming Moe,6.9,8,1,8.0
1,Marge Simpson,475,22,11,Flaming Moe,6.9,45,3,15.0
25,Milhouse Van Houten,475,22,11,Flaming Moe,6.9,3,1,3.0
17,Moe Szyslak,475,22,11,Flaming Moe,6.9,689,41,16.804878048780488
3,Seymour Skinner,475,22,11,Flaming Moe,6.9,231,22,10.5
14,Waylon Smithers,475,22,11,Flaming Moe,6.9,302,30,10.066666666666666
33,Announcer,476,22,12,Homer the Father,7.0,75,10,7.5
208,Apu Nahasapeemapetilon,476,22,12,Homer the Father,7.0,63,3,21.0
8,Bart Simpson,476,22,12,Homer the Father,7.0,420,41,10.24390243902439
404,Groundskeeper Willie,476,22,12,Homer the Father,7.0,36,3,12.0
2,Homer Simpson,476,22,12,Homer the Father,7.0,556,47,11.829787234042554
211,Kent Brockman,476,22,12,Homer the Father,7.0,29,2,14.5
9,Lisa Simpson,476,22,12,Homer the Father,7.0,41,6,6.833333333333333
1,Marge Simpson,476,22,12,Homer the Father,7.0,81,9,9.0
25,Milhouse Van Houten,476,22,12,Homer the Father,7.0,24,4,6.0
11,Ned Flanders,476,22,12,Homer the Father,7.0,5,1,5.0
33,Announcer,477,22,13,The Blue and the Gray,6.9,14,2,7.0
8,Bart Simpson,477,22,13,The Blue and the Gray,6.9,74,11,6.7272727272727275
15,C. Montgomery Burns,477,22,13,The Blue and the Gray,6.9,32,3,10.666666666666666
170,Carl Carlson,477,22,13,The Blue and the Gray,6.9,13,1,13.0
40,Edna Krabappel-Flanders,477,22,13,The Blue and the Gray,6.9,13,1,13.0
1078,Gary Chalmers,477,22,13,The Blue and the Gray,6.9,34,4,8.5
404,Groundskeeper Willie,477,22,13,The Blue and the Gray,6.9,27,2,13.5
2,Homer Simpson,477,22,13,The Blue and the Gray,6.9,353,32,11.03125
165,Lenny Leonard,477,22,13,The Blue and the Gray,6.9,59,5,11.8
9,Lisa Simpson,477,22,13,The Blue and the Gray,6.9,96,9,10.666666666666666
1,Marge Simpson,477,22,13,The Blue and the Gray,6.9,319,37,8.621621621621621
25,Milhouse Van Houten,477,22,13,The Blue and the Gray,6.9,47,3,15.666666666666666
17,Moe Szyslak,477,22,13,The Blue and the Gray,6.9,220,19,11.578947368421053
11,Ned Flanders,477,22,13,The Blue and the Gray,6.9,6,1,6.0
101,Nelson Muntz,477,22,13,The Blue and the Gray,6.9,11,1,11.0
3,Seymour Skinner,477,22,13,The Blue and the Gray,6.9,77,7,11.0
33,Announcer,478,22,14,Angry Dad: The Movie,7.2,22,3,7.333333333333333
8,Bart Simpson,478,22,14,Angry Dad: The Movie,7.2,365,30,12.166666666666666
2,Homer Simpson,478,22,14,Angry Dad: The Movie,7.2,408,37,11.027027027027026
165,Lenny Leonard,478,22,14,Angry Dad: The Movie,7.2,1,1,1.0
9,Lisa Simpson,478,22,14,Angry Dad: The Movie,7.2,131,10,13.1
1,Marge Simpson,478,22,14,Angry Dad: The Movie,7.2,47,5,9.4
8,Bart Simpson,479,22,15,The Scorpion's Tale,6.7,131,17,7.705882352941177
15,C. Montgomery Burns,479,22,15,The Scorpion's Tale,6.7,10,2,5.0
170,Carl Carlson,479,22,15,The Scorpion's Tale,6.7,36,3,12.0
1078,Gary Chalmers,479,22,15,The Scorpion's Tale,6.7,26,3,8.666666666666666
31,Grampa Simpson,479,22,15,The Scorpion's Tale,6.7,499,34,14.676470588235293
2,Homer Simpson,479,22,15,The Scorpion's Tale,6.7,276,27,10.222222222222221
165,Lenny Leonard,479,22,15,The Scorpion's Tale,6.7,27,4,6.75
9,Lisa Simpson,479,22,15,The Scorpion's Tale,6.7,255,24,10.625
1,Marge Simpson,479,22,15,The Scorpion's Tale,6.7,75,9,8.333333333333334
25,Milhouse Van Houten,479,22,15,The Scorpion's Tale,6.7,14,3,4.666666666666667
17,Moe Szyslak,479,22,15,The Scorpion's Tale,6.7,17,1,17.0
101,Nelson Muntz,479,22,15,The Scorpion's Tale,6.7,29,3,9.666666666666666
3,Seymour Skinner,479,22,15,The Scorpion's Tale,6.7,90,8,11.25
33,Announcer,480,22,16,A Midsummer's Nice Dream,6.1,6,1,6.0
8,Bart Simpson,480,22,16,A Midsummer's Nice Dream,6.1,95,7,13.571428571428571
15,C. Montgomery Burns,480,22,16,A Midsummer's Nice Dream,6.1,8,1,8.0
170,Carl Carlson,480,22,16,A Midsummer's Nice Dream,6.1,23,2,11.5
71,Chief Wiggum,480,22,16,A Midsummer's Nice Dream,6.1,23,4,5.75
1078,Gary Chalmers,480,22,16,A Midsummer's Nice Dream,6.1,14,3,4.666666666666667
31,Grampa Simpson,480,22,16,A Midsummer's Nice Dream,6.1,18,3,6.0
404,Groundskeeper Willie,480,22,16,A Midsummer's Nice Dream,6.1,1,1,1.0
2,Homer Simpson,480,22,16,A Midsummer's Nice Dream,6.1,494,57,8.666666666666666
211,Kent Brockman,480,22,16,A Midsummer's Nice Dream,6.1,137,7,19.571428571428573
139,Krusty the Clown,480,22,16,A Midsummer's Nice Dream,6.1,48,1,48.0
165,Lenny Leonard,480,22,16,A Midsummer's Nice Dream,6.1,20,2,10.0
9,Lisa Simpson,480,22,16,A Midsummer's Nice Dream,6.1,115,10,11.5
1,Marge Simpson,480,22,16,A Midsummer's Nice Dream,6.1,239,22,10.863636363636363
17,Moe Szyslak,480,22,16,A Midsummer's Nice Dream,6.1,10,2,5.0
3,Seymour Skinner,480,22,16,A Midsummer's Nice Dream,6.1,134,10,13.4
14,Waylon Smithers,480,22,16,A Midsummer's Nice Dream,6.1,5,1,5.0
8,Bart Simpson,481,22,17,Love Is a Many Strangled Thing,6.5,252,40,6.3
15,C. Montgomery Burns,481,22,17,Love Is a Many Strangled Thing,6.5,68,9,7.555555555555555
170,Carl Carlson,481,22,17,Love Is a Many Strangled Thing,6.5,30,2,15.0
40,Edna Krabappel-Flanders,481,22,17,Love Is a Many Strangled Thing,6.5,20,2,10.0
31,Grampa Simpson,481,22,17,Love Is a Many Strangled Thing,6.5,19,3,6.333333333333333
2,Homer Simpson,481,22,17,Love Is a Many Strangled Thing,6.5,603,65,9.276923076923078
211,Kent Brockman,481,22,17,Love Is a Many Strangled Thing,6.5,55,2,27.5
165,Lenny Leonard,481,22,17,Love Is a Many Strangled Thing,6.5,26,4,6.5
9,Lisa Simpson,481,22,17,Love Is a Many Strangled Thing,6.5,30,2,15.0
1,Marge Simpson,481,22,17,Love Is a Many Strangled Thing,6.5,289,28,10.321428571428571
17,Moe Szyslak,481,22,17,Love Is a Many Strangled Thing,6.5,49,3,16.333333333333332
8,Bart Simpson,482,22,18,The Great Simpsina,7.0,116,13,8.923076923076923
71,Chief Wiggum,482,22,18,The Great Simpsina,7.0,38,3,12.666666666666666
31,Grampa Simpson,482,22,18,The Great Simpsina,7.0,65,2,32.5
2,Homer Simpson,482,22,18,The Great Simpsina,7.0,206,17,12.117647058823529
9,Lisa Simpson,482,22,18,The Great Simpsina,7.0,450,55,8.181818181818182
1,Marge Simpson,482,22,18,The Great Simpsina,7.0,70,7,10.0
25,Milhouse Van Houten,482,22,18,The Great Simpsina,7.0,1,1,1.0
101,Nelson Muntz,482,22,18,The Great Simpsina,7.0,13,1,13.0
3,Seymour Skinner,482,22,18,The Great Simpsina,7.0,10,1,10.0
8,Bart Simpson,483,22,19,The Real Housewives of Fat Tony,6.6,241,29,8.310344827586206
170,Carl Carlson,483,22,19,The Real Housewives of Fat Tony,6.6,2,1,2.0
71,Chief Wiggum,483,22,19,The Real Housewives of Fat Tony,6.6,12,3,4.0
801,Comic Book Guy,483,22,19,The Real Housewives of Fat Tony,6.6,18,2,9.0
1078,Gary Chalmers,483,22,19,The Real Housewives of Fat Tony,6.6,1,1,1.0
404,Groundskeeper Willie,483,22,19,The Real Housewives of Fat Tony,6.6,6,1,6.0
2,Homer Simpson,483,22,19,The Real Housewives of Fat Tony,6.6,397,37,10.72972972972973
139,Krusty the Clown,483,22,19,The Real Housewives of Fat Tony,6.6,7,1,7.0
9,Lisa Simpson,483,22,19,The Real Housewives of Fat Tony,6.6,172,20,8.6
1,Marge Simpson,483,22,19,The Real Housewives of Fat Tony,6.6,241,25,9.64
3,Seymour Skinner,483,22,19,The Real Housewives of Fat Tony,6.6,6,1,6.0
8,Bart Simpson,484,22,20,Homer Scissorhands,7.2,125,15,8.333333333333334
71,Chief Wiggum,484,22,20,Homer Scissorhands,7.2,41,6,6.833333333333333
31,Grampa Simpson,484,22,20,Homer Scissorhands,7.2,6,1,6.0
2,Homer Simpson,484,22,20,Homer Scissorhands,7.2,521,49,10.63265306122449
165,Lenny Leonard,484,22,20,Homer Scissorhands,7.2,22,2,11.0
9,Lisa Simpson,484,22,20,Homer Scissorhands,7.2,238,21,11.333333333333334
1,Marge Simpson,484,22,20,Homer Scissorhands,7.2,135,11,12.272727272727273
25,Milhouse Van Houten,484,22,20,Homer Scissorhands,7.2,392,30,13.066666666666666
17,Moe Szyslak,484,22,20,Homer Scissorhands,7.2,15,5,3.0
11,Ned Flanders,484,22,20,Homer Scissorhands,7.2,18,2,9.0
3,Seymour Skinner,484,22,20,Homer Scissorhands,7.2,9,1,9.0
8,Bart Simpson,485,22,21,500 Keys,7.3,172,20,8.6
71,Chief Wiggum,485,22,21,500 Keys,7.3,62,9,6.888888888888889
332,Dr. Julius Hibbert,485,22,21,500 Keys,7.3,11,2,5.5
1078,Gary Chalmers,485,22,21,500 Keys,7.3,168,15,11.2
2,Homer Simpson,485,22,21,500 Keys,7.3,346,40,8.65
9,Lisa Simpson,485,22,21,500 Keys,7.3,383,42,9.119047619047619
1,Marge Simpson,485,22,21,500 Keys,7.3,150,18,8.333333333333334
240,Mayor Joe Quimby,485,22,21,500 Keys,7.3,25,1,25.0
25,Milhouse Van Houten,485,22,21,500 Keys,7.3,3,1,3.0
11,Ned Flanders,485,22,21,500 Keys,7.3,23,3,7.666666666666667
101,Nelson Muntz,485,22,21,500 Keys,7.3,166,11,15.090909090909092
140,Rev. Timothy Lovejoy,485,22,21,500 Keys,7.3,1,1,1.0
3,Seymour Skinner,485,22,21,500 Keys,7.3,265,24,11.041666666666666
8,Bart Simpson,486,22,22,The Ned-Liest Catch,7.0,183,25,7.32
170,Carl Carlson,486,22,22,The Ned-Liest Catch,7.0,6,2,3.0
801,Comic Book Guy,486,22,22,The Ned-Liest Catch,7.0,18,2,9.0
40,Edna Krabappel-Flanders,486,22,22,The Ned-Liest Catch,7.0,592,57,10.385964912280702
1078,Gary Chalmers,486,22,22,The Ned-Liest Catch,7.0,230,12,19.166666666666668
404,Groundskeeper Willie,486,22,22,The Ned-Liest Catch,7.0,5,1,5.0
2,Homer Simpson,486,22,22,The Ned-Liest Catch,7.0,466,39,11.948717948717949
9,Lisa Simpson,486,22,22,The Ned-Liest Catch,7.0,32,2,16.0
1,Marge Simpson,486,22,22,The Ned-Liest Catch,7.0,135,12,11.25
25,Milhouse Van Houten,486,22,22,The Ned-Liest Catch,7.0,10,1,10.0
17,Moe Szyslak,486,22,22,The Ned-Liest Catch,7.0,15,2,7.5
11,Ned Flanders,486,22,22,The Ned-Liest Catch,7.0,659,45,14.644444444444444
101,Nelson Muntz,486,22,22,The Ned-Liest Catch,7.0,11,3,3.6666666666666665
3,Seymour Skinner,486,22,22,The Ned-Liest Catch,7.0,150,12,12.5
33,Announcer,487,23,1,The Falcon and the D'ohman,7.2,10,1,10.0
8,Bart Simpson,487,23,1,The Falcon and the D'ohman,7.2,58,8,7.25
15,C. Montgomery Burns,487,23,1,The Falcon and the D'ohman,7.2,35,3,11.666666666666666
170,Carl Carlson,487,23,1,The Falcon and the D'ohman,7.2,23,2,11.5
801,Comic Book Guy,487,23,1,The Falcon and the D'ohman,7.2,48,1,48.0
40,Edna Krabappel-Flanders,487,23,1,The Falcon and the D'ohman,7.2,9,1,9.0
1078,Gary Chalmers,487,23,1,The Falcon and the D'ohman,7.2,2,1,2.0
31,Grampa Simpson,487,23,1,The Falcon and the D'ohman,7.2,36,1,36.0
2,Homer Simpson,487,23,1,The Falcon and the D'ohman,7.2,563,67,8.402985074626866
211,Kent Brockman,487,23,1,The Falcon and the D'ohman,7.2,45,3,15.0
165,Lenny Leonard,487,23,1,The Falcon and the D'ohman,7.2,29,3,9.666666666666666
9,Lisa Simpson,487,23,1,The Falcon and the D'ohman,7.2,11,2,5.5
1,Marge Simpson,487,23,1,The Falcon and the D'ohman,7.2,173,16,10.8125
17,Moe Szyslak,487,23,1,The Falcon and the D'ohman,7.2,78,7,11.142857142857142
11,Ned Flanders,487,23,1,The Falcon and the D'ohman,7.2,59,3,19.666666666666668
3,Seymour Skinner,487,23,1,The Falcon and the D'ohman,7.2,14,1,14.0
8,Bart Simpson,488,23,2,Bart Stops to Smell the Roosevelts,7.0,534,47,11.361702127659575
71,Chief Wiggum,488,23,2,Bart Stops to Smell the Roosevelts,7.0,50,3,16.666666666666668
40,Edna Krabappel-Flanders,488,23,2,Bart Stops to Smell the Roosevelts,7.0,55,8,6.875
1078,Gary Chalmers,488,23,2,Bart Stops to Smell the Roosevelts,7.0,573,49,11.693877551020408
31,Grampa Simpson,488,23,2,Bart Stops to Smell the Roosevelts,7.0,41,2,20.5
404,Groundskeeper Willie,488,23,2,Bart Stops to Smell the Roosevelts,7.0,30,3,10.0
2,Homer Simpson,488,23,2,Bart Stops to Smell the Roosevelts,7.0,202,15,13.466666666666667
211,Kent Brockman,488,23,2,Bart Stops to Smell the Roosevelts,7.0,23,2,11.5
9,Lisa Simpson,488,23,2,Bart Stops to Smell the Roosevelts,7.0,65,7,9.285714285714286
1,Marge Simpson,488,23,2,Bart Stops to Smell the Roosevelts,7.0,58,6,9.666666666666666
25,Milhouse Van Houten,488,23,2,Bart Stops to Smell the Roosevelts,7.0,35,5,7.0
101,Nelson Muntz,488,23,2,Bart Stops to Smell the Roosevelts,7.0,57,8,7.125
3,Seymour Skinner,488,23,2,Bart Stops to Smell the Roosevelts,7.0,312,25,12.48
8,Bart Simpson,489,23,3,Treehouse of Horror XXII,6.6,47,8,5.875
71,Chief Wiggum,489,23,3,Treehouse of Horror XXII,6.6,12,1,12.0
1078,Gary Chalmers,489,23,3,Treehouse of Horror XXII,6.6,134,12,11.166666666666666
31,Grampa Simpson,489,23,3,Treehouse of Horror XXII,6.6,7,1,7.0
2,Homer Simpson,489,23,3,Treehouse of Horror XXII,6.6,310,24,12.916666666666666
139,Krusty the Clown,489,23,3,Treehouse of Horror XXII,6.6,36,2,18.0
9,Lisa Simpson,489,23,3,Treehouse of Horror XXII,6.6,251,18,13.944444444444445
1,Marge Simpson,489,23,3,Treehouse of Horror XXII,6.6,90,11,8.181818181818182
17,Moe Szyslak,489,23,3,Treehouse of Horror XXII,6.6,24,1,24.0
11,Ned Flanders,489,23,3,Treehouse of Horror XXII,6.6,188,20,9.4
3,Seymour Skinner,489,23,3,Treehouse of Horror XXII,6.6,10,2,5.0
8,Bart Simpson,490,23,4,Replaceable You,6.7,199,23,8.652173913043478
15,C. Montgomery Burns,490,23,4,Replaceable You,6.7,59,8,7.375
170,Carl Carlson,490,23,4,Replaceable You,6.7,11,1,11.0
71,Chief Wiggum,490,23,4,Replaceable You,6.7,39,4,9.75
1078,Gary Chalmers,490,23,4,Replaceable You,6.7,6,2,3.0
31,Grampa Simpson,490,23,4,Replaceable You,6.7,67,5,13.4
2,Homer Simpson,490,23,4,Replaceable You,6.7,518,52,9.961538461538462
211,Kent Brockman,490,23,4,Replaceable You,6.7,69,3,23.0
165,Lenny Leonard,490,23,4,Replaceable You,6.7,31,2,15.5
9,Lisa Simpson,490,23,4,Replaceable You,6.7,102,9,11.333333333333334
1,Marge Simpson,490,23,4,Replaceable You,6.7,37,6,6.166666666666667
25,Milhouse Van Houten,490,23,4,Replaceable You,6.7,46,4,11.5
17,Moe Szyslak,490,23,4,Replaceable You,6.7,22,2,11.0
11,Ned Flanders,490,23,4,Replaceable You,6.7,140,10,14.0
101,Nelson Muntz,490,23,4,Replaceable You,6.7,4,1,4.0
3,Seymour Skinner,490,23,4,Replaceable You,6.7,60,3,20.0
14,Waylon Smithers,490,23,4,Replaceable You,6.7,15,2,7.5
8,Bart Simpson,491,23,5,The Food Wife,7.2,219,28,7.821428571428571
71,Chief Wiggum,491,23,5,The Food Wife,7.2,26,4,6.5
801,Comic Book Guy,491,23,5,The Food Wife,7.2,37,2,18.5
2,Homer Simpson,491,23,5,The Food Wife,7.2,643,58,11.086206896551724
139,Krusty the Clown,491,23,5,The Food Wife,7.2,31,2,15.5
9,Lisa Simpson,491,23,5,The Food Wife,7.2,190,28,6.785714285714286
1,Marge Simpson,491,23,5,The Food Wife,7.2,574,62,9.258064516129032
11,Ned Flanders,491,23,5,The Food Wife,7.2,31,3,10.333333333333334
140,Rev. Timothy Lovejoy,491,23,5,The Food Wife,7.2,25,1,25.0
208,Apu Nahasapeemapetilon,492,23,6,The Book Job,7.8,7,1,7.0
8,Bart Simpson,492,23,6,The Book Job,7.8,426,36,11.833333333333334
2,Homer Simpson,492,23,6,The Book Job,7.8,412,48,8.583333333333334
165,Lenny Leonard,492,23,6,The Book Job,7.8,18,1,18.0
9,Lisa Simpson,492,23,6,The Book Job,7.8,637,44,14.477272727272727
1,Marge Simpson,492,23,6,The Book Job,7.8,66,5,13.2
25,Milhouse Van Houten,492,23,6,The Book Job,7.8,6,1,6.0
17,Moe Szyslak,492,23,6,The Book Job,7.8,180,15,12.0
3,Seymour Skinner,492,23,6,The Book Job,7.8,191,17,11.235294117647058
8,Bart Simpson,493,23,7,The Man in the Blue Flannel Pants,6.8,188,21,8.952380952380953
15,C. Montgomery Burns,493,23,7,The Man in the Blue Flannel Pants,6.8,291,23,12.652173913043478
170,Carl Carlson,493,23,7,The Man in the Blue Flannel Pants,6.8,22,3,7.333333333333333
332,Dr. Julius Hibbert,493,23,7,The Man in the Blue Flannel Pants,6.8,7,1,7.0
2,Homer Simpson,493,23,7,The Man in the Blue Flannel Pants,6.8,661,67,9.865671641791044
139,Krusty the Clown,493,23,7,The Man in the Blue Flannel Pants,6.8,140,16,8.75
165,Lenny Leonard,493,23,7,The Man in the Blue Flannel Pants,6.8,13,1,13.0
9,Lisa Simpson,493,23,7,The Man in the Blue Flannel Pants,6.8,98,14,7.0
1,Marge Simpson,493,23,7,The Man in the Blue Flannel Pants,6.8,234,27,8.666666666666666
240,Mayor Joe Quimby,493,23,7,The Man in the Blue Flannel Pants,6.8,26,2,13.0
25,Milhouse Van Houten,493,23,7,The Man in the Blue Flannel Pants,6.8,18,2,9.0
11,Ned Flanders,493,23,7,The Man in the Blue Flannel Pants,6.8,1,1,1.0
101,Nelson Muntz,493,23,7,The Man in the Blue Flannel Pants,6.8,10,1,10.0
14,Waylon Smithers,493,23,7,The Man in the Blue Flannel Pants,6.8,27,2,13.5
8,Bart Simpson,494,23,8,The Ten-Per-Cent Solution,6.2,83,11,7.545454545454546
2,Homer Simpson,494,23,8,The Ten-Per-Cent Solution,6.2,142,16,8.875
139,Krusty the Clown,494,23,8,The Ten-Per-Cent Solution,6.2,892,73,12.219178082191782
9,Lisa Simpson,494,23,8,The Ten-Per-Cent Solution,6.2,122,9,13.555555555555555
1,Marge Simpson,494,23,8,The Ten-Per-Cent Solution,6.2,91,8,11.375
17,Moe Szyslak,494,23,8,The Ten-Per-Cent Solution,6.2,31,1,31.0
208,Apu Nahasapeemapetilon,495,23,9,Holidays of Future Passed,8.2,36,5,7.2
8,Bart Simpson,495,23,9,Holidays of Future Passed,8.2,419,51,8.215686274509803
332,Dr. Julius Hibbert,495,23,9,Holidays of Future Passed,8.2,22,3,7.333333333333333
31,Grampa Simpson,495,23,9,Holidays of Future Passed,8.2,88,6,14.666666666666666
2,Homer Simpson,495,23,9,Holidays of Future Passed,8.2,291,26,11.192307692307692
9,Lisa Simpson,495,23,9,Holidays of Future Passed,8.2,364,38,9.578947368421053
1,Marge Simpson,495,23,9,Holidays of Future Passed,8.2,193,20,9.65
17,Moe Szyslak,495,23,9,Holidays of Future Passed,8.2,16,1,16.0
11,Ned Flanders,495,23,9,Holidays of Future Passed,8.2,16,2,8.0
208,Apu Nahasapeemapetilon,496,23,10,"Politically Inept, with Homer Simpson",6.1,22,3,7.333333333333333
8,Bart Simpson,496,23,10,"Politically Inept, with Homer Simpson",6.1,105,12,8.75
15,C. Montgomery Burns,496,23,10,"Politically Inept, with Homer Simpson",6.1,22,2,11.0
170,Carl Carlson,496,23,10,"Politically Inept, with Homer Simpson",6.1,9,1,9.0
2,Homer Simpson,496,23,10,"Politically Inept, with Homer Simpson",6.1,1296,100,12.96
211,Kent Brockman,496,23,10,"Politically Inept, with Homer Simpson",6.1,50,1,50.0
165,Lenny Leonard,496,23,10,"Politically Inept, with Homer Simpson",6.1,14,1,14.0
9,Lisa Simpson,496,23,10,"Politically Inept, with Homer Simpson",6.1,170,19,8.947368421052632
1,Marge Simpson,496,23,10,"Politically Inept, with Homer Simpson",6.1,166,18,9.222222222222221
17,Moe Szyslak,496,23,10,"Politically Inept, with Homer Simpson",6.1,8,1,8.0
11,Ned Flanders,496,23,10,"Politically Inept, with Homer Simpson",6.1,32,3,10.666666666666666
8,Bart Simpson,497,23,11,The D'oh-cial Network,7.0,100,11,9.090909090909092
170,Carl Carlson,497,23,11,The D'oh-cial Network,7.0,3,1,3.0
801,Comic Book Guy,497,23,11,The D'oh-cial Network,7.0,5,1,5.0
1078,Gary Chalmers,497,23,11,The D'oh-cial Network,7.0,19,3,6.333333333333333
31,Grampa Simpson,497,23,11,The D'oh-cial Network,7.0,23,5,4.6
2,Homer Simpson,497,23,11,The D'oh-cial Network,7.0,373,39,9.564102564102564
165,Lenny Leonard,497,23,11,The D'oh-cial Network,7.0,146,8,18.25
9,Lisa Simpson,497,23,11,The D'oh-cial Network,7.0,374,37,10.108108108108109
1,Marge Simpson,497,23,11,The D'oh-cial Network,7.0,133,16,8.3125
25,Milhouse Van Houten,497,23,11,The D'oh-cial Network,7.0,19,2,9.5
101,Nelson Muntz,497,23,11,The D'oh-cial Network,7.0,34,4,8.5
140,Rev. Timothy Lovejoy,497,23,11,The D'oh-cial Network,7.0,45,3,15.0
3,Seymour Skinner,497,23,11,The D'oh-cial Network,7.0,45,6,7.5
8,Bart Simpson,498,23,12,Moe Goes from Rags to Riches,5.7,199,21,9.476190476190476
170,Carl Carlson,498,23,12,Moe Goes from Rags to Riches,5.7,6,1,6.0
71,Chief Wiggum,498,23,12,Moe Goes from Rags to Riches,5.7,55,5,11.0
801,Comic Book Guy,498,23,12,Moe Goes from Rags to Riches,5.7,3,1,3.0
2,Homer Simpson,498,23,12,Moe Goes from Rags to Riches,5.7,34,6,5.666666666666667
165,Lenny Leonard,498,23,12,Moe Goes from Rags to Riches,5.7,50,4,12.5
9,Lisa Simpson,498,23,12,Moe Goes from Rags to Riches,5.7,46,4,11.5
1,Marge Simpson,498,23,12,Moe Goes from Rags to Riches,5.7,64,5,12.8
240,Mayor Joe Quimby,498,23,12,Moe Goes from Rags to Riches,5.7,36,3,12.0
25,Milhouse Van Houten,498,23,12,Moe Goes from Rags to Riches,5.7,126,19,6.631578947368421
17,Moe Szyslak,498,23,12,Moe Goes from Rags to Riches,5.7,165,15,11.0
11,Ned Flanders,498,23,12,Moe Goes from Rags to Riches,5.7,10,1,10.0
33,Announcer,499,23,13,The Daughter Also Rises,6.5,15,1,15.0
8,Bart Simpson,499,23,13,The Daughter Also Rises,6.5,215,19,11.31578947368421
71,Chief Wiggum,499,23,13,The Daughter Also Rises,6.5,27,2,13.5
31,Grampa Simpson,499,23,13,The Daughter Also Rises,6.5,132,14,9.428571428571429
404,Groundskeeper Willie,499,23,13,The Daughter Also Rises,6.5,41,1,41.0
2,Homer Simpson,499,23,13,The Daughter Also Rises,6.5,167,15,11.133333333333333
9,Lisa Simpson,499,23,13,The Daughter Also Rises,6.5,295,29,10.172413793103448
1,Marge Simpson,499,23,13,The Daughter Also Rises,6.5,291,26,11.192307692307692
25,Milhouse Van Houten,499,23,13,The Daughter Also Rises,6.5,104,9,11.555555555555555
17,Moe Szyslak,499,23,13,The Daughter Also Rises,6.5,18,2,9.0
101,Nelson Muntz,499,23,13,The Daughter Also Rises,6.5,35,5,7.0
3,Seymour Skinner,499,23,13,The Daughter Also Rises,6.5,8,1,8.0
8,Bart Simpson,500,23,14,At Long Last Leave,7.0,96,16,6.0
15,C. Montgomery Burns,500,23,14,At Long Last Leave,7.0,16,3,5.333333333333333
170,Carl Carlson,500,23,14,At Long Last Leave,7.0,22,4,5.5
71,Chief Wiggum,500,23,14,At Long Last Leave,7.0,114,8,14.25
801,Comic Book Guy,500,23,14,At Long Last Leave,7.0,7,1,7.0
332,Dr. Julius Hibbert,500,23,14,At Long Last Leave,7.0,2,1,2.0
1078,Gary Chalmers,500,23,14,At Long Last Leave,7.0,17,1,17.0
31,Grampa Simpson,500,23,14,At Long Last Leave,7.0,10,1,10.0
2,Homer Simpson,500,23,14,At Long Last Leave,7.0,566,60,9.433333333333334
211,Kent Brockman,500,23,14,At Long Last Leave,7.0,115,7,16.428571428571427
139,Krusty the Clown,500,23,14,At Long Last Leave,7.0,5,1,5.0
165,Lenny Leonard,500,23,14,At Long Last Leave,7.0,51,4,12.75
9,Lisa Simpson,500,23,14,At Long Last Leave,7.0,159,12,13.25
1,Marge Simpson,500,23,14,At Long Last Leave,7.0,310,27,11.481481481481481
240,Mayor Joe Quimby,500,23,14,At Long Last Leave,7.0,269,22,12.227272727272727
17,Moe Szyslak,500,23,14,At Long Last Leave,7.0,36,4,9.0
11,Ned Flanders,500,23,14,At Long Last Leave,7.0,38,3,12.666666666666666
140,Rev. Timothy Lovejoy,500,23,14,At Long Last Leave,7.0,8,1,8.0
3,Seymour Skinner,500,23,14,At Long Last Leave,7.0,32,5,6.4
153,Sideshow Bob,500,23,14,At Long Last Leave,7.0,6,1,6.0
14,Waylon Smithers,500,23,14,At Long Last Leave,7.0,9,1,9.0
208,Apu Nahasapeemapetilon,501,23,15,Exit Through the Kwik-E-Mart,6.9,164,16,10.25
8,Bart Simpson,501,23,15,Exit Through the Kwik-E-Mart,6.9,417,44,9.477272727272727
15,C. Montgomery Burns,501,23,15,Exit Through the Kwik-E-Mart,6.9,14,1,14.0
170,Carl Carlson,501,23,15,Exit Through the Kwik-E-Mart,6.9,15,1,15.0
71,Chief Wiggum,501,23,15,Exit Through the Kwik-E-Mart,6.9,184,11,16.727272727272727
31,Grampa Simpson,501,23,15,Exit Through the Kwik-E-Mart,6.9,13,1,13.0
2,Homer Simpson,501,23,15,Exit Through the Kwik-E-Mart,6.9,603,62,9.725806451612904
211,Kent Brockman,501,23,15,Exit Through the Kwik-E-Mart,6.9,31,2,15.5
165,Lenny Leonard,501,23,15,Exit Through the Kwik-E-Mart,6.9,10,1,10.0
9,Lisa Simpson,501,23,15,Exit Through the Kwik-E-Mart,6.9,107,13,8.23076923076923
1,Marge Simpson,501,23,15,Exit Through the Kwik-E-Mart,6.9,126,13,9.692307692307692
25,Milhouse Van Houten,501,23,15,Exit Through the Kwik-E-Mart,6.9,74,8,9.25
17,Moe Szyslak,501,23,15,Exit Through the Kwik-E-Mart,6.9,35,2,17.5
101,Nelson Muntz,501,23,15,Exit Through the Kwik-E-Mart,6.9,7,2,3.5
14,Waylon Smithers,501,23,15,Exit Through the Kwik-E-Mart,6.9,9,1,9.0
208,Apu Nahasapeemapetilon,502,23,16,How I Wet Your Mother,7.3,10,1,10.0
8,Bart Simpson,502,23,16,How I Wet Your Mother,7.3,96,11,8.727272727272727
15,C. Montgomery Burns,502,23,16,How I Wet Your Mother,7.3,119,10,11.9
170,Carl Carlson,502,23,16,How I Wet Your Mother,7.3,46,5,9.2
71,Chief Wiggum,502,23,16,How I Wet Your Mother,7.3,17,2,8.5
31,Grampa Simpson,502,23,16,How I Wet Your Mother,7.3,77,6,12.833333333333334
2,Homer Simpson,502,23,16,How I Wet Your Mother,7.3,698,72,9.694444444444445
165,Lenny Leonard,502,23,16,How I Wet Your Mother,7.3,49,5,9.8
9,Lisa Simpson,502,23,16,How I Wet Your Mother,7.3,49,8,6.125
1,Marge Simpson,502,23,16,How I Wet Your Mother,7.3,199,26,7.653846153846154
17,Moe Szyslak,502,23,16,How I Wet Your Mother,7.3,15,1,15.0
11,Ned Flanders,502,23,16,How I Wet Your Mother,7.3,3,1,3.0
14,Waylon Smithers,502,23,16,How I Wet Your Mother,7.3,6,1,6.0
8,Bart Simpson,503,23,17,"Them, Robot",7.1,51,7,7.285714285714286
15,C. Montgomery Burns,503,23,17,"Them, Robot",7.1,317,33,9.606060606060606
170,Carl Carlson,503,23,17,"Them, Robot",7.1,21,5,4.2
332,Dr. Julius Hibbert,503,23,17,"Them, Robot",7.1,36,4,9.0
31,Grampa Simpson,503,23,17,"Them, Robot",7.1,19,2,9.5
2,Homer Simpson,503,23,17,"Them, Robot",7.1,899,79,11.379746835443038
165,Lenny Leonard,503,23,17,"Them, Robot",7.1,105,14,7.5
9,Lisa Simpson,503,23,17,"Them, Robot",7.1,41,6,6.833333333333333
1,Marge Simpson,503,23,17,"Them, Robot",7.1,87,15,5.8
25,Milhouse Van Houten,503,23,17,"Them, Robot",7.1,9,1,9.0
17,Moe Szyslak,503,23,17,"Them, Robot",7.1,81,7,11.571428571428571
11,Ned Flanders,503,23,17,"Them, Robot",7.1,26,2,13.0
14,Waylon Smithers,503,23,17,"Them, Robot",7.1,89,9,9.88888888888889
8,Bart Simpson,504,23,18,Beware My Cheating Bart,7.1,309,39,7.923076923076923
170,Carl Carlson,504,23,18,Beware My Cheating Bart,7.1,44,4,11.0
71,Chief Wiggum,504,23,18,Beware My Cheating Bart,7.1,4,1,4.0
801,Comic Book Guy,504,23,18,Beware My Cheating Bart,7.1,77,6,12.833333333333334
31,Grampa Simpson,504,23,18,Beware My Cheating Bart,7.1,36,5,7.2
2,Homer Simpson,504,23,18,Beware My Cheating Bart,7.1,428,55,7.781818181818182
165,Lenny Leonard,504,23,18,Beware My Cheating Bart,7.1,31,3,10.333333333333334
9,Lisa Simpson,504,23,18,Beware My Cheating Bart,7.1,101,7,14.428571428571429
1,Marge Simpson,504,23,18,Beware My Cheating Bart,7.1,222,19,11.68421052631579
25,Milhouse Van Houten,504,23,18,Beware My Cheating Bart,7.1,8,2,4.0
17,Moe Szyslak,504,23,18,Beware My Cheating Bart,7.1,12,2,6.0
33,Announcer,505,23,19,A Totally Fun Thing That Bart Will Never Do Again,7.4,36,4,9.0
8,Bart Simpson,505,23,19,A Totally Fun Thing That Bart Will Never Do Again,7.4,622,49,12.693877551020408
2,Homer Simpson,505,23,19,A Totally Fun Thing That Bart Will Never Do Again,7.4,324,27,12.0
9,Lisa Simpson,505,23,19,A Totally Fun Thing That Bart Will Never Do Again,7.4,249,17,14.647058823529411
1,Marge Simpson,505,23,19,A Totally Fun Thing That Bart Will Never Do Again,7.4,268,24,11.166666666666666
25,Milhouse Van Houten,505,23,19,A Totally Fun Thing That Bart Will Never Do Again,7.4,10,1,10.0
17,Moe Szyslak,505,23,19,A Totally Fun Thing That Bart Will Never Do Again,7.4,11,1,11.0
8,Bart Simpson,506,23,20,The Spy Who Learned Me,6.9,65,9,7.222222222222222
15,C. Montgomery Burns,506,23,20,The Spy Who Learned Me,6.9,69,7,9.857142857142858
170,Carl Carlson,506,23,20,The Spy Who Learned Me,6.9,17,4,4.25
71,Chief Wiggum,506,23,20,The Spy Who Learned Me,6.9,11,2,5.5
332,Dr. Julius Hibbert,506,23,20,The Spy Who Learned Me,6.9,9,1,9.0
40,Edna Krabappel-Flanders,506,23,20,The Spy Who Learned Me,6.9,39,2,19.5
1078,Gary Chalmers,506,23,20,The Spy Who Learned Me,6.9,29,1,29.0
31,Grampa Simpson,506,23,20,The Spy Who Learned Me,6.9,11,1,11.0
2,Homer Simpson,506,23,20,The Spy Who Learned Me,6.9,632,55,11.49090909090909
211,Kent Brockman,506,23,20,The Spy Who Learned Me,6.9,26,1,26.0
139,Krusty the Clown,506,23,20,The Spy Who Learned Me,6.9,93,10,9.3
165,Lenny Leonard,506,23,20,The Spy Who Learned Me,6.9,112,8,14.0
9,Lisa Simpson,506,23,20,The Spy Who Learned Me,6.9,82,10,8.2
1,Marge Simpson,506,23,20,The Spy Who Learned Me,6.9,185,19,9.736842105263158
25,Milhouse Van Houten,506,23,20,The Spy Who Learned Me,6.9,9,1,9.0
17,Moe Szyslak,506,23,20,The Spy Who Learned Me,6.9,41,3,13.666666666666666
101,Nelson Muntz,506,23,20,The Spy Who Learned Me,6.9,123,17,7.235294117647059
3,Seymour Skinner,506,23,20,The Spy Who Learned Me,6.9,32,2,16.0
14,Waylon Smithers,506,23,20,The Spy Who Learned Me,6.9,35,3,11.666666666666666
8,Bart Simpson,507,23,21,Ned 'n Edna's Blend,6.7,146,16,9.125
170,Carl Carlson,507,23,21,Ned 'n Edna's Blend,6.7,13,1,13.0
71,Chief Wiggum,507,23,21,Ned 'n Edna's Blend,6.7,46,4,11.5
332,Dr. Julius Hibbert,507,23,21,Ned 'n Edna's Blend,6.7,6,1,6.0
40,Edna Krabappel-Flanders,507,23,21,Ned 'n Edna's Blend,6.7,259,29,8.931034482758621
1078,Gary Chalmers,507,23,21,Ned 'n Edna's Blend,6.7,11,1,11.0
31,Grampa Simpson,507,23,21,Ned 'n Edna's Blend,6.7,2,1,2.0
2,Homer Simpson,507,23,21,Ned 'n Edna's Blend,6.7,422,50,8.44
211,Kent Brockman,507,23,21,Ned 'n Edna's Blend,6.7,19,1,19.0
139,Krusty the Clown,507,23,21,Ned 'n Edna's Blend,6.7,2,1,2.0
165,Lenny Leonard,507,23,21,Ned 'n Edna's Blend,6.7,36,3,12.0
9,Lisa Simpson,507,23,21,Ned 'n Edna's Blend,6.7,137,11,12.454545454545455
1,Marge Simpson,507,23,21,Ned 'n Edna's Blend,6.7,228,28,8.142857142857142
25,Milhouse Van Houten,507,23,21,Ned 'n Edna's Blend,6.7,21,2,10.5
17,Moe Szyslak,507,23,21,Ned 'n Edna's Blend,6.7,29,3,9.666666666666666
11,Ned Flanders,507,23,21,Ned 'n Edna's Blend,6.7,514,36,14.277777777777779
101,Nelson Muntz,507,23,21,Ned 'n Edna's Blend,6.7,13,2,6.5
140,Rev. Timothy Lovejoy,507,23,21,Ned 'n Edna's Blend,6.7,37,4,9.25
3,Seymour Skinner,507,23,21,Ned 'n Edna's Blend,6.7,103,7,14.714285714285714
33,Announcer,508,23,22,Lisa Goes Gaga,4.5,38,1,38.0
8,Bart Simpson,508,23,22,Lisa Goes Gaga,4.5,132,12,11.0
71,Chief Wiggum,508,23,22,Lisa Goes Gaga,4.5,23,2,11.5
801,Comic Book Guy,508,23,22,Lisa Goes Gaga,4.5,11,1,11.0
31,Grampa Simpson,508,23,22,Lisa Goes Gaga,4.5,7,2,3.5
2,Homer Simpson,508,23,22,Lisa Goes Gaga,4.5,284,18,15.777777777777779
211,Kent Brockman,508,23,22,Lisa Goes Gaga,4.5,47,1,47.0
165,Lenny Leonard,508,23,22,Lisa Goes Gaga,4.5,10,1,10.0
9,Lisa Simpson,508,23,22,Lisa Goes Gaga,4.5,546,52,10.5
1,Marge Simpson,508,23,22,Lisa Goes Gaga,4.5,134,9,14.88888888888889
25,Milhouse Van Houten,508,23,22,Lisa Goes Gaga,4.5,78,4,19.5
17,Moe Szyslak,508,23,22,Lisa Goes Gaga,4.5,35,6,5.833333333333333
11,Ned Flanders,508,23,22,Lisa Goes Gaga,4.5,75,5,15.0
101,Nelson Muntz,508,23,22,Lisa Goes Gaga,4.5,19,2,9.5
3,Seymour Skinner,508,23,22,Lisa Goes Gaga,4.5,61,5,12.2
8,Bart Simpson,509,24,1,Moonshine River,6.4,512,52,9.846153846153847
71,Chief Wiggum,509,24,1,Moonshine River,6.4,10,2,5.0
40,Edna Krabappel-Flanders,509,24,1,Moonshine River,6.4,15,1,15.0
2,Homer Simpson,509,24,1,Moonshine River,6.4,464,40,11.6
211,Kent Brockman,509,24,1,Moonshine River,6.4,39,2,19.5
9,Lisa Simpson,509,24,1,Moonshine River,6.4,210,21,10.0
1,Marge Simpson,509,24,1,Moonshine River,6.4,120,12,10.0
240,Mayor Joe Quimby,509,24,1,Moonshine River,6.4,38,2,19.0
25,Milhouse Van Houten,509,24,1,Moonshine River,6.4,64,8,8.0
17,Moe Szyslak,509,24,1,Moonshine River,6.4,30,2,15.0
11,Ned Flanders,509,24,1,Moonshine River,6.4,6,1,6.0
8,Bart Simpson,510,24,2,Treehouse of Horror XXIII,7.3,186,20,9.3
71,Chief Wiggum,510,24,2,Treehouse of Horror XXIII,7.3,44,4,11.0
801,Comic Book Guy,510,24,2,Treehouse of Horror XXIII,7.3,18,1,18.0
404,Groundskeeper Willie,510,24,2,Treehouse of Horror XXIII,7.3,11,2,5.5
2,Homer Simpson,510,24,2,Treehouse of Horror XXIII,7.3,463,59,7.8474576271186445
165,Lenny Leonard,510,24,2,Treehouse of Horror XXIII,7.3,8,1,8.0
9,Lisa Simpson,510,24,2,Treehouse of Horror XXIII,7.3,188,22,8.545454545454545
1,Marge Simpson,510,24,2,Treehouse of Horror XXIII,7.3,204,25,8.16
240,Mayor Joe Quimby,510,24,2,Treehouse of Horror XXIII,7.3,53,4,13.25
25,Milhouse Van Houten,510,24,2,Treehouse of Horror XXIII,7.3,8,1,8.0
11,Ned Flanders,510,24,2,Treehouse of Horror XXIII,7.3,5,1,5.0
101,Nelson Muntz,510,24,2,Treehouse of Horror XXIII,7.3,9,4,2.25
8,Bart Simpson,511,24,3,Adventures in Baby-Getting,6.9,216,19,11.368421052631579
170,Carl Carlson,511,24,3,Adventures in Baby-Getting,6.9,12,1,12.0
71,Chief Wiggum,511,24,3,Adventures in Baby-Getting,6.9,31,3,10.333333333333334
801,Comic Book Guy,511,24,3,Adventures in Baby-Getting,6.9,36,2,18.0
332,Dr. Julius Hibbert,511,24,3,Adventures in Baby-Getting,6.9,11,2,5.5
2,Homer Simpson,511,24,3,Adventures in Baby-Getting,6.9,696,65,10.707692307692307
211,Kent Brockman,511,24,3,Adventures in Baby-Getting,6.9,21,2,10.5
165,Lenny Leonard,511,24,3,Adventures in Baby-Getting,6.9,9,2,4.5
9,Lisa Simpson,511,24,3,Adventures in Baby-Getting,6.9,86,10,8.6
1,Marge Simpson,511,24,3,Adventures in Baby-Getting,6.9,598,58,10.310344827586206
240,Mayor Joe Quimby,511,24,3,Adventures in Baby-Getting,6.9,22,1,22.0
25,Milhouse Van Houten,511,24,3,Adventures in Baby-Getting,6.9,103,13,7.923076923076923
17,Moe Szyslak,511,24,3,Adventures in Baby-Getting,6.9,62,5,12.4
101,Nelson Muntz,511,24,3,Adventures in Baby-Getting,6.9,14,3,4.666666666666667
3,Seymour Skinner,511,24,3,Adventures in Baby-Getting,6.9,106,9,11.777777777777779
8,Bart Simpson,512,24,4,Gone Abie Gone,6.7,146,13,11.23076923076923
170,Carl Carlson,512,24,4,Gone Abie Gone,6.7,37,2,18.5
31,Grampa Simpson,512,24,4,Gone Abie Gone,6.7,308,17,18.11764705882353
2,Homer Simpson,512,24,4,Gone Abie Gone,6.7,623,63,9.88888888888889
139,Krusty the Clown,512,24,4,Gone Abie Gone,6.7,11,2,5.5
165,Lenny Leonard,512,24,4,Gone Abie Gone,6.7,51,3,17.0
9,Lisa Simpson,512,24,4,Gone Abie Gone,6.7,285,31,9.193548387096774
1,Marge Simpson,512,24,4,Gone Abie Gone,6.7,174,22,7.909090909090909
25,Milhouse Van Houten,512,24,4,Gone Abie Gone,6.7,14,2,7.0
17,Moe Szyslak,512,24,4,Gone Abie Gone,6.7,67,3,22.333333333333332
11,Ned Flanders,512,24,4,Gone Abie Gone,6.7,7,1,7.0
140,Rev. Timothy Lovejoy,512,24,4,Gone Abie Gone,6.7,8,2,4.0
33,Announcer,513,24,5,Penny-Wiseguys,6.3,25,2,12.5
208,Apu Nahasapeemapetilon,513,24,5,Penny-Wiseguys,6.3,8,1,8.0
8,Bart Simpson,513,24,5,Penny-Wiseguys,6.3,83,10,8.3
170,Carl Carlson,513,24,5,Penny-Wiseguys,6.3,11,1,11.0
71,Chief Wiggum,513,24,5,Penny-Wiseguys,6.3,36,3,12.0
332,Dr. Julius Hibbert,513,24,5,Penny-Wiseguys,6.3,54,4,13.5
404,Groundskeeper Willie,513,24,5,Penny-Wiseguys,6.3,5,1,5.0
2,Homer Simpson,513,24,5,Penny-Wiseguys,6.3,435,45,9.666666666666666
165,Lenny Leonard,513,24,5,Penny-Wiseguys,6.3,17,1,17.0
9,Lisa Simpson,513,24,5,Penny-Wiseguys,6.3,168,25,6.72
1,Marge Simpson,513,24,5,Penny-Wiseguys,6.3,19,5,3.8
25,Milhouse Van Houten,513,24,5,Penny-Wiseguys,6.3,10,1,10.0
17,Moe Szyslak,513,24,5,Penny-Wiseguys,6.3,147,11,13.363636363636363
11,Ned Flanders,513,24,5,Penny-Wiseguys,6.3,8,2,4.0
140,Rev. Timothy Lovejoy,513,24,5,Penny-Wiseguys,6.3,29,2,14.5
33,Announcer,514,24,6,A Tree Grows in Springfield,6.5,14,1,14.0
208,Apu Nahasapeemapetilon,514,24,6,A Tree Grows in Springfield,6.5,2,1,2.0
8,Bart Simpson,514,24,6,A Tree Grows in Springfield,6.5,53,8,6.625
15,C. Montgomery Burns,514,24,6,A Tree Grows in Springfield,6.5,13,3,4.333333333333333
170,Carl Carlson,514,24,6,A Tree Grows in Springfield,6.5,11,1,11.0
71,Chief Wiggum,514,24,6,A Tree Grows in Springfield,6.5,41,3,13.666666666666666
332,Dr. Julius Hibbert,514,24,6,A Tree Grows in Springfield,6.5,26,2,13.0
40,Edna Krabappel-Flanders,514,24,6,A Tree Grows in Springfield,6.5,12,1,12.0
1078,Gary Chalmers,514,24,6,A Tree Grows in Springfield,6.5,8,1,8.0
404,Groundskeeper Willie,514,24,6,A Tree Grows in Springfield,6.5,5,1,5.0
2,Homer Simpson,514,24,6,A Tree Grows in Springfield,6.5,728,62,11.741935483870968
211,Kent Brockman,514,24,6,A Tree Grows in Springfield,6.5,201,10,20.1
139,Krusty the Clown,514,24,6,A Tree Grows in Springfield,6.5,15,2,7.5
165,Lenny Leonard,514,24,6,A Tree Grows in Springfield,6.5,20,2,10.0
9,Lisa Simpson,514,24,6,A Tree Grows in Springfield,6.5,47,8,5.875
1,Marge Simpson,514,24,6,A Tree Grows in Springfield,6.5,213,19,11.210526315789474
17,Moe Szyslak,514,24,6,A Tree Grows in Springfield,6.5,152,12,12.666666666666666
11,Ned Flanders,514,24,6,A Tree Grows in Springfield,6.5,107,8,13.375
140,Rev. Timothy Lovejoy,514,24,6,A Tree Grows in Springfield,6.5,42,3,14.0
3,Seymour Skinner,514,24,6,A Tree Grows in Springfield,6.5,70,7,10.0
8,Bart Simpson,515,24,7,The Day the Earth Stood Cool,7.2,189,16,11.8125
15,C. Montgomery Burns,515,24,7,The Day the Earth Stood Cool,7.2,74,6,12.333333333333334
170,Carl Carlson,515,24,7,The Day the Earth Stood Cool,7.2,3,1,3.0
71,Chief Wiggum,515,24,7,The Day the Earth Stood Cool,7.2,54,8,6.75
40,Edna Krabappel-Flanders,515,24,7,The Day the Earth Stood Cool,7.2,10,1,10.0
2,Homer Simpson,515,24,7,The Day the Earth Stood Cool,7.2,924,79,11.69620253164557
165,Lenny Leonard,515,24,7,The Day the Earth Stood Cool,7.2,26,2,13.0
9,Lisa Simpson,515,24,7,The Day the Earth Stood Cool,7.2,84,8,10.5
1,Marge Simpson,515,24,7,The Day the Earth Stood Cool,7.2,380,34,11.176470588235293
17,Moe Szyslak,515,24,7,The Day the Earth Stood Cool,7.2,13,1,13.0
11,Ned Flanders,515,24,7,The Day the Earth Stood Cool,7.2,35,3,11.666666666666666
101,Nelson Muntz,515,24,7,The Day the Earth Stood Cool,7.2,1,1,1.0
208,Apu Nahasapeemapetilon,516,24,8,To Cur with Love,7.2,40,3,13.333333333333334
8,Bart Simpson,516,24,8,To Cur with Love,7.2,123,16,7.6875
15,C. Montgomery Burns,516,24,8,To Cur with Love,7.2,302,23,13.130434782608695
170,Carl Carlson,516,24,8,To Cur with Love,7.2,10,1,10.0
71,Chief Wiggum,516,24,8,To Cur with Love,7.2,46,5,9.2
31,Grampa Simpson,516,24,8,To Cur with Love,7.2,642,58,11.068965517241379
2,Homer Simpson,516,24,8,To Cur with Love,7.2,642,66,9.727272727272727
211,Kent Brockman,516,24,8,To Cur with Love,7.2,70,4,17.5
139,Krusty the Clown,516,24,8,To Cur with Love,7.2,40,3,13.333333333333334
9,Lisa Simpson,516,24,8,To Cur with Love,7.2,135,11,12.272727272727273
1,Marge Simpson,516,24,8,To Cur with Love,7.2,115,14,8.214285714285714
14,Waylon Smithers,516,24,8,To Cur with Love,7.2,41,5,8.2
8,Bart Simpson,517,24,9,Homer Goes to Prep School,6.9,147,17,8.647058823529411
170,Carl Carlson,517,24,9,Homer Goes to Prep School,6.9,12,2,6.0
71,Chief Wiggum,517,24,9,Homer Goes to Prep School,6.9,6,2,3.0
1078,Gary Chalmers,517,24,9,Homer Goes to Prep School,6.9,91,12,7.583333333333333
2,Homer Simpson,517,24,9,Homer Goes to Prep School,6.9,770,81,9.506172839506172
211,Kent Brockman,517,24,9,Homer Goes to Prep School,6.9,32,2,16.0
165,Lenny Leonard,517,24,9,Homer Goes to Prep School,6.9,6,3,2.0
9,Lisa Simpson,517,24,9,Homer Goes to Prep School,6.9,100,9,11.11111111111111
1,Marge Simpson,517,24,9,Homer Goes to Prep School,6.9,277,27,10.25925925925926
240,Mayor Joe Quimby,517,24,9,Homer Goes to Prep School,6.9,21,2,10.5
25,Milhouse Van Houten,517,24,9,Homer Goes to Prep School,6.9,3,1,3.0
17,Moe Szyslak,517,24,9,Homer Goes to Prep School,6.9,38,4,9.5
11,Ned Flanders,517,24,9,Homer Goes to Prep School,6.9,53,4,13.25
8,Bart Simpson,518,24,10,A Test Before Trying,7.0,249,30,8.3
15,C. Montgomery Burns,518,24,10,A Test Before Trying,7.0,82,5,16.4
71,Chief Wiggum,518,24,10,A Test Before Trying,7.0,99,6,16.5
332,Dr. Julius Hibbert,518,24,10,A Test Before Trying,7.0,15,1,15.0
40,Edna Krabappel-Flanders,518,24,10,A Test Before Trying,7.0,93,5,18.6
1078,Gary Chalmers,518,24,10,A Test Before Trying,7.0,102,12,8.5
404,Groundskeeper Willie,518,24,10,A Test Before Trying,7.0,33,2,16.5
2,Homer Simpson,518,24,10,A Test Before Trying,7.0,253,23,11.0
211,Kent Brockman,518,24,10,A Test Before Trying,7.0,121,4,30.25
139,Krusty the Clown,518,24,10,A Test Before Trying,7.0,24,2,12.0
9,Lisa Simpson,518,24,10,A Test Before Trying,7.0,151,11,13.727272727272727
1,Marge Simpson,518,24,10,A Test Before Trying,7.0,134,10,13.4
25,Milhouse Van Houten,518,24,10,A Test Before Trying,7.0,18,1,18.0
17,Moe Szyslak,518,24,10,A Test Before Trying,7.0,7,1,7.0
11,Ned Flanders,518,24,10,A Test Before Trying,7.0,17,1,17.0
101,Nelson Muntz,518,24,10,A Test Before Trying,7.0,9,1,9.0
3,Seymour Skinner,518,24,10,A Test Before Trying,7.0,264,30,8.8
14,Waylon Smithers,518,24,10,A Test Before Trying,7.0,3,1,3.0
8,Bart Simpson,519,24,11,The Changing of the Guardian,6.6,167,16,10.4375
170,Carl Carlson,519,24,11,The Changing of the Guardian,6.6,70,12,5.833333333333333
71,Chief Wiggum,519,24,11,The Changing of the Guardian,6.6,72,6,12.0
332,Dr. Julius Hibbert,519,24,11,The Changing of the Guardian,6.6,6,1,6.0
31,Grampa Simpson,519,24,11,The Changing of the Guardian,6.6,38,4,9.5
2,Homer Simpson,519,24,11,The Changing of the Guardian,6.6,846,74,11.432432432432432
211,Kent Brockman,519,24,11,The Changing of the Guardian,6.6,25,1,25.0
165,Lenny Leonard,519,24,11,The Changing of the Guardian,6.6,142,13,10.923076923076923
9,Lisa Simpson,519,24,11,The Changing of the Guardian,6.6,112,16,7.0
1,Marge Simpson,519,24,11,The Changing of the Guardian,6.6,447,46,9.717391304347826
17,Moe Szyslak,519,24,11,The Changing of the Guardian,6.6,18,2,9.0
101,Nelson Muntz,519,24,11,The Changing of the Guardian,6.6,2,1,2.0
8,Bart Simpson,520,24,12,Love is a Many-Splintered Thing,6.5,592,54,10.962962962962964
71,Chief Wiggum,520,24,12,Love is a Many-Splintered Thing,6.5,12,2,6.0
2,Homer Simpson,520,24,12,Love is a Many-Splintered Thing,6.5,338,33,10.242424242424242
9,Lisa Simpson,520,24,12,Love is a Many-Splintered Thing,6.5,131,8,16.375
1,Marge Simpson,520,24,12,Love is a Many-Splintered Thing,6.5,136,12,11.333333333333334
25,Milhouse Van Houten,520,24,12,Love is a Many-Splintered Thing,6.5,29,3,9.666666666666666
3,Seymour Skinner,520,24,12,Love is a Many-Splintered Thing,6.5,10,1,10.0
33,Announcer,521,24,13,Hardly Kirk-ing,7.0,5,1,5.0
208,Apu Nahasapeemapetilon,521,24,13,Hardly Kirk-ing,7.0,27,2,13.5
8,Bart Simpson,521,24,13,Hardly Kirk-ing,7.0,278,32,8.6875
1078,Gary Chalmers,521,24,13,Hardly Kirk-ing,7.0,15,2,7.5
2,Homer Simpson,521,24,13,Hardly Kirk-ing,7.0,275,40,6.875
139,Krusty the Clown,521,24,13,Hardly Kirk-ing,7.0,10,2,5.0
9,Lisa Simpson,521,24,13,Hardly Kirk-ing,7.0,266,25,10.64
1,Marge Simpson,521,24,13,Hardly Kirk-ing,7.0,282,34,8.294117647058824
25,Milhouse Van Houten,521,24,13,Hardly Kirk-ing,7.0,499,54,9.24074074074074
17,Moe Szyslak,521,24,13,Hardly Kirk-ing,7.0,35,3,11.666666666666666
3,Seymour Skinner,521,24,13,Hardly Kirk-ing,7.0,21,2,10.5
208,Apu Nahasapeemapetilon,522,24,14,Gorgeous Grampa,6.2,16,2,8.0
8,Bart Simpson,522,24,14,Gorgeous Grampa,6.2,213,27,7.888888888888889
15,C. Montgomery Burns,522,24,14,Gorgeous Grampa,6.2,459,38,12.078947368421053
170,Carl Carlson,522,24,14,Gorgeous Grampa,6.2,15,1,15.0
1078,Gary Chalmers,522,24,14,Gorgeous Grampa,6.2,1,1,1.0
31,Grampa Simpson,522,24,14,Gorgeous Grampa,6.2,415,44,9.431818181818182
2,Homer Simpson,522,24,14,Gorgeous Grampa,6.2,418,44,9.5
9,Lisa Simpson,522,24,14,Gorgeous Grampa,6.2,118,10,11.8
1,Marge Simpson,522,24,14,Gorgeous Grampa,6.2,359,30,11.966666666666667
25,Milhouse Van Houten,522,24,14,Gorgeous Grampa,6.2,8,1,8.0
17,Moe Szyslak,522,24,14,Gorgeous Grampa,6.2,19,1,19.0
14,Waylon Smithers,522,24,14,Gorgeous Grampa,6.2,28,2,14.0
208,Apu Nahasapeemapetilon,523,24,15,"Black Eyed, Please",7.0,14,1,14.0
8,Bart Simpson,523,24,15,"Black Eyed, Please",7.0,7,2,3.5
15,C. Montgomery Burns,523,24,15,"Black Eyed, Please",7.0,20,2,10.0
332,Dr. Julius Hibbert,523,24,15,"Black Eyed, Please",7.0,22,1,22.0
40,Edna Krabappel-Flanders,523,24,15,"Black Eyed, Please",7.0,52,7,7.428571428571429
1078,Gary Chalmers,523,24,15,"Black Eyed, Please",7.0,66,7,9.428571428571429
31,Grampa Simpson,523,24,15,"Black Eyed, Please",7.0,61,4,15.25
2,Homer Simpson,523,24,15,"Black Eyed, Please",7.0,437,47,9.297872340425531
165,Lenny Leonard,523,24,15,"Black Eyed, Please",7.0,6,1,6.0
9,Lisa Simpson,523,24,15,"Black Eyed, Please",7.0,276,39,7.076923076923077
1,Marge Simpson,523,24,15,"Black Eyed, Please",7.0,128,16,8.0
11,Ned Flanders,523,24,15,"Black Eyed, Please",7.0,420,48,8.75
101,Nelson Muntz,523,24,15,"Black Eyed, Please",7.0,12,2,6.0
3,Seymour Skinner,523,24,15,"Black Eyed, Please",7.0,146,11,13.272727272727273
14,Waylon Smithers,523,24,15,"Black Eyed, Please",7.0,5,1,5.0
208,Apu Nahasapeemapetilon,524,24,16,Dark Knight Court,7.1,8,1,8.0
8,Bart Simpson,524,24,16,Dark Knight Court,7.1,136,13,10.461538461538462
15,C. Montgomery Burns,524,24,16,Dark Knight Court,7.1,388,41,9.463414634146341
170,Carl Carlson,524,24,16,Dark Knight Court,7.1,11,1,11.0
71,Chief Wiggum,524,24,16,Dark Knight Court,7.1,15,3,5.0
801,Comic Book Guy,524,24,16,Dark Knight Court,7.1,21,2,10.5
1078,Gary Chalmers,524,24,16,Dark Knight Court,7.1,47,3,15.666666666666666
31,Grampa Simpson,524,24,16,Dark Knight Court,7.1,83,8,10.375
404,Groundskeeper Willie,524,24,16,Dark Knight Court,7.1,111,10,11.1
2,Homer Simpson,524,24,16,Dark Knight Court,7.1,82,8,10.25
211,Kent Brockman,524,24,16,Dark Knight Court,7.1,24,3,8.0
139,Krusty the Clown,524,24,16,Dark Knight Court,7.1,15,2,7.5
165,Lenny Leonard,524,24,16,Dark Knight Court,7.1,3,1,3.0
9,Lisa Simpson,524,24,16,Dark Knight Court,7.1,325,32,10.15625
1,Marge Simpson,524,24,16,Dark Knight Court,7.1,48,7,6.857142857142857
240,Mayor Joe Quimby,524,24,16,Dark Knight Court,7.1,11,1,11.0
25,Milhouse Van Houten,524,24,16,Dark Knight Court,7.1,19,2,9.5
17,Moe Szyslak,524,24,16,Dark Knight Court,7.1,80,7,11.428571428571429
101,Nelson Muntz,524,24,16,Dark Knight Court,7.1,4,1,4.0
3,Seymour Skinner,524,24,16,Dark Knight Court,7.1,142,13,10.923076923076923
14,Waylon Smithers,524,24,16,Dark Knight Court,7.1,143,14,10.214285714285714
8,Bart Simpson,525,24,17,What Animated Women Want,6.5,36,4,9.0
170,Carl Carlson,525,24,17,What Animated Women Want,6.5,26,3,8.666666666666666
332,Dr. Julius Hibbert,525,24,17,What Animated Women Want,6.5,17,3,5.666666666666667
40,Edna Krabappel-Flanders,525,24,17,What Animated Women Want,6.5,7,1,7.0
31,Grampa Simpson,525,24,17,What Animated Women Want,6.5,14,2,7.0
2,Homer Simpson,525,24,17,What Animated Women Want,6.5,687,67,10.253731343283581
165,Lenny Leonard,525,24,17,What Animated Women Want,6.5,8,2,4.0
9,Lisa Simpson,525,24,17,What Animated Women Want,6.5,198,20,9.9
1,Marge Simpson,525,24,17,What Animated Women Want,6.5,356,39,9.128205128205128
25,Milhouse Van Houten,525,24,17,What Animated Women Want,6.5,212,27,7.851851851851852
17,Moe Szyslak,525,24,17,What Animated Women Want,6.5,97,3,32.333333333333336
11,Ned Flanders,525,24,17,What Animated Women Want,6.5,7,1,7.0
101,Nelson Muntz,525,24,17,What Animated Women Want,6.5,25,2,12.5
140,Rev. Timothy Lovejoy,525,24,17,What Animated Women Want,6.5,12,2,6.0
3,Seymour Skinner,525,24,17,What Animated Women Want,6.5,11,1,11.0
208,Apu Nahasapeemapetilon,526,24,18,Pulpit Friction,6.5,48,5,9.6
8,Bart Simpson,526,24,18,Pulpit Friction,6.5,221,22,10.045454545454545
170,Carl Carlson,526,24,18,Pulpit Friction,6.5,10,3,3.3333333333333335
71,Chief Wiggum,526,24,18,Pulpit Friction,6.5,5,1,5.0
1078,Gary Chalmers,526,24,18,Pulpit Friction,6.5,2,1,2.0
31,Grampa Simpson,526,24,18,Pulpit Friction,6.5,2,1,2.0
2,Homer Simpson,526,24,18,Pulpit Friction,6.5,435,36,12.083333333333334
211,Kent Brockman,526,24,18,Pulpit Friction,6.5,11,1,11.0
139,Krusty the Clown,526,24,18,Pulpit Friction,6.5,55,5,11.0
165,Lenny Leonard,526,24,18,Pulpit Friction,6.5,33,9,3.6666666666666665
9,Lisa Simpson,526,24,18,Pulpit Friction,6.5,165,12,13.75
1,Marge Simpson,526,24,18,Pulpit Friction,6.5,225,25,9.0
240,Mayor Joe Quimby,526,24,18,Pulpit Friction,6.5,9,1,9.0
25,Milhouse Van Houten,526,24,18,Pulpit Friction,6.5,40,3,13.333333333333334
17,Moe Szyslak,526,24,18,Pulpit Friction,6.5,92,7,13.142857142857142
11,Ned Flanders,526,24,18,Pulpit Friction,6.5,142,15,9.466666666666667
101,Nelson Muntz,526,24,18,Pulpit Friction,6.5,20,2,10.0
140,Rev. Timothy Lovejoy,526,24,18,Pulpit Friction,6.5,212,15,14.133333333333333
8,Bart Simpson,527,24,19,Whiskey Business,6.8,307,29,10.586206896551724
170,Carl Carlson,527,24,19,Whiskey Business,6.8,36,5,7.2
31,Grampa Simpson,527,24,19,Whiskey Business,6.8,207,25,8.28
2,Homer Simpson,527,24,19,Whiskey Business,6.8,196,22,8.909090909090908
165,Lenny Leonard,527,24,19,Whiskey Business,6.8,122,11,11.090909090909092
9,Lisa Simpson,527,24,19,Whiskey Business,6.8,143,12,11.916666666666666
1,Marge Simpson,527,24,19,Whiskey Business,6.8,288,28,10.285714285714286
25,Milhouse Van Houten,527,24,19,Whiskey Business,6.8,3,2,1.5
17,Moe Szyslak,527,24,19,Whiskey Business,6.8,695,64,10.859375
101,Nelson Muntz,527,24,19,Whiskey Business,6.8,8,1,8.0
208,Apu Nahasapeemapetilon,528,24,20,The Fabulous Faker Boy,6.3,27,2,13.5
8,Bart Simpson,528,24,20,The Fabulous Faker Boy,6.3,251,37,6.783783783783784
170,Carl Carlson,528,24,20,The Fabulous Faker Boy,6.3,45,4,11.25
71,Chief Wiggum,528,24,20,The Fabulous Faker Boy,6.3,39,4,9.75
801,Comic Book Guy,528,24,20,The Fabulous Faker Boy,6.3,17,1,17.0
31,Grampa Simpson,528,24,20,The Fabulous Faker Boy,6.3,6,1,6.0
2,Homer Simpson,528,24,20,The Fabulous Faker Boy,6.3,178,25,7.12
139,Krusty the Clown,528,24,20,The Fabulous Faker Boy,6.3,25,2,12.5
165,Lenny Leonard,528,24,20,The Fabulous Faker Boy,6.3,40,2,20.0
9,Lisa Simpson,528,24,20,The Fabulous Faker Boy,6.3,51,4,12.75
1,Marge Simpson,528,24,20,The Fabulous Faker Boy,6.3,391,44,8.886363636363637
25,Milhouse Van Houten,528,24,20,The Fabulous Faker Boy,6.3,11,1,11.0
17,Moe Szyslak,528,24,20,The Fabulous Faker Boy,6.3,75,6,12.5
11,Ned Flanders,528,24,20,The Fabulous Faker Boy,6.3,24,2,12.0
101,Nelson Muntz,528,24,20,The Fabulous Faker Boy,6.3,10,1,10.0
3,Seymour Skinner,528,24,20,The Fabulous Faker Boy,6.3,110,9,12.222222222222221
33,Announcer,529,24,21,The Saga of Carl,7.2,17,1,17.0
8,Bart Simpson,529,24,21,The Saga of Carl,7.2,34,8,4.25
170,Carl Carlson,529,24,21,The Saga of Carl,7.2,254,20,12.7
31,Grampa Simpson,529,24,21,The Saga of Carl,7.2,4,1,4.0
2,Homer Simpson,529,24,21,The Saga of Carl,7.2,733,71,10.32394366197183
211,Kent Brockman,529,24,21,The Saga of Carl,7.2,10,1,10.0
165,Lenny Leonard,529,24,21,The Saga of Carl,7.2,323,37,8.72972972972973
9,Lisa Simpson,529,24,21,The Saga of Carl,7.2,101,18,5.611111111111111
1,Marge Simpson,529,24,21,The Saga of Carl,7.2,179,18,9.944444444444445
17,Moe Szyslak,529,24,21,The Saga of Carl,7.2,552,43,12.837209302325581
208,Apu Nahasapeemapetilon,530,24,22,Dangers on a Train,7.0,17,2,8.5
8,Bart Simpson,530,24,22,Dangers on a Train,7.0,19,4,4.75
170,Carl Carlson,530,24,22,Dangers on a Train,7.0,12,1,12.0
71,Chief Wiggum,530,24,22,Dangers on a Train,7.0,12,2,6.0
31,Grampa Simpson,530,24,22,Dangers on a Train,7.0,42,3,14.0
2,Homer Simpson,530,24,22,Dangers on a Train,7.0,620,53,11.69811320754717
165,Lenny Leonard,530,24,22,Dangers on a Train,7.0,6,1,6.0
9,Lisa Simpson,530,24,22,Dangers on a Train,7.0,75,10,7.5
1,Marge Simpson,530,24,22,Dangers on a Train,7.0,729,75,9.72
17,Moe Szyslak,530,24,22,Dangers on a Train,7.0,55,7,7.857142857142857
11,Ned Flanders,530,24,22,Dangers on a Train,7.0,17,1,17.0
140,Rev. Timothy Lovejoy,530,24,22,Dangers on a Train,7.0,36,3,12.0
208,Apu Nahasapeemapetilon,531,25,1,Homerland,7.0,16,1,16.0
8,Bart Simpson,531,25,1,Homerland,7.0,112,10,11.2
15,C. Montgomery Burns,531,25,1,Homerland,7.0,50,5,10.0
170,Carl Carlson,531,25,1,Homerland,7.0,54,13,4.153846153846154
71,Chief Wiggum,531,25,1,Homerland,7.0,124,11,11.272727272727273
31,Grampa Simpson,531,25,1,Homerland,7.0,3,1,3.0
2,Homer Simpson,531,25,1,Homerland,7.0,702,67,10.477611940298507
165,Lenny Leonard,531,25,1,Homerland,7.0,68,8,8.5
9,Lisa Simpson,531,25,1,Homerland,7.0,294,37,7.945945945945946
1,Marge Simpson,531,25,1,Homerland,7.0,176,24,7.333333333333333
25,Milhouse Van Houten,531,25,1,Homerland,7.0,13,2,6.5
17,Moe Szyslak,531,25,1,Homerland,7.0,33,4,8.25
14,Waylon Smithers,531,25,1,Homerland,7.0,13,1,13.0
208,Apu Nahasapeemapetilon,532,25,2,Treehouse of Horror XXIV,7.1,20,2,10.0
8,Bart Simpson,532,25,2,Treehouse of Horror XXIV,7.1,250,30,8.333333333333334
15,C. Montgomery Burns,532,25,2,Treehouse of Horror XXIV,7.1,174,16,10.875
170,Carl Carlson,532,25,2,Treehouse of Horror XXIV,7.1,14,2,7.0
801,Comic Book Guy,532,25,2,Treehouse of Horror XXIV,7.1,25,2,12.5
332,Dr. Julius Hibbert,532,25,2,Treehouse of Horror XXIV,7.1,39,2,19.5
31,Grampa Simpson,532,25,2,Treehouse of Horror XXIV,7.1,26,2,13.0
404,Groundskeeper Willie,532,25,2,Treehouse of Horror XXIV,7.1,2,1,2.0
2,Homer Simpson,532,25,2,Treehouse of Horror XXIV,7.1,422,36,11.722222222222221
139,Krusty the Clown,532,25,2,Treehouse of Horror XXIV,7.1,24,2,12.0
165,Lenny Leonard,532,25,2,Treehouse of Horror XXIV,7.1,13,2,6.5
9,Lisa Simpson,532,25,2,Treehouse of Horror XXIV,7.1,205,21,9.761904761904763
1,Marge Simpson,532,25,2,Treehouse of Horror XXIV,7.1,124,16,7.75
25,Milhouse Van Houten,532,25,2,Treehouse of Horror XXIV,7.1,11,1,11.0
17,Moe Szyslak,532,25,2,Treehouse of Horror XXIV,7.1,164,13,12.615384615384615
101,Nelson Muntz,532,25,2,Treehouse of Horror XXIV,7.1,4,2,2.0
3,Seymour Skinner,532,25,2,Treehouse of Horror XXIV,7.1,22,2,11.0
8,Bart Simpson,533,25,3,Four Regrettings and a Funeral,6.5,76,9,8.444444444444445
15,C. Montgomery Burns,533,25,3,Four Regrettings and a Funeral,6.5,350,38,9.210526315789474
71,Chief Wiggum,533,25,3,Four Regrettings and a Funeral,6.5,97,6,16.166666666666668
40,Edna Krabappel-Flanders,533,25,3,Four Regrettings and a Funeral,6.5,1,1,1.0
2,Homer Simpson,533,25,3,Four Regrettings and a Funeral,6.5,234,25,9.36
211,Kent Brockman,533,25,3,Four Regrettings and a Funeral,6.5,254,21,12.095238095238095
139,Krusty the Clown,533,25,3,Four Regrettings and a Funeral,6.5,93,7,13.285714285714286
165,Lenny Leonard,533,25,3,Four Regrettings and a Funeral,6.5,6,1,6.0
9,Lisa Simpson,533,25,3,Four Regrettings and a Funeral,6.5,15,2,7.5
1,Marge Simpson,533,25,3,Four Regrettings and a Funeral,6.5,184,17,10.823529411764707
240,Mayor Joe Quimby,533,25,3,Four Regrettings and a Funeral,6.5,22,1,22.0
25,Milhouse Van Houten,533,25,3,Four Regrettings and a Funeral,6.5,13,4,3.25
11,Ned Flanders,533,25,3,Four Regrettings and a Funeral,6.5,21,3,7.0
140,Rev. Timothy Lovejoy,533,25,3,Four Regrettings and a Funeral,6.5,91,7,13.0
3,Seymour Skinner,533,25,3,Four Regrettings and a Funeral,6.5,2,1,2.0
14,Waylon Smithers,533,25,3,Four Regrettings and a Funeral,6.5,41,4,10.25
8,Bart Simpson,534,25,4,YOLO,6.7,114,13,8.76923076923077
801,Comic Book Guy,534,25,4,YOLO,6.7,14,1,14.0
332,Dr. Julius Hibbert,534,25,4,YOLO,6.7,18,2,9.0
40,Edna Krabappel-Flanders,534,25,4,YOLO,6.7,33,3,11.0
1078,Gary Chalmers,534,25,4,YOLO,6.7,32,3,10.666666666666666
404,Groundskeeper Willie,534,25,4,YOLO,6.7,20,2,10.0
2,Homer Simpson,534,25,4,YOLO,6.7,546,48,11.375
211,Kent Brockman,534,25,4,YOLO,6.7,99,8,12.375
9,Lisa Simpson,534,25,4,YOLO,6.7,208,21,9.904761904761905
1,Marge Simpson,534,25,4,YOLO,6.7,268,28,9.571428571428571
25,Milhouse Van Houten,534,25,4,YOLO,6.7,72,6,12.0
17,Moe Szyslak,534,25,4,YOLO,6.7,22,2,11.0
11,Ned Flanders,534,25,4,YOLO,6.7,18,2,9.0
101,Nelson Muntz,534,25,4,YOLO,6.7,8,2,4.0
3,Seymour Skinner,534,25,4,YOLO,6.7,183,12,15.25
8,Bart Simpson,535,25,5,Labor Pains,7.1,41,6,6.833333333333333
170,Carl Carlson,535,25,5,Labor Pains,7.1,36,4,9.0
31,Grampa Simpson,535,25,5,Labor Pains,7.1,9,1,9.0
2,Homer Simpson,535,25,5,Labor Pains,7.1,951,84,11.321428571428571
165,Lenny Leonard,535,25,5,Labor Pains,7.1,16,4,4.0
9,Lisa Simpson,535,25,5,Labor Pains,7.1,235,20,11.75
1,Marge Simpson,535,25,5,Labor Pains,7.1,234,31,7.548387096774194
240,Mayor Joe Quimby,535,25,5,Labor Pains,7.1,11,1,11.0
25,Milhouse Van Houten,535,25,5,Labor Pains,7.1,21,3,7.0
17,Moe Szyslak,535,25,5,Labor Pains,7.1,46,5,9.2
101,Nelson Muntz,535,25,5,Labor Pains,7.1,10,2,5.0
8,Bart Simpson,536,25,6,The Kid Is All Right,6.5,276,31,8.903225806451612
15,C. Montgomery Burns,536,25,6,The Kid Is All Right,6.5,115,10,11.5
1078,Gary Chalmers,536,25,6,The Kid Is All Right,6.5,89,7,12.714285714285714
404,Groundskeeper Willie,536,25,6,The Kid Is All Right,6.5,15,2,7.5
2,Homer Simpson,536,25,6,The Kid Is All Right,6.5,137,13,10.538461538461538
139,Krusty the Clown,536,25,6,The Kid Is All Right,6.5,24,1,24.0
9,Lisa Simpson,536,25,6,The Kid Is All Right,6.5,652,73,8.931506849315069
1,Marge Simpson,536,25,6,The Kid Is All Right,6.5,143,14,10.214285714285714
25,Milhouse Van Houten,536,25,6,The Kid Is All Right,6.5,70,6,11.666666666666666
101,Nelson Muntz,536,25,6,The Kid Is All Right,6.5,39,5,7.8
3,Seymour Skinner,536,25,6,The Kid Is All Right,6.5,123,10,12.3
14,Waylon Smithers,536,25,6,The Kid Is All Right,6.5,12,3,4.0
8,Bart Simpson,537,25,7,Yellow Subterfuge,7.0,279,34,8.205882352941176
71,Chief Wiggum,537,25,7,Yellow Subterfuge,7.0,19,2,9.5
1078,Gary Chalmers,537,25,7,Yellow Subterfuge,7.0,5,2,2.5
404,Groundskeeper Willie,537,25,7,Yellow Subterfuge,7.0,12,1,12.0
2,Homer Simpson,537,25,7,Yellow Subterfuge,7.0,330,25,13.2
139,Krusty the Clown,537,25,7,Yellow Subterfuge,7.0,262,18,14.555555555555555
9,Lisa Simpson,537,25,7,Yellow Subterfuge,7.0,77,10,7.7
1,Marge Simpson,537,25,7,Yellow Subterfuge,7.0,75,5,15.0
240,Mayor Joe Quimby,537,25,7,Yellow Subterfuge,7.0,5,1,5.0
25,Milhouse Van Houten,537,25,7,Yellow Subterfuge,7.0,6,2,3.0
101,Nelson Muntz,537,25,7,Yellow Subterfuge,7.0,1,1,1.0
3,Seymour Skinner,537,25,7,Yellow Subterfuge,7.0,453,42,10.785714285714286
33,Announcer,538,25,8,White Christmas Blues,6.5,10,1,10.0
208,Apu Nahasapeemapetilon,538,25,8,White Christmas Blues,6.5,52,3,17.333333333333332
8,Bart Simpson,538,25,8,White Christmas Blues,6.5,185,22,8.409090909090908
170,Carl Carlson,538,25,8,White Christmas Blues,6.5,8,1,8.0
71,Chief Wiggum,538,25,8,White Christmas Blues,6.5,46,2,23.0
801,Comic Book Guy,538,25,8,White Christmas Blues,6.5,20,3,6.666666666666667
332,Dr. Julius Hibbert,538,25,8,White Christmas Blues,6.5,4,1,4.0
2,Homer Simpson,538,25,8,White Christmas Blues,6.5,246,24,10.25
211,Kent Brockman,538,25,8,White Christmas Blues,6.5,52,3,17.333333333333332
139,Krusty the Clown,538,25,8,White Christmas Blues,6.5,17,2,8.5
165,Lenny Leonard,538,25,8,White Christmas Blues,6.5,14,3,4.666666666666667
9,Lisa Simpson,538,25,8,White Christmas Blues,6.5,278,27,10.296296296296296
1,Marge Simpson,538,25,8,White Christmas Blues,6.5,336,32,10.5
240,Mayor Joe Quimby,538,25,8,White Christmas Blues,6.5,34,3,11.333333333333334
25,Milhouse Van Houten,538,25,8,White Christmas Blues,6.5,17,2,8.5
17,Moe Szyslak,538,25,8,White Christmas Blues,6.5,24,1,24.0
11,Ned Flanders,538,25,8,White Christmas Blues,6.5,52,7,7.428571428571429
140,Rev. Timothy Lovejoy,538,25,8,White Christmas Blues,6.5,129,9,14.333333333333334
33,Announcer,539,25,9,Steal This Episode,7.6,11,1,11.0
8,Bart Simpson,539,25,9,Steal This Episode,7.6,123,12,10.25
170,Carl Carlson,539,25,9,Steal This Episode,7.6,107,9,11.88888888888889
71,Chief Wiggum,539,25,9,Steal This Episode,7.6,28,2,14.0
801,Comic Book Guy,539,25,9,Steal This Episode,7.6,9,1,9.0
332,Dr. Julius Hibbert,539,25,9,Steal This Episode,7.6,13,1,13.0
2,Homer Simpson,539,25,9,Steal This Episode,7.6,920,67,13.73134328358209
165,Lenny Leonard,539,25,9,Steal This Episode,7.6,128,10,12.8
9,Lisa Simpson,539,25,9,Steal This Episode,7.6,152,13,11.692307692307692
1,Marge Simpson,539,25,9,Steal This Episode,7.6,268,23,11.652173913043478
25,Milhouse Van Houten,539,25,9,Steal This Episode,7.6,9,1,9.0
11,Ned Flanders,539,25,9,Steal This Episode,7.6,24,1,24.0
140,Rev. Timothy Lovejoy,539,25,9,Steal This Episode,7.6,45,2,22.5
208,Apu Nahasapeemapetilon,540,25,10,Married to the Blob,7.1,5,1,5.0
8,Bart Simpson,540,25,10,Married to the Blob,7.1,53,5,10.6
801,Comic Book Guy,540,25,10,Married to the Blob,7.1,604,42,14.380952380952381
2,Homer Simpson,540,25,10,Married to the Blob,7.1,209,26,8.038461538461538
139,Krusty the Clown,540,25,10,Married to the Blob,7.1,5,1,5.0
9,Lisa Simpson,540,25,10,Married to the Blob,7.1,40,3,13.333333333333334
1,Marge Simpson,540,25,10,Married to the Blob,7.1,112,10,11.2
25,Milhouse Van Houten,540,25,10,Married to the Blob,7.1,73,9,8.11111111111111
8,Bart Simpson,541,25,11,Specs and the City,7.2,216,16,13.5
15,C. Montgomery Burns,541,25,11,Specs and the City,7.2,120,11,10.909090909090908
170,Carl Carlson,541,25,11,Specs and the City,7.2,67,7,9.571428571428571
31,Grampa Simpson,541,25,11,Specs and the City,7.2,6,1,6.0
2,Homer Simpson,541,25,11,Specs and the City,7.2,682,78,8.743589743589743
165,Lenny Leonard,541,25,11,Specs and the City,7.2,50,9,5.555555555555555
9,Lisa Simpson,541,25,11,Specs and the City,7.2,63,6,10.5
1,Marge Simpson,541,25,11,Specs and the City,7.2,344,37,9.297297297297296
25,Milhouse Van Houten,541,25,11,Specs and the City,7.2,39,5,7.8
17,Moe Szyslak,541,25,11,Specs and the City,7.2,98,4,24.5
101,Nelson Muntz,541,25,11,Specs and the City,7.2,101,9,11.222222222222221
14,Waylon Smithers,541,25,11,Specs and the City,7.2,49,4,12.25
33,Announcer,542,25,12,Diggs,6.4,3,1,3.0
8,Bart Simpson,542,25,12,Diggs,6.4,530,69,7.681159420289855
15,C. Montgomery Burns,542,25,12,Diggs,6.4,5,2,2.5
170,Carl Carlson,542,25,12,Diggs,6.4,5,1,5.0
801,Comic Book Guy,542,25,12,Diggs,6.4,33,4,8.25
332,Dr. Julius Hibbert,542,25,12,Diggs,6.4,61,4,15.25
31,Grampa Simpson,542,25,12,Diggs,6.4,8,1,8.0
404,Groundskeeper Willie,542,25,12,Diggs,6.4,19,2,9.5
2,Homer Simpson,542,25,12,Diggs,6.4,345,31,11.129032258064516
139,Krusty the Clown,542,25,12,Diggs,6.4,15,2,7.5
165,Lenny Leonard,542,25,12,Diggs,6.4,5,1,5.0
9,Lisa Simpson,542,25,12,Diggs,6.4,100,10,10.0
1,Marge Simpson,542,25,12,Diggs,6.4,114,11,10.363636363636363
25,Milhouse Van Houten,542,25,12,Diggs,6.4,116,6,19.333333333333332
11,Ned Flanders,542,25,12,Diggs,6.4,12,1,12.0
101,Nelson Muntz,542,25,12,Diggs,6.4,6,2,3.0
140,Rev. Timothy Lovejoy,542,25,12,Diggs,6.4,61,6,10.166666666666666
3,Seymour Skinner,542,25,12,Diggs,6.4,21,2,10.5
8,Bart Simpson,543,25,13,The Man Who Grew Too Much,6.7,139,16,8.6875
170,Carl Carlson,543,25,13,The Man Who Grew Too Much,6.7,4,1,4.0
71,Chief Wiggum,543,25,13,The Man Who Grew Too Much,6.7,50,3,16.666666666666668
40,Edna Krabappel-Flanders,543,25,13,The Man Who Grew Too Much,6.7,12,2,6.0
404,Groundskeeper Willie,543,25,13,The Man Who Grew Too Much,6.7,17,2,8.5
2,Homer Simpson,543,25,13,The Man Who Grew Too Much,6.7,176,17,10.352941176470589
165,Lenny Leonard,543,25,13,The Man Who Grew Too Much,6.7,23,1,23.0
9,Lisa Simpson,543,25,13,The Man Who Grew Too Much,6.7,381,37,10.297297297297296
1,Marge Simpson,543,25,13,The Man Who Grew Too Much,6.7,278,24,11.583333333333334
11,Ned Flanders,543,25,13,The Man Who Grew Too Much,6.7,63,6,10.5
101,Nelson Muntz,543,25,13,The Man Who Grew Too Much,6.7,6,2,3.0
140,Rev. Timothy Lovejoy,543,25,13,The Man Who Grew Too Much,6.7,59,6,9.833333333333334
3,Seymour Skinner,543,25,13,The Man Who Grew Too Much,6.7,52,2,26.0
153,Sideshow Bob,543,25,13,The Man Who Grew Too Much,6.7,429,41,10.463414634146341
8,Bart Simpson,544,25,14,The Winter of His Content,6.6,113,15,7.533333333333333
71,Chief Wiggum,544,25,14,The Winter of His Content,6.6,54,3,18.0
332,Dr. Julius Hibbert,544,25,14,The Winter of His Content,6.6,12,2,6.0
31,Grampa Simpson,544,25,14,The Winter of His Content,6.6,149,17,8.764705882352942
2,Homer Simpson,544,25,14,The Winter of His Content,6.6,433,35,12.371428571428572
9,Lisa Simpson,544,25,14,The Winter of His Content,6.6,68,5,13.6
1,Marge Simpson,544,25,14,The Winter of His Content,6.6,181,20,9.05
25,Milhouse Van Houten,544,25,14,The Winter of His Content,6.6,4,1,4.0
17,Moe Szyslak,544,25,14,The Winter of His Content,6.6,30,2,15.0
101,Nelson Muntz,544,25,14,The Winter of His Content,6.6,58,9,6.444444444444445
208,Apu Nahasapeemapetilon,545,25,15,The War of Art,7.0,4,1,4.0
8,Bart Simpson,545,25,15,The War of Art,7.0,78,10,7.8
170,Carl Carlson,545,25,15,The War of Art,7.0,10,1,10.0
2,Homer Simpson,545,25,15,The War of Art,7.0,838,78,10.743589743589743
211,Kent Brockman,545,25,15,The War of Art,7.0,18,2,9.0
165,Lenny Leonard,545,25,15,The War of Art,7.0,13,1,13.0
9,Lisa Simpson,545,25,15,The War of Art,7.0,415,37,11.216216216216216
1,Marge Simpson,545,25,15,The War of Art,7.0,425,38,11.18421052631579
25,Milhouse Van Houten,545,25,15,The War of Art,7.0,55,5,11.0
17,Moe Szyslak,545,25,15,The War of Art,7.0,11,1,11.0
8,Bart Simpson,546,25,16,You Don't Have to Live Like a Referee,6.9,167,14,11.928571428571429
1078,Gary Chalmers,546,25,16,You Don't Have to Live Like a Referee,6.9,107,6,17.833333333333332
2,Homer Simpson,546,25,16,You Don't Have to Live Like a Referee,6.9,530,58,9.137931034482758
139,Krusty the Clown,546,25,16,You Don't Have to Live Like a Referee,6.9,17,2,8.5
9,Lisa Simpson,546,25,16,You Don't Have to Live Like a Referee,6.9,293,29,10.10344827586207
1,Marge Simpson,546,25,16,You Don't Have to Live Like a Referee,6.9,132,13,10.153846153846153
11,Ned Flanders,546,25,16,You Don't Have to Live Like a Referee,6.9,4,1,4.0
101,Nelson Muntz,546,25,16,You Don't Have to Live Like a Referee,6.9,49,4,12.25
3,Seymour Skinner,546,25,16,You Don't Have to Live Like a Referee,6.9,163,12,13.583333333333334
8,Bart Simpson,547,25,17,Luca$,6.5,288,33,8.727272727272727
170,Carl Carlson,547,25,17,Luca$,6.5,80,11,7.2727272727272725
71,Chief Wiggum,547,25,17,Luca$,6.5,158,17,9.294117647058824
404,Groundskeeper Willie,547,25,17,Luca$,6.5,20,2,10.0
2,Homer Simpson,547,25,17,Luca$,6.5,539,55,9.8
211,Kent Brockman,547,25,17,Luca$,6.5,65,4,16.25
165,Lenny Leonard,547,25,17,Luca$,6.5,40,7,5.714285714285714
9,Lisa Simpson,547,25,17,Luca$,6.5,218,30,7.266666666666667
1,Marge Simpson,547,25,17,Luca$,6.5,356,28,12.714285714285714
25,Milhouse Van Houten,547,25,17,Luca$,6.5,180,15,12.0
17,Moe Szyslak,547,25,17,Luca$,6.5,58,5,11.6
3,Seymour Skinner,547,25,17,Luca$,6.5,68,6,11.333333333333334
8,Bart Simpson,548,25,18,Days of Future Future,7.0,535,67,7.985074626865671
15,C. Montgomery Burns,548,25,18,Days of Future Future,7.0,2,1,2.0
71,Chief Wiggum,548,25,18,Days of Future Future,7.0,4,1,4.0
332,Dr. Julius Hibbert,548,25,18,Days of Future Future,7.0,120,9,13.333333333333334
31,Grampa Simpson,548,25,18,Days of Future Future,7.0,17,3,5.666666666666667
2,Homer Simpson,548,25,18,Days of Future Future,7.0,274,39,7.0256410256410255
139,Krusty the Clown,548,25,18,Days of Future Future,7.0,17,2,8.5
165,Lenny Leonard,548,25,18,Days of Future Future,7.0,13,2,6.5
9,Lisa Simpson,548,25,18,Days of Future Future,7.0,194,23,8.434782608695652
1,Marge Simpson,548,25,18,Days of Future Future,7.0,210,20,10.5
25,Milhouse Van Houten,548,25,18,Days of Future Future,7.0,3,1,3.0
17,Moe Szyslak,548,25,18,Days of Future Future,7.0,115,8,14.375
140,Rev. Timothy Lovejoy,548,25,18,Days of Future Future,7.0,47,3,15.666666666666666
8,Bart Simpson,549,25,19,What to Expect When Bart's Expecting,5.8,446,51,8.745098039215685
170,Carl Carlson,549,25,19,What to Expect When Bart's Expecting,5.8,11,1,11.0
1078,Gary Chalmers,549,25,19,What to Expect When Bart's Expecting,5.8,13,2,6.5
2,Homer Simpson,549,25,19,What to Expect When Bart's Expecting,5.8,429,41,10.463414634146341
165,Lenny Leonard,549,25,19,What to Expect When Bart's Expecting,5.8,34,3,11.333333333333334
9,Lisa Simpson,549,25,19,What to Expect When Bart's Expecting,5.8,16,3,5.333333333333333
1,Marge Simpson,549,25,19,What to Expect When Bart's Expecting,5.8,63,5,12.6
25,Milhouse Van Houten,549,25,19,What to Expect When Bart's Expecting,5.8,52,8,6.5
17,Moe Szyslak,549,25,19,What to Expect When Bart's Expecting,5.8,167,10,16.7
11,Ned Flanders,549,25,19,What to Expect When Bart's Expecting,5.8,13,2,6.5
101,Nelson Muntz,549,25,19,What to Expect When Bart's Expecting,5.8,7,1,7.0
3,Seymour Skinner,549,25,19,What to Expect When Bart's Expecting,5.8,52,5,10.4
33,Announcer,551,25,21,Pay Pal,6.7,9,1,9.0
8,Bart Simpson,551,25,21,Pay Pal,6.7,158,13,12.153846153846153
71,Chief Wiggum,551,25,21,Pay Pal,6.7,10,1,10.0
801,Comic Book Guy,551,25,21,Pay Pal,6.7,7,2,3.5
332,Dr. Julius Hibbert,551,25,21,Pay Pal,6.7,11,1,11.0
31,Grampa Simpson,551,25,21,Pay Pal,6.7,98,8,12.25
404,Groundskeeper Willie,551,25,21,Pay Pal,6.7,9,1,9.0
2,Homer Simpson,551,25,21,Pay Pal,6.7,294,41,7.170731707317073
9,Lisa Simpson,551,25,21,Pay Pal,6.7,284,29,9.793103448275861
1,Marge Simpson,551,25,21,Pay Pal,6.7,427,48,8.895833333333334
25,Milhouse Van Houten,551,25,21,Pay Pal,6.7,12,3,4.0
11,Ned Flanders,551,25,21,Pay Pal,6.7,5,1,5.0
140,Rev. Timothy Lovejoy,551,25,21,Pay Pal,6.7,12,1,12.0
8,Bart Simpson,552,25,22,The Yellow Badge of Cowardge,6.7,300,32,9.375
170,Carl Carlson,552,25,22,The Yellow Badge of Cowardge,6.7,22,1,22.0
71,Chief Wiggum,552,25,22,The Yellow Badge of Cowardge,6.7,53,4,13.25
332,Dr. Julius Hibbert,552,25,22,The Yellow Badge of Cowardge,6.7,60,4,15.0
1078,Gary Chalmers,552,25,22,The Yellow Badge of Cowardge,6.7,141,7,20.142857142857142
31,Grampa Simpson,552,25,22,The Yellow Badge of Cowardge,6.7,132,11,12.0
404,Groundskeeper Willie,552,25,22,The Yellow Badge of Cowardge,6.7,27,3,9.0
2,Homer Simpson,552,25,22,The Yellow Badge of Cowardge,6.7,274,25,10.96
139,Krusty the Clown,552,25,22,The Yellow Badge of Cowardge,6.7,4,1,4.0
165,Lenny Leonard,552,25,22,The Yellow Badge of Cowardge,6.7,9,1,9.0
9,Lisa Simpson,552,25,22,The Yellow Badge of Cowardge,6.7,311,19,16.36842105263158
1,Marge Simpson,552,25,22,The Yellow Badge of Cowardge,6.7,36,5,7.2
25,Milhouse Van Houten,552,25,22,The Yellow Badge of Cowardge,6.7,186,22,8.454545454545455
101,Nelson Muntz,552,25,22,The Yellow Badge of Cowardge,6.7,19,3,6.333333333333333
3,Seymour Skinner,552,25,22,The Yellow Badge of Cowardge,6.7,56,6,9.333333333333334
8,Bart Simpson,553,26,1,Clown in the Dumps,5.8,141,13,10.846153846153847
71,Chief Wiggum,553,26,1,Clown in the Dumps,5.8,28,1,28.0
2,Homer Simpson,553,26,1,Clown in the Dumps,5.8,97,14,6.928571428571429
211,Kent Brockman,553,26,1,Clown in the Dumps,5.8,82,3,27.333333333333332
139,Krusty the Clown,553,26,1,Clown in the Dumps,5.8,648,69,9.391304347826088
9,Lisa Simpson,553,26,1,Clown in the Dumps,5.8,111,12,9.25
1,Marge Simpson,553,26,1,Clown in the Dumps,5.8,131,14,9.357142857142858
25,Milhouse Van Houten,553,26,1,Clown in the Dumps,5.8,5,1,5.0
153,Sideshow Bob,553,26,1,Clown in the Dumps,5.8,5,1,5.0
208,Apu Nahasapeemapetilon,554,26,2,The Wreck of the Relationship,6.9,9,1,9.0
8,Bart Simpson,554,26,2,The Wreck of the Relationship,6.9,282,34,8.294117647058824
2,Homer Simpson,554,26,2,The Wreck of the Relationship,6.9,489,45,10.866666666666667
9,Lisa Simpson,554,26,2,The Wreck of the Relationship,6.9,109,6,18.166666666666668
1,Marge Simpson,554,26,2,The Wreck of the Relationship,6.9,209,22,9.5
25,Milhouse Van Houten,554,26,2,The Wreck of the Relationship,6.9,24,2,12.0
17,Moe Szyslak,554,26,2,The Wreck of the Relationship,6.9,12,1,12.0
11,Ned Flanders,554,26,2,The Wreck of the Relationship,6.9,20,3,6.666666666666667
140,Rev. Timothy Lovejoy,554,26,2,The Wreck of the Relationship,6.9,13,1,13.0
8,Bart Simpson,555,26,3,Super Franchise Me,6.5,130,13,10.0
15,C. Montgomery Burns,555,26,3,Super Franchise Me,6.5,54,5,10.8
170,Carl Carlson,555,26,3,Super Franchise Me,6.5,26,3,8.666666666666666
71,Chief Wiggum,555,26,3,Super Franchise Me,6.5,35,4,8.75
31,Grampa Simpson,555,26,3,Super Franchise Me,6.5,32,4,8.0
2,Homer Simpson,555,26,3,Super Franchise Me,6.5,320,39,8.205128205128204
139,Krusty the Clown,555,26,3,Super Franchise Me,6.5,44,5,8.8
165,Lenny Leonard,555,26,3,Super Franchise Me,6.5,3,1,3.0
9,Lisa Simpson,555,26,3,Super Franchise Me,6.5,104,11,9.454545454545455
1,Marge Simpson,555,26,3,Super Franchise Me,6.5,591,57,10.368421052631579
17,Moe Szyslak,555,26,3,Super Franchise Me,6.5,53,3,17.666666666666668
11,Ned Flanders,555,26,3,Super Franchise Me,6.5,84,10,8.4
14,Waylon Smithers,555,26,3,Super Franchise Me,6.5,24,3,8.0
33,Announcer,556,26,4,Treehouse of Horror XXV,7.3,3,1,3.0
8,Bart Simpson,556,26,4,Treehouse of Horror XXV,7.3,170,21,8.095238095238095
15,C. Montgomery Burns,556,26,4,Treehouse of Horror XXV,7.3,62,4,15.5
801,Comic Book Guy,556,26,4,Treehouse of Horror XXV,7.3,9,1,9.0
1078,Gary Chalmers,556,26,4,Treehouse of Horror XXV,7.3,5,1,5.0
31,Grampa Simpson,556,26,4,Treehouse of Horror XXV,7.3,12,1,12.0
404,Groundskeeper Willie,556,26,4,Treehouse of Horror XXV,7.3,8,2,4.0
2,Homer Simpson,556,26,4,Treehouse of Horror XXV,7.3,292,28,10.428571428571429
9,Lisa Simpson,556,26,4,Treehouse of Horror XXV,7.3,113,15,7.533333333333333
1,Marge Simpson,556,26,4,Treehouse of Horror XXV,7.3,122,15,8.133333333333333
101,Nelson Muntz,556,26,4,Treehouse of Horror XXV,7.3,15,2,7.5
3,Seymour Skinner,556,26,4,Treehouse of Horror XXV,7.3,47,5,9.4
14,Waylon Smithers,556,26,4,Treehouse of Horror XXV,7.3,14,2,7.0
8,Bart Simpson,557,26,5,Opposites A-Frack,6.3,25,3,8.333333333333334
15,C. Montgomery Burns,557,26,5,Opposites A-Frack,6.3,622,50,12.44
170,Carl Carlson,557,26,5,Opposites A-Frack,6.3,3,1,3.0
1078,Gary Chalmers,557,26,5,Opposites A-Frack,6.3,3,1,3.0
2,Homer Simpson,557,26,5,Opposites A-Frack,6.3,577,50,11.54
211,Kent Brockman,557,26,5,Opposites A-Frack,6.3,23,2,11.5
165,Lenny Leonard,557,26,5,Opposites A-Frack,6.3,13,1,13.0
9,Lisa Simpson,557,26,5,Opposites A-Frack,6.3,132,16,8.25
1,Marge Simpson,557,26,5,Opposites A-Frack,6.3,142,17,8.352941176470589
240,Mayor Joe Quimby,557,26,5,Opposites A-Frack,6.3,26,2,13.0
17,Moe Szyslak,557,26,5,Opposites A-Frack,6.3,11,1,11.0
3,Seymour Skinner,557,26,5,Opposites A-Frack,6.3,8,1,8.0
14,Waylon Smithers,557,26,5,Opposites A-Frack,6.3,5,1,5.0
8,Bart Simpson,558,26,6,Simpsorama,7.9,114,16,7.125
15,C. Montgomery Burns,558,26,6,Simpsorama,7.9,5,1,5.0
71,Chief Wiggum,558,26,6,Simpsorama,7.9,23,2,11.5
1078,Gary Chalmers,558,26,6,Simpsorama,7.9,26,3,8.666666666666666
404,Groundskeeper Willie,558,26,6,Simpsorama,7.9,18,4,4.5
2,Homer Simpson,558,26,6,Simpsorama,7.9,375,43,8.720930232558139
211,Kent Brockman,558,26,6,Simpsorama,7.9,33,1,33.0
139,Krusty the Clown,558,26,6,Simpsorama,7.9,6,1,6.0
9,Lisa Simpson,558,26,6,Simpsorama,7.9,207,18,11.5
1,Marge Simpson,558,26,6,Simpsorama,7.9,100,12,8.333333333333334
240,Mayor Joe Quimby,558,26,6,Simpsorama,7.9,34,3,11.333333333333334
25,Milhouse Van Houten,558,26,6,Simpsorama,7.9,14,2,7.0
17,Moe Szyslak,558,26,6,Simpsorama,7.9,32,2,16.0
101,Nelson Muntz,558,26,6,Simpsorama,7.9,24,3,8.0
3,Seymour Skinner,558,26,6,Simpsorama,7.9,46,3,15.333333333333334
8,Bart Simpson,559,26,7,Blazed and Confused,6.9,236,29,8.137931034482758
170,Carl Carlson,559,26,7,Blazed and Confused,6.9,6,2,3.0
1078,Gary Chalmers,559,26,7,Blazed and Confused,6.9,147,11,13.363636363636363
404,Groundskeeper Willie,559,26,7,Blazed and Confused,6.9,3,1,3.0
2,Homer Simpson,559,26,7,Blazed and Confused,6.9,428,42,10.19047619047619
9,Lisa Simpson,559,26,7,Blazed and Confused,6.9,73,13,5.615384615384615
1,Marge Simpson,559,26,7,Blazed and Confused,6.9,238,26,9.153846153846153
25,Milhouse Van Houten,559,26,7,Blazed and Confused,6.9,178,19,9.368421052631579
101,Nelson Muntz,559,26,7,Blazed and Confused,6.9,87,11,7.909090909090909
3,Seymour Skinner,559,26,7,Blazed and Confused,6.9,52,7,7.428571428571429
153,Sideshow Bob,559,26,7,Blazed and Confused,6.9,25,3,8.333333333333334
208,Apu Nahasapeemapetilon,560,26,8,Covercraft,6.5,422,31,13.612903225806452
8,Bart Simpson,560,26,8,Covercraft,6.5,23,3,7.666666666666667
71,Chief Wiggum,560,26,8,Covercraft,6.5,19,3,6.333333333333333
332,Dr. Julius Hibbert,560,26,8,Covercraft,6.5,58,8,7.25
2,Homer Simpson,560,26,8,Covercraft,6.5,886,60,14.766666666666667
211,Kent Brockman,560,26,8,Covercraft,6.5,80,3,26.666666666666668
9,Lisa Simpson,560,26,8,Covercraft,6.5,73,8,9.125
1,Marge Simpson,560,26,8,Covercraft,6.5,166,13,12.76923076923077
17,Moe Szyslak,560,26,8,Covercraft,6.5,69,7,9.857142857142858
140,Rev. Timothy Lovejoy,560,26,8,Covercraft,6.5,18,2,9.0
208,Apu Nahasapeemapetilon,561,26,9,I Won't Be Home for Christmas,6.8,94,6,15.666666666666666
8,Bart Simpson,561,26,9,I Won't Be Home for Christmas,6.8,180,16,11.25
15,C. Montgomery Burns,561,26,9,I Won't Be Home for Christmas,6.8,40,5,8.0
71,Chief Wiggum,561,26,9,I Won't Be Home for Christmas,6.8,11,1,11.0
801,Comic Book Guy,561,26,9,I Won't Be Home for Christmas,6.8,39,4,9.75
31,Grampa Simpson,561,26,9,I Won't Be Home for Christmas,6.8,19,3,6.333333333333333
404,Groundskeeper Willie,561,26,9,I Won't Be Home for Christmas,6.8,8,1,8.0
2,Homer Simpson,561,26,9,I Won't Be Home for Christmas,6.8,501,64,7.828125
9,Lisa Simpson,561,26,9,I Won't Be Home for Christmas,6.8,115,8,14.375
1,Marge Simpson,561,26,9,I Won't Be Home for Christmas,6.8,280,31,9.03225806451613
17,Moe Szyslak,561,26,9,I Won't Be Home for Christmas,6.8,289,25,11.56
11,Ned Flanders,561,26,9,I Won't Be Home for Christmas,6.8,114,8,14.25
3,Seymour Skinner,561,26,9,I Won't Be Home for Christmas,6.8,14,1,14.0
14,Waylon Smithers,561,26,9,I Won't Be Home for Christmas,6.8,2,1,2.0
33,Announcer,562,26,10,The Man Who Came to Be Dinner,6.8,24,3,8.0
8,Bart Simpson,562,26,10,The Man Who Came to Be Dinner,6.8,114,16,7.125
31,Grampa Simpson,562,26,10,The Man Who Came to Be Dinner,6.8,16,2,8.0
2,Homer Simpson,562,26,10,The Man Who Came to Be Dinner,6.8,491,65,7.553846153846154
9,Lisa Simpson,562,26,10,The Man Who Came to Be Dinner,6.8,274,36,7.611111111111111
1,Marge Simpson,562,26,10,The Man Who Came to Be Dinner,6.8,96,14,6.857142857142857
8,Bart Simpson,563,26,11,Bart's New Friend,7.3,307,36,8.527777777777779
15,C. Montgomery Burns,563,26,11,Bart's New Friend,7.3,7,1,7.0
170,Carl Carlson,563,26,11,Bart's New Friend,7.3,20,3,6.666666666666667
71,Chief Wiggum,563,26,11,Bart's New Friend,7.3,140,15,9.333333333333334
332,Dr. Julius Hibbert,563,26,11,Bart's New Friend,7.3,95,8,11.875
1078,Gary Chalmers,563,26,11,Bart's New Friend,7.3,21,3,7.0
31,Grampa Simpson,563,26,11,Bart's New Friend,7.3,18,3,6.0
2,Homer Simpson,563,26,11,Bart's New Friend,7.3,850,87,9.770114942528735
139,Krusty the Clown,563,26,11,Bart's New Friend,7.3,5,1,5.0
165,Lenny Leonard,563,26,11,Bart's New Friend,7.3,37,4,9.25
9,Lisa Simpson,563,26,11,Bart's New Friend,7.3,105,11,9.545454545454545
1,Marge Simpson,563,26,11,Bart's New Friend,7.3,233,27,8.62962962962963
25,Milhouse Van Houten,563,26,11,Bart's New Friend,7.3,21,4,5.25
101,Nelson Muntz,563,26,11,Bart's New Friend,7.3,7,1,7.0
3,Seymour Skinner,563,26,11,Bart's New Friend,7.3,35,3,11.666666666666666
14,Waylon Smithers,563,26,11,Bart's New Friend,7.3,12,2,6.0
8,Bart Simpson,564,26,12,The Musk Who Fell to Earth,5.8,39,8,4.875
15,C. Montgomery Burns,564,26,12,The Musk Who Fell to Earth,5.8,424,41,10.341463414634147
170,Carl Carlson,564,26,12,The Musk Who Fell to Earth,5.8,41,6,6.833333333333333
71,Chief Wiggum,564,26,12,The Musk Who Fell to Earth,5.8,12,2,6.0
31,Grampa Simpson,564,26,12,The Musk Who Fell to Earth,5.8,2,1,2.0
2,Homer Simpson,564,26,12,The Musk Who Fell to Earth,5.8,641,59,10.864406779661017
211,Kent Brockman,564,26,12,The Musk Who Fell to Earth,5.8,65,3,21.666666666666668
165,Lenny Leonard,564,26,12,The Musk Who Fell to Earth,5.8,24,2,12.0
9,Lisa Simpson,564,26,12,The Musk Who Fell to Earth,5.8,259,20,12.95
1,Marge Simpson,564,26,12,The Musk Who Fell to Earth,5.8,90,10,9.0
25,Milhouse Van Houten,564,26,12,The Musk Who Fell to Earth,5.8,5,1,5.0
14,Waylon Smithers,564,26,12,The Musk Who Fell to Earth,5.8,136,13,10.461538461538462
8,Bart Simpson,565,26,13,Walking Big & Tall,6.3,211,26,8.115384615384615
15,C. Montgomery Burns,565,26,13,Walking Big & Tall,6.3,4,2,2.0
170,Carl Carlson,565,26,13,Walking Big & Tall,6.3,5,1,5.0
71,Chief Wiggum,565,26,13,Walking Big & Tall,6.3,52,5,10.4
801,Comic Book Guy,565,26,13,Walking Big & Tall,6.3,69,9,7.666666666666667
332,Dr. Julius Hibbert,565,26,13,Walking Big & Tall,6.3,10,1,10.0
31,Grampa Simpson,565,26,13,Walking Big & Tall,6.3,9,2,4.5
404,Groundskeeper Willie,565,26,13,Walking Big & Tall,6.3,17,2,8.5
2,Homer Simpson,565,26,13,Walking Big & Tall,6.3,713,62,11.5
165,Lenny Leonard,565,26,13,Walking Big & Tall,6.3,12,3,4.0
9,Lisa Simpson,565,26,13,Walking Big & Tall,6.3,221,26,8.5
1,Marge Simpson,565,26,13,Walking Big & Tall,6.3,236,24,9.833333333333334
240,Mayor Joe Quimby,565,26,13,Walking Big & Tall,6.3,28,4,7.0
25,Milhouse Van Houten,565,26,13,Walking Big & Tall,6.3,64,8,8.0
17,Moe Szyslak,565,26,13,Walking Big & Tall,6.3,111,9,12.333333333333334
101,Nelson Muntz,565,26,13,Walking Big & Tall,6.3,5,1,5.0
15,C. Montgomery Burns,566,26,14,My Fare Lady,6.7,106,8,13.25
170,Carl Carlson,566,26,14,My Fare Lady,6.7,88,7,12.571428571428571
71,Chief Wiggum,566,26,14,My Fare Lady,6.7,4,1,4.0
332,Dr. Julius Hibbert,566,26,14,My Fare Lady,6.7,1,1,1.0
31,Grampa Simpson,566,26,14,My Fare Lady,6.7,35,3,11.666666666666666
404,Groundskeeper Willie,566,26,14,My Fare Lady,6.7,9,1,9.0
2,Homer Simpson,566,26,14,My Fare Lady,6.7,237,25,9.48
139,Krusty the Clown,566,26,14,My Fare Lady,6.7,3,1,3.0
165,Lenny Leonard,566,26,14,My Fare Lady,6.7,126,15,8.4
9,Lisa Simpson,566,26,14,My Fare Lady,6.7,10,1,10.0
1,Marge Simpson,566,26,14,My Fare Lady,6.7,228,24,9.5
25,Milhouse Van Houten,566,26,14,My Fare Lady,6.7,11,1,11.0
17,Moe Szyslak,566,26,14,My Fare Lady,6.7,657,51,12.882352941176471
101,Nelson Muntz,566,26,14,My Fare Lady,6.7,12,3,4.0
14,Waylon Smithers,566,26,14,My Fare Lady,6.7,26,2,13.0
208,Apu Nahasapeemapetilon,567,26,15,The Princess Guide,6.6,8,1,8.0
8,Bart Simpson,567,26,15,The Princess Guide,6.6,14,2,7.0
15,C. Montgomery Burns,567,26,15,The Princess Guide,6.6,345,28,12.321428571428571
170,Carl Carlson,567,26,15,The Princess Guide,6.6,30,3,10.0
71,Chief Wiggum,567,26,15,The Princess Guide,6.6,53,5,10.6
2,Homer Simpson,567,26,15,The Princess Guide,6.6,374,32,11.6875
165,Lenny Leonard,567,26,15,The Princess Guide,6.6,49,4,12.25
9,Lisa Simpson,567,26,15,The Princess Guide,6.6,49,6,8.166666666666666
1,Marge Simpson,567,26,15,The Princess Guide,6.6,32,3,10.666666666666666
17,Moe Szyslak,567,26,15,The Princess Guide,6.6,589,51,11.549019607843137
14,Waylon Smithers,567,26,15,The Princess Guide,6.6,136,15,9.066666666666666
208,Apu Nahasapeemapetilon,568,26,16,Sky Police,6.9,349,20,17.45
8,Bart Simpson,568,26,16,Sky Police,6.9,66,9,7.333333333333333
71,Chief Wiggum,568,26,16,Sky Police,6.9,79,10,7.9
2,Homer Simpson,568,26,16,Sky Police,6.9,310,27,11.481481481481481
9,Lisa Simpson,568,26,16,Sky Police,6.9,94,8,11.75
1,Marge Simpson,568,26,16,Sky Police,6.9,450,34,13.235294117647058
11,Ned Flanders,568,26,16,Sky Police,6.9,82,4,20.5
140,Rev. Timothy Lovejoy,568,26,16,Sky Police,6.9,109,8,13.625
